  10.00000000   25.63566566
  10.10000000   25.56779725
  10.20000000   25.50157357
  10.30000000   25.43693621
  10.40000000   25.37382940
  10.50000000   25.31219991
  10.60000000   25.25199686
  10.70000000   25.19317163
  10.80000000   25.13567770
  10.90000000   25.07947058
  11.00000000   25.02450766
  11.10000000   24.97074814
  11.20000000   24.91815295
  11.30000000   24.86668462
  11.40000000   24.81630721
  11.50000000   24.76698627
  11.60000000   24.71868872
  11.70000000   24.67138281
  11.80000000   24.62503804
  11.90000000   24.57962510
  12.00000000   24.53511585
  12.10000000   24.49148319
  12.20000000   24.44870108
  12.30000000   24.40674447
  12.40000000   24.36558923
  12.50000000   24.32521215
  12.60000000   24.28559085
  12.70000000   24.24670380
  12.80000000   24.20853022
  12.90000000   24.17105010
  13.00000000   24.13424414
  13.10000000   24.09809371
  13.20000000   24.06258086
  13.30000000   24.02768824
  13.40000000   23.99339911
  13.50000000   23.95969732
  13.60000000   23.92656724
  13.70000000   23.89399381
  13.80000000   23.86196243
  13.90000000   23.83045902
  14.00000000   23.79946996
  14.10000000   23.76898207
  14.20000000   23.73898261
  14.30000000   23.70945924
  14.40000000   23.68040003
  14.50000000   23.65179343
  14.60000000   23.62362826
  14.70000000   23.59589368
  14.80000000   23.56857919
  14.90000000   23.54167465
  15.00000000   23.51517020
  15.10000000   23.48905628
  15.20000000   23.46332366
  15.30000000   23.43796336
  15.40000000   23.41296667
  15.50000000   23.38832516
  15.60000000   23.36403064
  15.70000000   23.34007517
  15.80000000   23.31645103
  15.90000000   23.29315075
  16.00000000   23.27016705
  16.10000000   23.24749290
  16.20000000   23.22512142
  16.30000000   23.20304598
  16.40000000   23.18126010
  16.50000000   23.15975751
  16.60000000   23.13853210
  16.70000000   23.11757794
  16.80000000   23.09688926
  16.90000000   23.07646046
  17.00000000   23.05628608
  17.10000000   23.03636083
  17.20000000   23.01667953
  17.30000000   22.99723719
  17.40000000   22.97802891
  17.50000000   22.95904995
  17.60000000   22.94029567
  17.70000000   22.92176159
  17.80000000   22.90344332
  17.90000000   22.88533659
  18.00000000   22.86743724
  18.10000000   22.84974125
  18.20000000   22.83224465
  18.30000000   22.81494361
  18.40000000   22.79783440
  18.50000000   22.78091336
  18.60000000   22.76417694
  18.70000000   22.74762168
  18.80000000   22.73124421
  18.90000000   22.71504123
  19.00000000   22.69900953
  19.10000000   22.68314598
  19.20000000   22.66744753
  19.30000000   22.65191120
  19.40000000   22.63653408
  19.50000000   22.62131335
  19.60000000   22.60624623
  19.70000000   22.59133002
  19.80000000   22.57656209
  19.90000000   22.56193986
  20.00000000   22.54746083
  20.10000000   22.53312253
  20.20000000   22.51892259
  20.30000000   22.50485864
  20.40000000   22.49092842
  20.50000000   22.47712969
  20.60000000   22.46346027
  20.70000000   22.44991802
  20.80000000   22.43650086
  20.90000000   22.42320676
  21.00000000   22.41003373
  21.10000000   22.39697983
  21.20000000   22.38404314
  21.30000000   22.37122181
  21.40000000   22.35851403
  21.50000000   22.34591802
  21.60000000   22.33343202
  21.70000000   22.32105435
  21.80000000   22.30878334
  21.90000000   22.29661736
  22.00000000   22.28455481
  22.10000000   22.27259413
  22.20000000   22.26073380
  22.30000000   22.24897232
  22.40000000   22.23730823
  22.50000000   22.22574009
  22.60000000   22.21426651
  22.70000000   22.20288610
  22.80000000   22.19159752
  22.90000000   22.18039945
  23.00000000   22.16929060
  23.10000000   22.15826971
  23.20000000   22.14733553
  23.30000000   22.13648685
  23.40000000   22.12572248
  23.50000000   22.11504126
  23.60000000   22.10444203
  23.70000000   22.09392367
  23.80000000   22.08348509
  23.90000000   22.07312521
  24.00000000   22.06284297
  24.10000000   22.05263733
  24.20000000   22.04250728
  24.30000000   22.03245181
  24.40000000   22.02246996
  24.50000000   22.01256075
  24.60000000   22.00272325
  24.70000000   21.99295653
  24.80000000   21.98325969
  24.90000000   21.97363182
  25.00000000   21.96407207
  25.10000000   21.95457957
  25.20000000   21.94515347
  25.30000000   21.93579296
  25.40000000   21.92649721
  25.50000000   21.91726543
  25.60000000   21.90809684
  25.70000000   21.89899066
  25.80000000   21.88994615
  25.90000000   21.88096255
  26.00000000   21.87203914
  26.10000000   21.86317520
  26.20000000   21.85437002
  26.30000000   21.84562292
  26.40000000   21.83693321
  26.50000000   21.82830022
  26.60000000   21.81972330
  26.70000000   21.81120180
  26.80000000   21.80273508
  26.90000000   21.79432252
  27.00000000   21.78596350
  27.10000000   21.77765742
  27.20000000   21.76940369
  27.30000000   21.76120172
  27.40000000   21.75305093
  27.50000000   21.74495076
  27.60000000   21.73690065
  27.70000000   21.72890006
  27.80000000   21.72094844
  27.90000000   21.71304527
  28.00000000   21.70519002
  28.10000000   21.69738218
  28.20000000   21.68962124
  28.30000000   21.68190672
  28.40000000   21.67423810
  28.50000000   21.66661493
  28.60000000   21.65903671
  28.70000000   21.65150298
  28.80000000   21.64401328
  28.90000000   21.63656716
  29.00000000   21.62916417
  29.10000000   21.62180387
  29.20000000   21.61448583
  29.30000000   21.60720962
  29.40000000   21.59997482
  29.50000000   21.59278101
  29.60000000   21.58562780
  29.70000000   21.57851476
  29.80000000   21.57144152
  29.90000000   21.56440767
  30.00000000   21.55741284
  30.10000000   21.55045663
  30.20000000   21.54353869
  30.30000000   21.53665864
  30.40000000   21.52981612
  30.50000000   21.52301076
  30.60000000   21.51624222
  30.70000000   21.50951014
  30.80000000   21.50281419
  30.90000000   21.49615403
  31.00000000   21.48952931
  31.10000000   21.48293971
  31.20000000   21.47638491
  31.30000000   21.46986459
  31.40000000   21.46337842
  31.50000000   21.45692610
  31.60000000   21.45050732
  31.70000000   21.44412178
  31.80000000   21.43776917
  31.90000000   21.43144919
  32.00000000   21.42516157
  32.10000000   21.41890601
  32.20000000   21.41268222
  32.30000000   21.40648993
  32.40000000   21.40032886
  32.50000000   21.39419873
  32.60000000   21.38809928
  32.70000000   21.38203024
  32.80000000   21.37599134
  32.90000000   21.36998233
  33.00000000   21.36400295
  33.10000000   21.35805295
  33.20000000   21.35213207
  33.30000000   21.34624008
  33.40000000   21.34037672
  33.50000000   21.33454176
  33.60000000   21.32873496
  33.70000000   21.32295609
  33.80000000   21.31720490
  33.90000000   21.31148118
  34.00000000   21.30578469
  34.10000000   21.30011522
  34.20000000   21.29447254
  34.30000000   21.28885644
  34.40000000   21.28326669
  34.50000000   21.27770309
  34.60000000   21.27216542
  34.70000000   21.26665349
  34.80000000   21.26116707
  34.90000000   21.25570597
  35.00000000   21.25026999
  35.10000000   21.24485893
  35.20000000   21.23947259
  35.30000000   21.23411078
  35.40000000   21.22877330
  35.50000000   21.22345998
  35.60000000   21.21817061
  35.70000000   21.21290502
  35.80000000   21.20766303
  35.90000000   21.20244444
  36.00000000   21.19724909
  36.10000000   21.19207679
  36.20000000   21.18692737
  36.30000000   21.18180066
  36.40000000   21.17669648
  36.50000000   21.17161468
  36.60000000   21.16655507
  36.70000000   21.16151749
  36.80000000   21.15650179
  36.90000000   21.15150779
  37.00000000   21.14653534
  37.10000000   21.14158428
  37.20000000   21.13665446
  37.30000000   21.13174571
  37.40000000   21.12685788
  37.50000000   21.12199083
  37.60000000   21.11714439
  37.70000000   21.11231844
  37.80000000   21.10751280
  37.90000000   21.10272735
  38.00000000   21.09796194
  38.10000000   21.09321642
  38.20000000   21.08849065
  38.30000000   21.08378450
  38.40000000   21.07909782
  38.50000000   21.07443048
  38.60000000   21.06978234
  38.70000000   21.06515327
  38.80000000   21.06054314
  38.90000000   21.05595182
  39.00000000   21.05137917
  39.10000000   21.04682507
  39.20000000   21.04228939
  39.30000000   21.03777200
  39.40000000   21.03327279
  39.50000000   21.02879161
  39.60000000   21.02432836
  39.70000000   21.01988292
  39.80000000   21.01545515
  39.90000000   21.01104495
  40.00000000   21.00665220
  40.10000000   21.00227677
  40.20000000   20.99791856
  40.30000000   20.99357745
  40.40000000   20.98925333
  40.50000000   20.98494608
  40.60000000   20.98065560
  40.70000000   20.97638177
  40.80000000   20.97212449
  40.90000000   20.96788364
  41.00000000   20.96365912
  41.10000000   20.95945084
  41.20000000   20.95525867
  41.30000000   20.95108252
  41.40000000   20.94692228
  41.50000000   20.94277785
  41.60000000   20.93864914
  41.70000000   20.93453604
  41.80000000   20.93043845
  41.90000000   20.92635627
  42.00000000   20.92228941
  42.10000000   20.91823777
  42.20000000   20.91420126
  42.30000000   20.91017978
  42.40000000   20.90617323
  42.50000000   20.90218153
  42.60000000   20.89820458
  42.70000000   20.89424230
  42.80000000   20.89029458
  42.90000000   20.88636135
  43.00000000   20.88244250
  43.10000000   20.87853796
  43.20000000   20.87464764
  43.30000000   20.87077145
  43.40000000   20.86690931
  43.50000000   20.86306112
  43.60000000   20.85922681
  43.70000000   20.85540629
  43.80000000   20.85159949
  43.90000000   20.84780631
  44.00000000   20.84402667
  44.10000000   20.84026051
  44.20000000   20.83650773
  44.30000000   20.83276825
  44.40000000   20.82904201
  44.50000000   20.82532891
  44.60000000   20.82162889
  44.70000000   20.81794187
  44.80000000   20.81426777
  44.90000000   20.81060651
  45.00000000   20.80695802
  45.10000000   20.80332224
  45.20000000   20.79969907
  45.30000000   20.79608846
  45.40000000   20.79249033
  45.50000000   20.78890460
  45.60000000   20.78533121
  45.70000000   20.78177009
  45.80000000   20.77822116
  45.90000000   20.77468436
  46.00000000   20.77115962
  46.10000000   20.76764687
  46.20000000   20.76414605
  46.30000000   20.76065708
  46.40000000   20.75717990
  46.50000000   20.75371444
  46.60000000   20.75026065
  46.70000000   20.74681845
  46.80000000   20.74338777
  46.90000000   20.73996857
  47.00000000   20.73656076
  47.10000000   20.73316430
  47.20000000   20.72977911
  47.30000000   20.72640514
  47.40000000   20.72304233
  47.50000000   20.71969060
  47.60000000   20.71634992
  47.70000000   20.71302020
  47.80000000   20.70970140
  47.90000000   20.70639346
  48.00000000   20.70309631
  48.10000000   20.69980990
  48.20000000   20.69653418
  48.30000000   20.69326908
  48.40000000   20.69001454
  48.50000000   20.68677052
  48.60000000   20.68353696
  48.70000000   20.68031379
  48.80000000   20.67710097
  48.90000000   20.67389844
  49.00000000   20.67070615
  49.10000000   20.66752405
  49.20000000   20.66435207
  49.30000000   20.66119017
  49.40000000   20.65803830
  49.50000000   20.65489639
  49.60000000   20.65176441
  49.70000000   20.64864230
  49.80000000   20.64553001
  49.90000000   20.64242749
  50.00000000   20.63933469
  50.10000000   20.63625155
  50.20000000   20.63317804
  50.30000000   20.63011409
  50.40000000   20.62705967
  50.50000000   20.62401472
  50.60000000   20.62097919
  50.70000000   20.61795305
  50.80000000   20.61493623
  50.90000000   20.61192870
  51.00000000   20.60893040
  51.10000000   20.60594130
  51.20000000   20.60296134
  51.30000000   20.59999048
  51.40000000   20.59702867
  51.50000000   20.59407587
  51.60000000   20.59113204
  51.70000000   20.58819713
  51.80000000   20.58527109
  51.90000000   20.58235389
  52.00000000   20.57944548
  52.10000000   20.57654581
  52.20000000   20.57365485
  52.30000000   20.57077255
  52.40000000   20.56789887
  52.50000000   20.56503377
  52.60000000   20.56217720
  52.70000000   20.55932913
  52.80000000   20.55648951
  52.90000000   20.55365831
  53.00000000   20.55083548
  53.10000000   20.54802098
  53.20000000   20.54521478
  53.30000000   20.54241683
  53.40000000   20.53962709
  53.50000000   20.53684553
  53.60000000   20.53407210
  53.70000000   20.53130678
  53.80000000   20.52854952
  53.90000000   20.52580027
  54.00000000   20.52305902
  54.10000000   20.52032571
  54.20000000   20.51760031
  54.30000000   20.51488278
  54.40000000   20.51217309
  54.50000000   20.50947120
  54.60000000   20.50677708
  54.70000000   20.50409068
  54.80000000   20.50141198
  54.90000000   20.49874094
  55.00000000   20.49607751
  55.10000000   20.49342168
  55.20000000   20.49077340
  55.30000000   20.48813263
  55.40000000   20.48549935
  55.50000000   20.48287352
  55.60000000   20.48025511
  55.70000000   20.47764408
  55.80000000   20.47504040
  55.90000000   20.47244404
  56.00000000   20.46985496
  56.10000000   20.46727313
  56.20000000   20.46469852
  56.30000000   20.46213109
  56.40000000   20.45957082
  56.50000000   20.45701768
  56.60000000   20.45447162
  56.70000000   20.45193262
  56.80000000   20.44940066
  56.90000000   20.44687569
  57.00000000   20.44435768
  57.10000000   20.44184662
  57.20000000   20.43934246
  57.30000000   20.43684517
  57.40000000   20.43435473
  57.50000000   20.43187111
  57.60000000   20.42939427
  57.70000000   20.42692419
  57.80000000   20.42446084
  57.90000000   20.42200418
  58.00000000   20.41955420
  58.10000000   20.41711086
  58.20000000   20.41467413
  58.30000000   20.41224399
  58.40000000   20.40982040
  58.50000000   20.40740334
  58.60000000   20.40499278
  58.70000000   20.40258870
  58.80000000   20.40019106
  58.90000000   20.39779984
  59.00000000   20.39541502
  59.10000000   20.39303656
  59.20000000   20.39066443
  59.30000000   20.38829862
  59.40000000   20.38593909
  59.50000000   20.38358583
  59.60000000   20.38123880
  59.70000000   20.37889797
  59.80000000   20.37656333
  59.90000000   20.37423484
  60.00000000   20.37191248
  60.10000000   20.36959623
  60.20000000   20.36728606
  60.30000000   20.36498195
  60.40000000   20.36268387
  60.50000000   20.36039179
  60.60000000   20.35810570
  60.70000000   20.35582556
  60.80000000   20.35355136
  60.90000000   20.35128307
  61.00000000   20.34902066
  61.10000000   20.34676412
  61.20000000   20.34451342
  61.30000000   20.34226853
  61.40000000   20.34002943
  61.50000000   20.33779610
  61.60000000   20.33556852
  61.70000000   20.33334667
  61.80000000   20.33113051
  61.90000000   20.32892003
  62.00000000   20.32671521
  62.10000000   20.32451603
  62.20000000   20.32232245
  62.30000000   20.32013447
  62.40000000   20.31795205
  62.50000000   20.31577518
  62.60000000   20.31360383
  62.70000000   20.31143799
  62.80000000   20.30927763
  62.90000000   20.30712273
  63.00000000   20.30497327
  63.10000000   20.30282923
  63.20000000   20.30069059
  63.30000000   20.29855733
  63.40000000   20.29642942
  63.50000000   20.29430685
  63.60000000   20.29218960
  63.70000000   20.29007764
  63.80000000   20.28797096
  63.90000000   20.28586954
  64.00000000   20.28377336
  64.10000000   20.28168239
  64.20000000   20.27959662
  64.30000000   20.27751602
  64.40000000   20.27544059
  64.50000000   20.27337030
  64.60000000   20.27130513
  64.70000000   20.26924506
  64.80000000   20.26719007
  64.90000000   20.26514015
  65.00000000   20.26309527
  65.10000000   20.26105542
  65.20000000   20.25902059
  65.30000000   20.25699074
  65.40000000   20.25496586
  65.50000000   20.25294594
  65.60000000   20.25093096
  65.70000000   20.24892090
  65.80000000   20.24691573
  65.90000000   20.24491545
  66.00000000   20.24292004
  66.10000000   20.24092948
  66.20000000   20.23894375
  66.30000000   20.23696283
  66.40000000   20.23498672
  66.50000000   20.23301538
  66.60000000   20.23104881
  66.70000000   20.22908698
  66.80000000   20.22712988
  66.90000000   20.22517750
  67.00000000   20.22322982
  67.10000000   20.22128682
  67.20000000   20.21934848
  67.30000000   20.21741479
  67.40000000   20.21548574
  67.50000000   20.21356130
  67.60000000   20.21164147
  67.70000000   20.20972622
  67.80000000   20.20781554
  67.90000000   20.20590941
  68.00000000   20.20400783
  68.10000000   20.20211076
  68.20000000   20.20021821
  68.30000000   20.19833015
  68.40000000   20.19644657
  68.50000000   20.19456745
  68.60000000   20.19269278
  68.70000000   20.19082254
  68.80000000   20.18895672
  68.90000000   20.18709531
  69.00000000   20.18523828
  69.10000000   20.18338564
  69.20000000   20.18153735
  69.30000000   20.17969341
  69.40000000   20.17785380
  69.50000000   20.17601852
  69.60000000   20.17418753
  69.70000000   20.17236084
  69.80000000   20.17053842
  69.90000000   20.16872027
  70.00000000   20.16690637
  70.10000000   20.16509671
  70.20000000   20.16329126
  70.30000000   20.16149003
  70.40000000   20.15969299
  70.50000000   20.15790014
  70.60000000   20.15611145
  70.70000000   20.15432693
  70.80000000   20.15254654
  70.90000000   20.15077029
  71.00000000   20.14899816
  71.10000000   20.14723013
  71.20000000   20.14546619
  71.30000000   20.14370634
  71.40000000   20.14195055
  71.50000000   20.14019882
  71.60000000   20.13845113
  71.70000000   20.13670747
  71.80000000   20.13496783
  71.90000000   20.13323220
  72.00000000   20.13150056
  72.10000000   20.12977290
  72.20000000   20.12804922
  72.30000000   20.12632949
  72.40000000   20.12461371
  72.50000000   20.12290187
  72.60000000   20.12119395
  72.70000000   20.11948995
  72.80000000   20.11778984
  72.90000000   20.11609363
  73.00000000   20.11440129
  73.10000000   20.11271282
  73.20000000   20.11102821
  73.30000000   20.10934744
  73.40000000   20.10767051
  73.50000000   20.10599740
  73.60000000   20.10432811
  73.70000000   20.10266261
  73.80000000   20.10100091
  73.90000000   20.09934299
  74.00000000   20.09768883
  74.10000000   20.09603844
  74.20000000   20.09439180
  74.30000000   20.09274889
  74.40000000   20.09110972
  74.50000000   20.08947426
  74.60000000   20.08784251
  74.70000000   20.08621446
  74.80000000   20.08459009
  74.90000000   20.08296941
  75.00000000   20.08135239
  75.10000000   20.07973903
  75.20000000   20.07812932
  75.30000000   20.07652325
  75.40000000   20.07492081
  75.50000000   20.07332198
  75.60000000   20.07172677
  75.70000000   20.07013516
  75.80000000   20.06854714
  75.90000000   20.06696270
  76.00000000   20.06538184
  76.10000000   20.06380453
  76.20000000   20.06223079
  76.30000000   20.06066059
  76.40000000   20.05909392
  76.50000000   20.05753079
  76.60000000   20.05597117
  76.70000000   20.05441506
  76.80000000   20.05286245
  76.90000000   20.05131334
  77.00000000   20.04976771
  77.10000000   20.04822555
  77.20000000   20.04668686
  77.30000000   20.04515163
  77.40000000   20.04361985
  77.50000000   20.04209151
  77.60000000   20.04056660
  77.70000000   20.03904512
  77.80000000   20.03752706
  77.90000000   20.03601240
  78.00000000   20.03450115
  78.10000000   20.03299329
  78.20000000   20.03148881
  78.30000000   20.02998771
  78.40000000   20.02848997
  78.50000000   20.02699560
  78.60000000   20.02550459
  78.70000000   20.02401691
  78.80000000   20.02253258
  78.90000000   20.02105158
  79.00000000   20.01957389
  79.10000000   20.01809953
  79.20000000   20.01662847
  79.30000000   20.01516072
  79.40000000   20.01369625
  79.50000000   20.01223508
  79.60000000   20.01077718
  79.70000000   20.00932255
  79.80000000   20.00787119
  79.90000000   20.00642309
  80.00000000   20.00497824
  80.10000000   20.00353663
  80.20000000   20.00209825
  80.30000000   20.00066311
  80.40000000   19.99923119
  80.50000000   19.99780249
  80.60000000   19.99637700
  80.70000000   19.99495471
  80.80000000   19.99353561
  80.90000000   19.99211971
  81.00000000   19.99070699
  81.10000000   19.98929745
  81.20000000   19.98789107
  81.30000000   19.98648786
  81.40000000   19.98508781
  81.50000000   19.98369091
  81.60000000   19.98229716
  81.70000000   19.98090654
  81.80000000   19.97951906
  81.90000000   19.97813471
  82.00000000   19.97675347
  82.10000000   19.97537535
  82.20000000   19.97400034
  82.30000000   19.97262844
  82.40000000   19.97125963
  82.50000000   19.96989391
  82.60000000   19.96853127
  82.70000000   19.96717172
  82.80000000   19.96581524
  82.90000000   19.96446183
  83.00000000   19.96311148
  83.10000000   19.96176419
  83.20000000   19.96041995
  83.30000000   19.95907876
  83.40000000   19.95774061
  83.50000000   19.95640549
  83.60000000   19.95507341
  83.70000000   19.95374435
  83.80000000   19.95241831
  83.90000000   19.95109528
  84.00000000   19.94977526
  84.10000000   19.94845825
  84.20000000   19.94714424
  84.30000000   19.94583321
  84.40000000   19.94452518
  84.50000000   19.94322014
  84.60000000   19.94191807
  84.70000000   19.94061897
  84.80000000   19.93932285
  84.90000000   19.93802969
  85.00000000   19.93673949
  85.10000000   19.93545224
  85.20000000   19.93416794
  85.30000000   19.93288659
  85.40000000   19.93160818
  85.50000000   19.93033271
  85.60000000   19.92906017
  85.70000000   19.92779055
  85.80000000   19.92652386
  85.90000000   19.92526009
  86.00000000   19.92399923
  86.10000000   19.92274128
  86.20000000   19.92148624
  86.30000000   19.92023409
  86.40000000   19.91898484
  86.50000000   19.91773849
  86.60000000   19.91649502
  86.70000000   19.91525444
  86.80000000   19.91401674
  86.90000000   19.91278191
  87.00000000   19.91154996
  87.10000000   19.91032087
  87.20000000   19.90909464
  87.30000000   19.90787128
  87.40000000   19.90665077
  87.50000000   19.90543312
  87.60000000   19.90421831
  87.70000000   19.90300635
  87.80000000   19.90179722
  87.90000000   19.90059094
  88.00000000   19.89938748
  88.10000000   19.89818686
  88.20000000   19.89698906
  88.30000000   19.89579409
  88.40000000   19.89460193
  88.50000000   19.89341259
  88.60000000   19.89222605
  88.70000000   19.89104233
  88.80000000   19.88986141
  88.90000000   19.88868329
  89.00000000   19.88750797
  89.10000000   19.88633545
  89.20000000   19.88516571
  89.30000000   19.88399877
  89.40000000   19.88283460
  89.50000000   19.88167322
  89.60000000   19.88051462
  89.70000000   19.87935879
  89.80000000   19.87820573
  89.90000000   19.87705544
  90.00000000   19.87590791
  90.10000000   19.87476315
  90.20000000   19.87362115
  90.30000000   19.87248190
  90.40000000   19.87134541
  90.50000000   19.87021166
  90.60000000   19.86908066
  90.70000000   19.86795241
  90.80000000   19.86682690
  90.90000000   19.86570412
  91.00000000   19.86458409
  91.10000000   19.86346678
  91.20000000   19.86235221
  91.30000000   19.86124036
  91.40000000   19.86013123
  91.50000000   19.85902483
  91.60000000   19.85792115
  91.70000000   19.85682018
  91.80000000   19.85572193
  91.90000000   19.85462639
  92.00000000   19.85353356
  92.10000000   19.85244343
  92.20000000   19.85135601
  92.30000000   19.85027129
  92.40000000   19.84918927
  92.50000000   19.84810994
  92.60000000   19.84703331
  92.70000000   19.84595937
  92.80000000   19.84488812
  92.90000000   19.84381955
  93.00000000   19.84275367
  93.10000000   19.84169047
  93.20000000   19.84062995
  93.30000000   19.83957211
  93.40000000   19.83851694
  93.50000000   19.83746445
  93.60000000   19.83641463
  93.70000000   19.83536747
  93.80000000   19.83432298
  93.90000000   19.83328116
  94.00000000   19.83224200
  94.10000000   19.83120550
  94.20000000   19.83017165
  94.30000000   19.82914047
  94.40000000   19.82811193
  94.50000000   19.82708605
  94.60000000   19.82606282
  94.70000000   19.82504224
  94.80000000   19.82402430
  94.90000000   19.82300901
  95.00000000   19.82199636
  95.10000000   19.82098635
  95.20000000   19.81997898
  95.30000000   19.81897424
  95.40000000   19.81797214
  95.50000000   19.81697268
  95.60000000   19.81597584
  95.70000000   19.81498164
  95.80000000   19.81399006
  95.90000000   19.81300111
  96.00000000   19.81201478
  96.10000000   19.81103108
  96.20000000   19.81004999
  96.30000000   19.80907153
  96.40000000   19.80809568
  96.50000000   19.80712245
  96.60000000   19.80615184
  96.70000000   19.80518383
  96.80000000   19.80421844
  96.90000000   19.80325566
  97.00000000   19.80229549
  97.10000000   19.80133793
  97.20000000   19.80038297
  97.30000000   19.79943061
  97.40000000   19.79848086
  97.50000000   19.79753370
  97.60000000   19.79658915
  97.70000000   19.79564720
  97.80000000   19.79470784
  97.90000000   19.79377108
  98.00000000   19.79283691
  98.10000000   19.79190533
  98.20000000   19.79097635
  98.30000000   19.79004995
  98.40000000   19.78912615
  98.50000000   19.78820493
  98.60000000   19.78728630
  98.70000000   19.78637025
  98.80000000   19.78545679
  98.90000000   19.78454591
  99.00000000   19.78363761
  99.10000000   19.78273189
  99.20000000   19.78182875
  99.30000000   19.78092819
  99.40000000   19.78003020
  99.50000000   19.77913480
  99.60000000   19.77824196
  99.70000000   19.77735170
  99.80000000   19.77646401
  99.90000000   19.77557889
 100.00000000   19.77469634
 100.10000000   19.77381636
 100.20000000   19.77293895
 100.30000000   19.77206411
 100.40000000   19.77119183
 100.50000000   19.77032211
 100.60000000   19.76945496
 100.70000000   19.76859038
 100.80000000   19.76772835
 100.90000000   19.76686889
 101.00000000   19.76601198
 101.10000000   19.76515764
 101.20000000   19.76430585
 101.30000000   19.76345662
 101.40000000   19.76260995
 101.50000000   19.76176583
 101.60000000   19.76092427
 101.70000000   19.76008526
 101.80000000   19.75924881
 101.90000000   19.75841490
 102.00000000   19.75758355
 102.10000000   19.75675475
 102.20000000   19.75592849
 102.30000000   19.75510479
 102.40000000   19.75428364
 102.50000000   19.75346503
 102.60000000   19.75264897
 102.70000000   19.75183545
 102.80000000   19.75102448
 102.90000000   19.75021605
 103.00000000   19.74941017
 103.10000000   19.74860683
 103.20000000   19.74780603
 103.30000000   19.74700777
 103.40000000   19.74621206
 103.50000000   19.74541888
 103.60000000   19.74462824
 103.70000000   19.74384015
 103.80000000   19.74305459
 103.90000000   19.74227156
 104.00000000   19.74149108
 104.10000000   19.74071313
 104.20000000   19.73993771
 104.30000000   19.73916484
 104.40000000   19.73839449
 104.50000000   19.73762668
 104.60000000   19.73686140
 104.70000000   19.73609866
 104.80000000   19.73533844
 104.90000000   19.73458076
 105.00000000   19.73382561
 105.10000000   19.73307299
 105.20000000   19.73232290
 105.30000000   19.73157533
 105.40000000   19.73083030
 105.50000000   19.73008780
 105.60000000   19.72934782
 105.70000000   19.72861037
 105.80000000   19.72787544
 105.90000000   19.72714305
 106.00000000   19.72641317
 106.10000000   19.72568583
 106.20000000   19.72496100
 106.30000000   19.72423871
 106.40000000   19.72351893
 106.50000000   19.72280168
 106.60000000   19.72208695
 106.70000000   19.72137475
 106.80000000   19.72066506
 106.90000000   19.71995790
 107.00000000   19.71925326
 107.10000000   19.71855114
 107.20000000   19.71785154
 107.30000000   19.71715446
 107.40000000   19.71645990
 107.50000000   19.71576786
 107.60000000   19.71507833
 107.70000000   19.71439133
 107.80000000   19.71370684
 107.90000000   19.71302487
 108.00000000   19.71234542
 108.10000000   19.71166848
 108.20000000   19.71099407
 108.30000000   19.71032216
 108.40000000   19.70965277
 108.50000000   19.70898590
 108.60000000   19.70832154
 108.70000000   19.70765970
 108.80000000   19.70700037
 108.90000000   19.70634356
 109.00000000   19.70568926
 109.10000000   19.70503747
 109.20000000   19.70438819
 109.30000000   19.70374143
 109.40000000   19.70309718
 109.50000000   19.70245544
 109.60000000   19.70181622
 109.70000000   19.70117950
 109.80000000   19.70054530
 109.90000000   19.69991360
 110.00000000   19.69928442
 110.10000000   19.69865775
 110.20000000   19.69803358
 110.30000000   19.69741193
 110.40000000   19.69679279
 110.50000000   19.69617615
 110.60000000   19.69556202
 110.70000000   19.69495041
 110.80000000   19.69434130
 110.90000000   19.69373469
 111.00000000   19.69313060
 111.10000000   19.69252901
 111.20000000   19.69192993
 111.30000000   19.69133336
 111.40000000   19.69073929
 111.50000000   19.69014773
 111.60000000   19.68955867
 111.70000000   19.68897212
 111.80000000   19.68838808
 111.90000000   19.68780654
 112.00000000   19.68722750
 112.10000000   19.68665097
 112.20000000   19.68607695
 112.30000000   19.68550543
 112.40000000   19.68493641
 112.50000000   19.68436990
 112.60000000   19.68380589
 112.70000000   19.68324438
 112.80000000   19.68268538
 112.90000000   19.68212887
 113.00000000   19.68157488
 113.10000000   19.68102338
 113.20000000   19.68047438
 113.30000000   19.67992789
 113.40000000   19.67938390
 113.50000000   19.67884241
 113.60000000   19.67830342
 113.70000000   19.67776693
 113.80000000   19.67723294
 113.90000000   19.67670145
 114.00000000   19.67617246
 114.10000000   19.67564597
 114.20000000   19.67512198
 114.30000000   19.67460049
 114.40000000   19.67408150
 114.50000000   19.67356501
 114.60000000   19.67305102
 114.70000000   19.67253952
 114.80000000   19.67203053
 114.90000000   19.67152403
 115.00000000   19.67102002
 115.10000000   19.67051852
 115.20000000   19.67001951
 115.30000000   19.66952300
 115.40000000   19.66902899
 115.50000000   19.66853747
 115.60000000   19.66804845
 115.70000000   19.66756192
 115.80000000   19.66707789
 115.90000000   19.66659636
 116.00000000   19.66611732
 116.10000000   19.66564077
 116.20000000   19.66516672
 116.30000000   19.66469517
 116.40000000   19.66422611
 116.50000000   19.66375954
 116.60000000   19.66329547
 116.70000000   19.66283389
 116.80000000   19.66237480
 116.90000000   19.66191820
 117.00000000   19.66146410
 117.10000000   19.66101249
 117.20000000   19.66056338
 117.30000000   19.66011675
 117.40000000   19.65967262
 117.50000000   19.65923097
 117.60000000   19.65879182
 117.70000000   19.65835516
 117.80000000   19.65792099
 117.90000000   19.65748931
 118.00000000   19.65706012
 118.10000000   19.65663342
 118.20000000   19.65620921
 118.30000000   19.65578749
 118.40000000   19.65536825
 118.50000000   19.65495151
 118.60000000   19.65453725
 118.70000000   19.65412548
 118.80000000   19.65371620
 118.90000000   19.65330941
 119.00000000   19.65290510
 119.10000000   19.65250328
 119.20000000   19.65210395
 119.30000000   19.65170710
 119.40000000   19.65131274
 119.50000000   19.65092086
 119.60000000   19.65053147
 119.70000000   19.65014457
 119.80000000   19.64976015
 119.90000000   19.64937821
 120.00000000   19.64899876
 120.10000000   19.64862179
 120.20000000   19.64824730
 120.30000000   19.64787530
 120.40000000   19.64750578
 120.50000000   19.64713874
 120.60000000   19.64677419
 120.70000000   19.64641211
 120.80000000   19.64605252
 120.90000000   19.64569541
 121.00000000   19.64534077
 121.10000000   19.64498862
 121.20000000   19.64463895
 121.30000000   19.64429176
 121.40000000   19.64394705
 121.50000000   19.64360481
 121.60000000   19.64326506
 121.70000000   19.64292778
 121.80000000   19.64259298
 121.90000000   19.64226066
 122.00000000   19.64193081
 122.10000000   19.64160344
 122.20000000   19.64127855
 122.30000000   19.64095613
 122.40000000   19.64063619
 122.50000000   19.64031872
 122.60000000   19.64000373
 122.70000000   19.63969121
 122.80000000   19.63938116
 122.90000000   19.63907359
 123.00000000   19.63876849
 123.10000000   19.63846586
 123.20000000   19.63816571
 123.30000000   19.63786803
 123.40000000   19.63757281
 123.50000000   19.63728007
 123.60000000   19.63698980
 123.70000000   19.63670200
 123.80000000   19.63641667
 123.90000000   19.63613380
 124.00000000   19.63585341
 124.10000000   19.63557548
 124.20000000   19.63530002
 124.30000000   19.63502703
 124.40000000   19.63475650
 124.50000000   19.63448844
 124.60000000   19.63422285
 124.70000000   19.63395972
 124.80000000   19.63369906
 124.90000000   19.63344086
 125.00000000   19.63318512
 125.10000000   19.63293185
 125.20000000   19.63268103
 125.30000000   19.63243268
 125.40000000   19.63218680
 125.50000000   19.63194337
 125.60000000   19.63170240
 125.70000000   19.63146390
 125.80000000   19.63122785
 125.90000000   19.63099426
 126.00000000   19.63076313
 126.10000000   19.63053446
 126.20000000   19.63030825
 126.30000000   19.63008449
 126.40000000   19.62986319
 126.50000000   19.62964434
 126.60000000   19.62942795
 126.70000000   19.62921401
 126.80000000   19.62900253
 126.90000000   19.62879350
 127.00000000   19.62858692
 127.10000000   19.62838280
 127.20000000   19.62818113
 127.30000000   19.62798190
 127.40000000   19.62778513
 127.50000000   19.62759081
 127.60000000   19.62739893
 127.70000000   19.62720951
 127.80000000   19.62702253
 127.90000000   19.62683800
 128.00000000   19.62665591
 128.10000000   19.62647627
 128.20000000   19.62629908
 128.30000000   19.62612433
 128.40000000   19.62595203
 128.50000000   19.62578217
 128.60000000   19.62561475
 128.70000000   19.62544977
 128.80000000   19.62528723
 128.90000000   19.62512714
 129.00000000   19.62496948
 129.10000000   19.62481426
 129.20000000   19.62466149
 129.30000000   19.62451114
 129.40000000   19.62436324
 129.50000000   19.62421777
 129.60000000   19.62407474
 129.70000000   19.62393414
 129.80000000   19.62379598
 129.90000000   19.62366025
 130.00000000   19.62352695
 130.10000000   19.62339609
 130.20000000   19.62326766
 130.30000000   19.62314165
 130.40000000   19.62301808
 130.50000000   19.62289693
 130.60000000   19.62277822
 130.70000000   19.62266193
 130.80000000   19.62254806
 130.90000000   19.62243663
 131.00000000   19.62232761
 131.10000000   19.62222102
 131.20000000   19.62211686
 131.30000000   19.62201512
 131.40000000   19.62191580
 131.50000000   19.62181890
 131.60000000   19.62172442
 131.70000000   19.62163236
 131.80000000   19.62154272
 131.90000000   19.62145549
 132.00000000   19.62137068
 132.10000000   19.62128829
 132.20000000   19.62120832
 132.30000000   19.62113075
 132.40000000   19.62105560
 132.50000000   19.62098287
 132.60000000   19.62091254
 132.70000000   19.62084463
 132.80000000   19.62077912
 132.90000000   19.62071603
 133.00000000   19.62065534
 133.10000000   19.62059706
 133.20000000   19.62054119
 133.30000000   19.62048772
 133.40000000   19.62043665
 133.50000000   19.62038799
 133.60000000   19.62034174
 133.70000000   19.62029788
 133.80000000   19.62025642
 133.90000000   19.62021737
 134.00000000   19.62018071
 134.10000000   19.62014645
 134.20000000   19.62011459
 134.30000000   19.62008512
 134.40000000   19.62005805
 134.50000000   19.62003337
 134.60000000   19.62001108
 134.70000000   19.61999119
 134.80000000   19.61997369
 134.90000000   19.61995857
 135.00000000   19.61994585
 135.10000000   19.61993552
 135.20000000   19.61992757
 135.30000000   19.61992200
 135.40000000   19.61991883
 135.50000000   19.61991803
 135.60000000   19.61991962
 135.70000000   19.61992359
 135.80000000   19.61992994
 135.90000000   19.61993867
 136.00000000   19.61994978
 136.10000000   19.61996327
 136.20000000   19.61997913
 136.30000000   19.61999737
 136.40000000   19.62001799
 136.50000000   19.62004097
 136.60000000   19.62006633
 136.70000000   19.62009406
 136.80000000   19.62012416
 136.90000000   19.62015663
 137.00000000   19.62019147
 137.10000000   19.62022867
 137.20000000   19.62026824
 137.30000000   19.62031017
 137.40000000   19.62035446
 137.50000000   19.62040112
 137.60000000   19.62045014
 137.70000000   19.62050152
 137.80000000   19.62055526
 137.90000000   19.62061135
 138.00000000   19.62066980
 138.10000000   19.62073061
 138.20000000   19.62079377
 138.30000000   19.62085928
 138.40000000   19.62092714
 138.50000000   19.62099736
 138.60000000   19.62106992
 138.70000000   19.62114483
 138.80000000   19.62122209
 138.90000000   19.62130169
 139.00000000   19.62138364
 139.10000000   19.62146793
 139.20000000   19.62155456
 139.30000000   19.62164353
 139.40000000   19.62173485
 139.50000000   19.62182850
 139.60000000   19.62192448
 139.70000000   19.62202281
 139.80000000   19.62212346
 139.90000000   19.62222645
 140.00000000   19.62233178
 140.10000000   19.62243943
 140.20000000   19.62254941
 140.30000000   19.62266172
 140.40000000   19.62277635
 140.50000000   19.62289331
 140.60000000   19.62301260
 140.70000000   19.62313421
 140.80000000   19.62325814
 140.90000000   19.62338439
 141.00000000   19.62351295
 141.10000000   19.62364384
 141.20000000   19.62377704
 141.30000000   19.62391255
 141.40000000   19.62405038
 141.50000000   19.62419052
 141.60000000   19.62433298
 141.70000000   19.62447774
 141.80000000   19.62462480
 141.90000000   19.62477418
 142.00000000   19.62492586
 142.10000000   19.62507984
 142.20000000   19.62523613
 142.30000000   19.62539472
 142.40000000   19.62555560
 142.50000000   19.62571879
 142.60000000   19.62588427
 142.70000000   19.62605204
 142.80000000   19.62622211
 142.90000000   19.62639448
 143.00000000   19.62656913
 143.10000000   19.62674607
 143.20000000   19.62692530
 143.30000000   19.62710682
 143.40000000   19.62729062
 143.50000000   19.62747671
 143.60000000   19.62766508
 143.70000000   19.62785573
 143.80000000   19.62804866
 143.90000000   19.62824386
 144.00000000   19.62844135
 144.10000000   19.62864110
 144.20000000   19.62884313
 144.30000000   19.62904744
 144.40000000   19.62925401
 144.50000000   19.62946285
 144.60000000   19.62967396
 144.70000000   19.62988734
 144.80000000   19.63010298
 144.90000000   19.63032088
 145.00000000   19.63054104
 145.10000000   19.63076346
 145.20000000   19.63098814
 145.30000000   19.63121508
 145.40000000   19.63144427
 145.50000000   19.63167572
 145.60000000   19.63190942
 145.70000000   19.63214537
 145.80000000   19.63238356
 145.90000000   19.63262401
 146.00000000   19.63286669
 146.10000000   19.63311163
 146.20000000   19.63335880
 146.30000000   19.63360822
 146.40000000   19.63385987
 146.50000000   19.63411377
 146.60000000   19.63436990
 146.70000000   19.63462826
 146.80000000   19.63488886
 146.90000000   19.63515168
 147.00000000   19.63541674
 147.10000000   19.63568402
 147.20000000   19.63595353
 147.30000000   19.63622527
 147.40000000   19.63649922
 147.50000000   19.63677540
 147.60000000   19.63705380
 147.70000000   19.63733442
 147.80000000   19.63761725
 147.90000000   19.63790229
 148.00000000   19.63818955
 148.10000000   19.63847902
 148.20000000   19.63877070
 148.30000000   19.63906459
 148.40000000   19.63936068
 148.50000000   19.63965898
 148.60000000   19.63995948
 148.70000000   19.64026218
 148.80000000   19.64056708
 148.90000000   19.64087418
 149.00000000   19.64118347
 149.10000000   19.64149496
 149.20000000   19.64180864
 149.30000000   19.64212451
 149.40000000   19.64244257
 149.50000000   19.64276282
 149.60000000   19.64308525
 149.70000000   19.64340986
 149.80000000   19.64373666
 149.90000000   19.64406563
 150.00000000   19.64439679
 150.10000000   19.64473012
 150.20000000   19.64506562
 150.30000000   19.64540330
 150.40000000   19.64574315
 150.50000000   19.64608517
 150.60000000   19.64642936
 150.70000000   19.64677571
 150.80000000   19.64712422
 150.90000000   19.64747490
 151.00000000   19.64782774
 151.10000000   19.64818274
 151.20000000   19.64853989
 151.30000000   19.64889920
 151.40000000   19.64926066
 151.50000000   19.64962427
 151.60000000   19.64999003
 151.70000000   19.65035794
 151.80000000   19.65072799
 151.90000000   19.65110019
 152.00000000   19.65147453
 152.10000000   19.65185100
 152.20000000   19.65222962
 152.30000000   19.65261037
 152.40000000   19.65299326
 152.50000000   19.65337828
 152.60000000   19.65376543
 152.70000000   19.65415471
 152.80000000   19.65454612
 152.90000000   19.65493965
 153.00000000   19.65533530
 153.10000000   19.65573308
 153.20000000   19.65613297
 153.30000000   19.65653498
 153.40000000   19.65693911
 153.50000000   19.65734535
 153.60000000   19.65775370
 153.70000000   19.65816416
 153.80000000   19.65857673
 153.90000000   19.65899140
 154.00000000   19.65940818
 154.10000000   19.65982706
 154.20000000   19.66024804
 154.30000000   19.66067112
 154.40000000   19.66109629
 154.50000000   19.66152356
 154.60000000   19.66195292
 154.70000000   19.66238437
 154.80000000   19.66281791
 154.90000000   19.66325353
 155.00000000   19.66369124
 155.10000000   19.66413103
 155.20000000   19.66457290
 155.30000000   19.66501685
 155.40000000   19.66546288
 155.50000000   19.66591098
 155.60000000   19.66636115
 155.70000000   19.66681339
 155.80000000   19.66726770
 155.90000000   19.66772407
 156.00000000   19.66818251
 156.10000000   19.66864302
 156.20000000   19.66910558
 156.30000000   19.66957020
 156.40000000   19.67003688
 156.50000000   19.67050561
 156.60000000   19.67097639
 156.70000000   19.67144922
 156.80000000   19.67192410
 156.90000000   19.67240103
 157.00000000   19.67288000
 157.10000000   19.67336101
 157.20000000   19.67384406
 157.30000000   19.67432915
 157.40000000   19.67481627
 157.50000000   19.67530543
 157.60000000   19.67579662
 157.70000000   19.67628984
 157.80000000   19.67678509
 157.90000000   19.67728236
 158.00000000   19.67778165
 158.10000000   19.67828297
 158.20000000   19.67878630
 158.30000000   19.67929166
 158.40000000   19.67979902
 158.50000000   19.68030840
 158.60000000   19.68081979
 158.70000000   19.68133319
 158.80000000   19.68184859
 158.90000000   19.68236600
 159.00000000   19.68288541
 159.10000000   19.68340682
 159.20000000   19.68393023
 159.30000000   19.68445563
 159.40000000   19.68498303
 159.50000000   19.68551242
 159.60000000   19.68604380
 159.70000000   19.68657716
 159.80000000   19.68711251
 159.90000000   19.68764985
 160.00000000   19.68818916
 160.10000000   19.68873045
 160.20000000   19.68927372
 160.30000000   19.68981897
 160.40000000   19.69036618
 160.50000000   19.69091537
 160.60000000   19.69146652
 160.70000000   19.69201964
 160.80000000   19.69257472
 160.90000000   19.69313177
 161.00000000   19.69369077
 161.10000000   19.69425173
 161.20000000   19.69481464
 161.30000000   19.69537951
 161.40000000   19.69594633
 161.50000000   19.69651509
 161.60000000   19.69708581
 161.70000000   19.69765846
 161.80000000   19.69823306
 161.90000000   19.69880959
 162.00000000   19.69938807
 162.10000000   19.69996848
 162.20000000   19.70055082
 162.30000000   19.70113509
 162.40000000   19.70172129
 162.50000000   19.70230941
 162.60000000   19.70289946
 162.70000000   19.70349144
 162.80000000   19.70408533
 162.90000000   19.70468113
 163.00000000   19.70527886
 163.10000000   19.70587849
 163.20000000   19.70648004
 163.30000000   19.70708349
 163.40000000   19.70768885
 163.50000000   19.70829612
 163.60000000   19.70890528
 163.70000000   19.70951635
 163.80000000   19.71012931
 163.90000000   19.71074417
 164.00000000   19.71136092
 164.10000000   19.71197956
 164.20000000   19.71260008
 164.30000000   19.71322250
 164.40000000   19.71384679
 164.50000000   19.71447297
 164.60000000   19.71510103
 164.70000000   19.71573096
 164.80000000   19.71636277
 164.90000000   19.71699645
 165.00000000   19.71763200
 165.10000000   19.71826941
 165.20000000   19.71890870
 165.30000000   19.71954984
 165.40000000   19.72019285
 165.50000000   19.72083771
 165.60000000   19.72148443
 165.70000000   19.72213301
 165.80000000   19.72278343
 165.90000000   19.72343570
 166.00000000   19.72408983
 166.10000000   19.72474579
 166.20000000   19.72540360
 166.30000000   19.72606325
 166.40000000   19.72672473
 166.50000000   19.72738805
 166.60000000   19.72805321
 166.70000000   19.72872019
 166.80000000   19.72938900
 166.90000000   19.73005964
 167.00000000   19.73073210
 167.10000000   19.73140639
 167.20000000   19.73208249
 167.30000000   19.73276041
 167.40000000   19.73344014
 167.50000000   19.73412169
 167.60000000   19.73480505
 167.70000000   19.73549021
 167.80000000   19.73617718
 167.90000000   19.73686595
 168.00000000   19.73755652
 168.10000000   19.73824889
 168.20000000   19.73894305
 168.30000000   19.73963901
 168.40000000   19.74033676
 168.50000000   19.74103629
 168.60000000   19.74173762
 168.70000000   19.74244072
 168.80000000   19.74314561
 168.90000000   19.74385228
 169.00000000   19.74456072
 169.10000000   19.74527094
 169.20000000   19.74598293
 169.30000000   19.74669670
 169.40000000   19.74741222
 169.50000000   19.74812952
 169.60000000   19.74884857
 169.70000000   19.74956939
 169.80000000   19.75029196
 169.90000000   19.75101629
 170.00000000   19.75174237
 170.10000000   19.75247020
 170.20000000   19.75319979
 170.30000000   19.75393111
 170.40000000   19.75466418
 170.50000000   19.75539899
 170.60000000   19.75613554
 170.70000000   19.75687383
 170.80000000   19.75761385
 170.90000000   19.75835560
 171.00000000   19.75909909
 171.10000000   19.75984429
 171.20000000   19.76059123
 171.30000000   19.76133988
 171.40000000   19.76209025
 171.50000000   19.76284235
 171.60000000   19.76359615
 171.70000000   19.76435167
 171.80000000   19.76510890
 171.90000000   19.76586783
 172.00000000   19.76662848
 172.10000000   19.76739082
 172.20000000   19.76815486
 172.30000000   19.76892061
 172.40000000   19.76968804
 172.50000000   19.77045717
 172.60000000   19.77122800
 172.70000000   19.77200051
 172.80000000   19.77277470
 172.90000000   19.77355058
 173.00000000   19.77432814
 173.10000000   19.77510738
 173.20000000   19.77588829
 173.30000000   19.77667088
 173.40000000   19.77745514
 173.50000000   19.77824107
 173.60000000   19.77902866
 173.70000000   19.77981792
 173.80000000   19.78060884
 173.90000000   19.78140142
 174.00000000   19.78219566
 174.10000000   19.78299155
 174.20000000   19.78378909
 174.30000000   19.78458829
 174.40000000   19.78538912
 174.50000000   19.78619161
 174.60000000   19.78699573
 174.70000000   19.78780150
 174.80000000   19.78860890
 174.90000000   19.78941794
 175.00000000   19.79022861
 175.10000000   19.79104091
 175.20000000   19.79185484
 175.30000000   19.79267039
 175.40000000   19.79348756
 175.50000000   19.79430636
 175.60000000   19.79512677
 175.70000000   19.79594880
 175.80000000   19.79677244
 175.90000000   19.79759769
 176.00000000   19.79842455
 176.10000000   19.79925301
 176.20000000   19.80008308
 176.30000000   19.80091475
 176.40000000   19.80174801
 176.50000000   19.80258287
 176.60000000   19.80341933
 176.70000000   19.80425737
 176.80000000   19.80509700
 176.90000000   19.80593822
 177.00000000   19.80678103
 177.10000000   19.80762541
 177.20000000   19.80847137
 177.30000000   19.80931891
 177.40000000   19.81016802
 177.50000000   19.81101870
 177.60000000   19.81187095
 177.70000000   19.81272477
 177.80000000   19.81358015
 177.90000000   19.81443709
 178.00000000   19.81529559
 178.10000000   19.81615565
 178.20000000   19.81701726
 178.30000000   19.81788042
 178.40000000   19.81874513
 178.50000000   19.81961138
 178.60000000   19.82047918
 178.70000000   19.82134853
 178.80000000   19.82221941
 178.90000000   19.82309182
 179.00000000   19.82396577
 179.10000000   19.82484126
 179.20000000   19.82571827
 179.30000000   19.82659681
 179.40000000   19.82747687
 179.50000000   19.82835845
 179.60000000   19.82924156
 179.70000000   19.83012618
 179.80000000   19.83101231
 179.90000000   19.83189996
 180.00000000   19.83278911
 180.10000000   19.83367978
 180.20000000   19.83457194
 180.30000000   19.83546561
 180.40000000   19.83636078
 180.50000000   19.83725744
 180.60000000   19.83815560
 180.70000000   19.83905525
 180.80000000   19.83995639
 180.90000000   19.84085902
 181.00000000   19.84176313
 181.10000000   19.84266873
 181.20000000   19.84357580
 181.30000000   19.84448435
 181.40000000   19.84539438
 181.50000000   19.84630587
 181.60000000   19.84721884
 181.70000000   19.84813327
 181.80000000   19.84904917
 181.90000000   19.84996653
 182.00000000   19.85088536
 182.10000000   19.85180563
 182.20000000   19.85272737
 182.30000000   19.85365055
 182.40000000   19.85457519
 182.50000000   19.85550127
 182.60000000   19.85642880
 182.70000000   19.85735777
 182.80000000   19.85828818
 182.90000000   19.85922002
 183.00000000   19.86015330
 183.10000000   19.86108802
 183.20000000   19.86202416
 183.30000000   19.86296173
 183.40000000   19.86390073
 183.50000000   19.86484115
 183.60000000   19.86578299
 183.70000000   19.86672625
 183.80000000   19.86767092
 183.90000000   19.86861700
 184.00000000   19.86956450
 184.10000000   19.87051340
 184.20000000   19.87146371
 184.30000000   19.87241542
 184.40000000   19.87336853
 184.50000000   19.87432304
 184.60000000   19.87527894
 184.70000000   19.87623624
 184.80000000   19.87719493
 184.90000000   19.87815500
 185.00000000   19.87911646
 185.10000000   19.88007930
 185.20000000   19.88104353
 185.30000000   19.88200913
 185.40000000   19.88297610
 185.50000000   19.88394445
 185.60000000   19.88491417
 185.70000000   19.88588526
 185.80000000   19.88685771
 185.90000000   19.88783153
 186.00000000   19.88880671
 186.10000000   19.88978324
 186.20000000   19.89076114
 186.30000000   19.89174038
 186.40000000   19.89272097
 186.50000000   19.89370292
 186.60000000   19.89468621
 186.70000000   19.89567084
 186.80000000   19.89665681
 186.90000000   19.89764412
 187.00000000   19.89863277
 187.10000000   19.89962275
 187.20000000   19.90061406
 187.30000000   19.90160670
 187.40000000   19.90260067
 187.50000000   19.90359595
 187.60000000   19.90459257
 187.70000000   19.90559049
 187.80000000   19.90658974
 187.90000000   19.90759030
 188.00000000   19.90859217
 188.10000000   19.90959534
 188.20000000   19.91059983
 188.30000000   19.91160562
 188.40000000   19.91261271
 188.50000000   19.91362109
 188.60000000   19.91463078
 188.70000000   19.91564176
 188.80000000   19.91665403
 188.90000000   19.91766759
 189.00000000   19.91868243
 189.10000000   19.91969856
 189.20000000   19.92071597
 189.30000000   19.92173466
 189.40000000   19.92275463
 189.50000000   19.92377587
 189.60000000   19.92479838
 189.70000000   19.92582216
 189.80000000   19.92684721
 189.90000000   19.92787353
 190.00000000   19.92890110
 190.10000000   19.92992993
 190.20000000   19.93096003
 190.30000000   19.93199137
 190.40000000   19.93302397
 190.50000000   19.93405782
 190.60000000   19.93509291
 190.70000000   19.93612925
 190.80000000   19.93716683
 190.90000000   19.93820565
 191.00000000   19.93924571
 191.10000000   19.94028701
 191.20000000   19.94132953
 191.30000000   19.94237329
 191.40000000   19.94341827
 191.50000000   19.94446448
 191.60000000   19.94551191
 191.70000000   19.94656056
 191.80000000   19.94761043
 191.90000000   19.94866152
 192.00000000   19.94971381
 192.10000000   19.95076732
 192.20000000   19.95182204
 192.30000000   19.95287796
 192.40000000   19.95393509
 192.50000000   19.95499341
 192.60000000   19.95605293
 192.70000000   19.95711365
 192.80000000   19.95817557
 192.90000000   19.95923867
 193.00000000   19.96030296
 193.10000000   19.96136844
 193.20000000   19.96243510
 193.30000000   19.96350295
 193.40000000   19.96457197
 193.50000000   19.96564217
 193.60000000   19.96671354
 193.70000000   19.96778608
 193.80000000   19.96885980
 193.90000000   19.96993467
 194.00000000   19.97101072
 194.10000000   19.97208792
 194.20000000   19.97316629
 194.30000000   19.97424581
 194.40000000   19.97532649
 194.50000000   19.97640832
 194.60000000   19.97749129
 194.70000000   19.97857542
 194.80000000   19.97966069
 194.90000000   19.98074710
 195.00000000   19.98183465
 195.10000000   19.98292334
 195.20000000   19.98401317
 195.30000000   19.98510413
 195.40000000   19.98619622
 195.50000000   19.98728943
 195.60000000   19.98838378
 195.70000000   19.98947924
 195.80000000   19.99057583
 195.90000000   19.99167353
 196.00000000   19.99277235
 196.10000000   19.99387229
 196.20000000   19.99497333
 196.30000000   19.99607548
 196.40000000   19.99717874
 196.50000000   19.99828311
 196.60000000   19.99938857
 196.70000000   20.00049514
 196.80000000   20.00160280
 196.90000000   20.00271155
 197.00000000   20.00382140
 197.10000000   20.00493234
 197.20000000   20.00604436
 197.30000000   20.00715747
 197.40000000   20.00827166
 197.50000000   20.00938693
 197.60000000   20.01050328
 197.70000000   20.01162071
 197.80000000   20.01273920
 197.90000000   20.01385877
 198.00000000   20.01497941
 198.10000000   20.01610111
 198.20000000   20.01722387
 198.30000000   20.01834770
 198.40000000   20.01947258
 198.50000000   20.02059852
 198.60000000   20.02172552
 198.70000000   20.02285356
 198.80000000   20.02398266
 198.90000000   20.02511280
 199.00000000   20.02624398
 199.10000000   20.02737621
 199.20000000   20.02850948
 199.30000000   20.02964378
 199.40000000   20.03077912
 199.50000000   20.03191549
 199.60000000   20.03305290
 199.70000000   20.03419133
 199.80000000   20.03533078
 199.90000000   20.03647126
 200.00000000   20.03761276
 200.10000000   20.03875528
 200.20000000   20.03989881
 200.30000000   20.04104336
 200.40000000   20.04218891
 200.50000000   20.04333548
 200.60000000   20.04448305
 200.70000000   20.04563163
 200.80000000   20.04678121
 200.90000000   20.04793179
 201.00000000   20.04908337
 201.10000000   20.05023594
 201.20000000   20.05138951
 201.30000000   20.05254406
 201.40000000   20.05369960
 201.50000000   20.05485613
 201.60000000   20.05601364
 201.70000000   20.05717213
 201.80000000   20.05833160
 201.90000000   20.05949205
 202.00000000   20.06065347
 202.10000000   20.06181586
 202.20000000   20.06297923
 202.30000000   20.06414355
 202.40000000   20.06530885
 202.50000000   20.06647510
 202.60000000   20.06764232
 202.70000000   20.06881049
 202.80000000   20.06997962
 202.90000000   20.07114970
 203.00000000   20.07232073
 203.10000000   20.07349271
 203.20000000   20.07466564
 203.30000000   20.07583951
 203.40000000   20.07701432
 203.50000000   20.07819007
 203.60000000   20.07936676
 203.70000000   20.08054438
 203.80000000   20.08172294
 203.90000000   20.08290242
 204.00000000   20.08408283
 204.10000000   20.08526417
 204.20000000   20.08644643
 204.30000000   20.08762961
 204.40000000   20.08881371
 204.50000000   20.08999873
 204.60000000   20.09118466
 204.70000000   20.09237150
 204.80000000   20.09355925
 204.90000000   20.09474791
 205.00000000   20.09593748
 205.10000000   20.09712794
 205.20000000   20.09831931
 205.30000000   20.09951157
 205.40000000   20.10070473
 205.50000000   20.10189878
 205.60000000   20.10309373
 205.70000000   20.10428956
 205.80000000   20.10548628
 205.90000000   20.10668388
 206.00000000   20.10788237
 206.10000000   20.10908173
 206.20000000   20.11028198
 206.30000000   20.11148310
 206.40000000   20.11268509
 206.50000000   20.11388795
 206.60000000   20.11509168
 206.70000000   20.11629628
 206.80000000   20.11750174
 206.90000000   20.11870806
 207.00000000   20.11991524
 207.10000000   20.12112328
 207.20000000   20.12233218
 207.30000000   20.12354192
 207.40000000   20.12475252
 207.50000000   20.12596397
 207.60000000   20.12717626
 207.70000000   20.12838940
 207.80000000   20.12960337
 207.90000000   20.13081819
 208.00000000   20.13203384
 208.10000000   20.13325033
 208.20000000   20.13446765
 208.30000000   20.13568581
 208.40000000   20.13690479
 208.50000000   20.13812459
 208.60000000   20.13934522
 208.70000000   20.14056667
 208.80000000   20.14178894
 208.90000000   20.14301203
 209.00000000   20.14423594
 209.10000000   20.14546065
 209.20000000   20.14668618
 209.30000000   20.14791251
 209.40000000   20.14913965
 209.50000000   20.15036760
 209.60000000   20.15159634
 209.70000000   20.15282589
 209.80000000   20.15405623
 209.90000000   20.15528737
 210.00000000   20.15651930
 210.10000000   20.15775202
 210.20000000   20.15898553
 210.30000000   20.16021983
 210.40000000   20.16145491
 210.50000000   20.16269077
 210.60000000   20.16392741
 210.70000000   20.16516483
 210.80000000   20.16640302
 210.90000000   20.16764199
 211.00000000   20.16888173
 211.10000000   20.17012224
 211.20000000   20.17136351
 211.30000000   20.17260555
 211.40000000   20.17384835
 211.50000000   20.17509191
 211.60000000   20.17633623
 211.70000000   20.17758131
 211.80000000   20.17882714
 211.90000000   20.18007372
 212.00000000   20.18132105
 212.10000000   20.18256912
 212.20000000   20.18381795
 212.30000000   20.18506751
 212.40000000   20.18631782
 212.50000000   20.18756886
 212.60000000   20.18882064
 212.70000000   20.19007316
 212.80000000   20.19132640
 212.90000000   20.19258038
 213.00000000   20.19383509
 213.10000000   20.19509052
 213.20000000   20.19634667
 213.30000000   20.19760355
 213.40000000   20.19886114
 213.50000000   20.20011945
 213.60000000   20.20137848
 213.70000000   20.20263822
 213.80000000   20.20389867
 213.90000000   20.20515983
 214.00000000   20.20642170
 214.10000000   20.20768427
 214.20000000   20.20894754
 214.30000000   20.21021152
 214.40000000   20.21147619
 214.50000000   20.21274155
 214.60000000   20.21400762
 214.70000000   20.21527437
 214.80000000   20.21654181
 214.90000000   20.21780994
 215.00000000   20.21907876
 215.10000000   20.22034826
 215.20000000   20.22161844
 215.30000000   20.22288930
 215.40000000   20.22416083
 215.50000000   20.22543304
 215.60000000   20.22670593
 215.70000000   20.22797948
 215.80000000   20.22925371
 215.90000000   20.23052860
 216.00000000   20.23180415
 216.10000000   20.23308037
 216.20000000   20.23435725
 216.30000000   20.23563479
 216.40000000   20.23691298
 216.50000000   20.23819183
 216.60000000   20.23947133
 216.70000000   20.24075148
 216.80000000   20.24203227
 216.90000000   20.24331372
 217.00000000   20.24459580
 217.10000000   20.24587853
 217.20000000   20.24716190
 217.30000000   20.24844591
 217.40000000   20.24973055
 217.50000000   20.25101583
 217.60000000   20.25230173
 217.70000000   20.25358827
 217.80000000   20.25487543
 217.90000000   20.25616322
 218.00000000   20.25745164
 218.10000000   20.25874067
 218.20000000   20.26003032
 218.30000000   20.26132059
 218.40000000   20.26261148
 218.50000000   20.26390298
 218.60000000   20.26519509
 218.70000000   20.26648781
 218.80000000   20.26778114
 218.90000000   20.26907507
 219.00000000   20.27036960
 219.10000000   20.27166474
 219.20000000   20.27296047
 219.30000000   20.27425680
 219.40000000   20.27555373
 219.50000000   20.27685125
 219.60000000   20.27814936
 219.70000000   20.27944806
 219.80000000   20.28074735
 219.90000000   20.28204722
 220.00000000   20.28334767
 220.10000000   20.28464871
 220.20000000   20.28595032
 220.30000000   20.28725252
 220.40000000   20.28855528
 220.50000000   20.28985862
 220.60000000   20.29116253
 220.70000000   20.29246701
 220.80000000   20.29377206
 220.90000000   20.29507767
 221.00000000   20.29638385
 221.10000000   20.29769058
 221.20000000   20.29899788
 221.30000000   20.30030573
 221.40000000   20.30161414
 221.50000000   20.30292310
 221.60000000   20.30423261
 221.70000000   20.30554267
 221.80000000   20.30685328
 221.90000000   20.30816443
 222.00000000   20.30947613
 222.10000000   20.31078837
 222.20000000   20.31210115
 222.30000000   20.31341447
 222.40000000   20.31472832
 222.50000000   20.31604270
 222.60000000   20.31735762
 222.70000000   20.31867307
 222.80000000   20.31998904
 222.90000000   20.32130554
 223.00000000   20.32262256
 223.10000000   20.32394011
 223.20000000   20.32525818
 223.30000000   20.32657676
 223.40000000   20.32789586
 223.50000000   20.32921548
 223.60000000   20.33053560
 223.70000000   20.33185624
 223.80000000   20.33317739
 223.90000000   20.33449904
 224.00000000   20.33582120
 224.10000000   20.33714386
 224.20000000   20.33846702
 224.30000000   20.33979068
 224.40000000   20.34111484
 224.50000000   20.34243949
 224.60000000   20.34376464
 224.70000000   20.34509027
 224.80000000   20.34641640
 224.90000000   20.34774301
 225.00000000   20.34907011
 225.10000000   20.35039770
 225.20000000   20.35172576
 225.30000000   20.35305431
 225.40000000   20.35438333
 225.50000000   20.35571283
 225.60000000   20.35704280
 225.70000000   20.35837325
 225.80000000   20.35970416
 225.90000000   20.36103555
 226.00000000   20.36236740
 226.10000000   20.36369972
 226.20000000   20.36503250
 226.30000000   20.36636574
 226.40000000   20.36769944
 226.50000000   20.36903360
 226.60000000   20.37036821
 226.70000000   20.37170328
 226.80000000   20.37303880
 226.90000000   20.37437477
 227.00000000   20.37571119
 227.10000000   20.37704805
 227.20000000   20.37838536
 227.30000000   20.37972311
 227.40000000   20.38106130
 227.50000000   20.38239993
 227.60000000   20.38373900
 227.70000000   20.38507851
 227.80000000   20.38641844
 227.90000000   20.38775881
 228.00000000   20.38909961
 228.10000000   20.39044084
 228.20000000   20.39178249
 228.30000000   20.39312456
 228.40000000   20.39446706
 228.50000000   20.39580998
 228.60000000   20.39715332
 228.70000000   20.39849708
 228.80000000   20.39984125
 228.90000000   20.40118583
 229.00000000   20.40253083
 229.10000000   20.40387623
 229.20000000   20.40522205
 229.30000000   20.40656827
 229.40000000   20.40791489
 229.50000000   20.40926192
 229.60000000   20.41060935
 229.70000000   20.41195717
 229.80000000   20.41330540
 229.90000000   20.41465402
 230.00000000   20.41600303
 230.10000000   20.41735243
 230.20000000   20.41870223
 230.30000000   20.42005241
 230.40000000   20.42140298
 230.50000000   20.42275394
 230.60000000   20.42410527
 230.70000000   20.42545699
 230.80000000   20.42680909
 230.90000000   20.42816157
 231.00000000   20.42951442
 231.10000000   20.43086764
 231.20000000   20.43222124
 231.30000000   20.43357521
 231.40000000   20.43492955
 231.50000000   20.43628425
 231.60000000   20.43763932
 231.70000000   20.43899476
 231.80000000   20.44035055
 231.90000000   20.44170671
 232.00000000   20.44306322
 232.10000000   20.44442009
 232.20000000   20.44577732
 232.30000000   20.44713489
 232.40000000   20.44849282
 232.50000000   20.44985110
 232.60000000   20.45120973
 232.70000000   20.45256870
 232.80000000   20.45392802
 232.90000000   20.45528768
 233.00000000   20.45664768
 233.10000000   20.45800803
 233.20000000   20.45936870
 233.30000000   20.46072972
 233.40000000   20.46209107
 233.50000000   20.46345275
 233.60000000   20.46481476
 233.70000000   20.46617710
 233.80000000   20.46753977
 233.90000000   20.46890276
 234.00000000   20.47026608
 234.10000000   20.47162972
 234.20000000   20.47299368
 234.30000000   20.47435796
 234.40000000   20.47572256
 234.50000000   20.47708747
 234.60000000   20.47845270
 234.70000000   20.47981824
 234.80000000   20.48118408
 234.90000000   20.48255024
 235.00000000   20.48391671
 235.10000000   20.48528348
 235.20000000   20.48665055
 235.30000000   20.48801792
 235.40000000   20.48938560
 235.50000000   20.49075357
 235.60000000   20.49212185
 235.70000000   20.49349041
 235.80000000   20.49485927
 235.90000000   20.49622843
 236.00000000   20.49759787
 236.10000000   20.49896760
 236.20000000   20.50033762
 236.30000000   20.50170792
 236.40000000   20.50307851
 236.50000000   20.50444938
 236.60000000   20.50582053
 236.70000000   20.50719196
 236.80000000   20.50856367
 236.90000000   20.50993565
 237.00000000   20.51130791
 237.10000000   20.51268044
 237.20000000   20.51405323
 237.30000000   20.51542630
 237.40000000   20.51679964
 237.50000000   20.51817324
 237.60000000   20.51954711
 237.70000000   20.52092123
 237.80000000   20.52229562
 237.90000000   20.52367027
 238.00000000   20.52504518
 238.10000000   20.52642034
 238.20000000   20.52779576
 238.30000000   20.52917143
 238.40000000   20.53054735
 238.50000000   20.53192352
 238.60000000   20.53329994
 238.70000000   20.53467660
 238.80000000   20.53605351
 238.90000000   20.53743067
 239.00000000   20.53880806
 239.10000000   20.54018570
 239.20000000   20.54156357
 239.30000000   20.54294168
 239.40000000   20.54432003
 239.50000000   20.54569861
 239.60000000   20.54707742
 239.70000000   20.54845646
 239.80000000   20.54983573
 239.90000000   20.55121523
 240.00000000   20.55259496
 240.10000000   20.55397490
 240.20000000   20.55535508
 240.30000000   20.55673547
 240.40000000   20.55811608
 240.50000000   20.55949691
 240.60000000   20.56087796
 240.70000000   20.56225922
 240.80000000   20.56364070
 240.90000000   20.56502239
 241.00000000   20.56640429
 241.10000000   20.56778639
 241.20000000   20.56916871
 241.30000000   20.57055123
 241.40000000   20.57193395
 241.50000000   20.57331688
 241.60000000   20.57470001
 241.70000000   20.57608333
 241.80000000   20.57746686
 241.90000000   20.57885058
 242.00000000   20.58023450
 242.10000000   20.58161861
 242.20000000   20.58300291
 242.30000000   20.58438740
 242.40000000   20.58577208
 242.50000000   20.58715695
 242.60000000   20.58854200
 242.70000000   20.58992724
 242.80000000   20.59131267
 242.90000000   20.59269827
 243.00000000   20.59408405
 243.10000000   20.59547001
 243.20000000   20.59685615
 243.30000000   20.59824246
 243.40000000   20.59962895
 243.50000000   20.60101561
 243.60000000   20.60240244
 243.70000000   20.60378944
 243.80000000   20.60517661
 243.90000000   20.60656394
 244.00000000   20.60795144
 244.10000000   20.60933910
 244.20000000   20.61072692
 244.30000000   20.61211491
 244.40000000   20.61350305
 244.50000000   20.61489135
 244.60000000   20.61627981
 244.70000000   20.61766842
 244.80000000   20.61905718
 244.90000000   20.62044610
 245.00000000   20.62183516
 245.10000000   20.62322438
 245.20000000   20.62461374
 245.30000000   20.62600325
 245.40000000   20.62739290
 245.50000000   20.62878270
 245.60000000   20.63017263
 245.70000000   20.63156271
 245.80000000   20.63295292
 245.90000000   20.63434327
 246.00000000   20.63573376
 246.10000000   20.63712438
 246.20000000   20.63851514
 246.30000000   20.63990602
 246.40000000   20.64129704
 246.50000000   20.64268818
 246.60000000   20.64407945
 246.70000000   20.64547085
 246.80000000   20.64686237
 246.90000000   20.64825401
 247.00000000   20.64964578
 247.10000000   20.65103766
 247.20000000   20.65242967
 247.30000000   20.65382179
 247.40000000   20.65521402
 247.50000000   20.65660637
 247.60000000   20.65799884
 247.70000000   20.65939141
 247.80000000   20.66078410
 247.90000000   20.66217689
 248.00000000   20.66356979
 248.10000000   20.66496280
 248.20000000   20.66635591
 248.30000000   20.66774912
 248.40000000   20.66914244
 248.50000000   20.67053585
 248.60000000   20.67192937
 248.70000000   20.67332298
 248.80000000   20.67471669
 248.90000000   20.67611049
 249.00000000   20.67750439
 249.10000000   20.67889838
 249.20000000   20.68029245
 249.30000000   20.68168662
 249.40000000   20.68308088
 249.50000000   20.68447522
 249.60000000   20.68586965
 249.70000000   20.68726416
 249.80000000   20.68865875
 249.90000000   20.69005343
 250.00000000   20.69144818
 250.10000000   20.69284302
 250.20000000   20.69423793
 250.30000000   20.69563291
 250.40000000   20.69702797
 250.50000000   20.69842311
 250.60000000   20.69981831
 250.70000000   20.70121358
 250.80000000   20.70260893
 250.90000000   20.70400434
 251.00000000   20.70539982
 251.10000000   20.70679536
 251.20000000   20.70819096
 251.30000000   20.70958663
 251.40000000   20.71098236
 251.50000000   20.71237815
 251.60000000   20.71377400
 251.70000000   20.71516990
 251.80000000   20.71656586
 251.90000000   20.71796187
 252.00000000   20.71935794
 252.10000000   20.72075406
 252.20000000   20.72215022
 252.30000000   20.72354644
 252.40000000   20.72494271
 252.50000000   20.72633902
 252.60000000   20.72773537
 252.70000000   20.72913178
 252.80000000   20.73052822
 252.90000000   20.73192470
 253.00000000   20.73332123
 253.10000000   20.73471779
 253.20000000   20.73611439
 253.30000000   20.73751102
 253.40000000   20.73890769
 253.50000000   20.74030440
 253.60000000   20.74170114
 253.70000000   20.74309790
 253.80000000   20.74449470
 253.90000000   20.74589152
 254.00000000   20.74728838
 254.10000000   20.74868525
 254.20000000   20.75008216
 254.30000000   20.75147908
 254.40000000   20.75287603
 254.50000000   20.75427300
 254.60000000   20.75566999
 254.70000000   20.75706699
 254.80000000   20.75846401
 254.90000000   20.75986105
 255.00000000   20.76125811
 255.10000000   20.76265517
 255.20000000   20.76405225
 255.30000000   20.76544934
 255.40000000   20.76684644
 255.50000000   20.76824354
 255.60000000   20.76964066
 255.70000000   20.77103777
 255.80000000   20.77243490
 255.90000000   20.77383202
 256.00000000   20.77522915
 256.10000000   20.77662628
 256.20000000   20.77802341
 256.30000000   20.77942054
 256.40000000   20.78081766
 256.50000000   20.78221478
 256.60000000   20.78361189
 256.70000000   20.78500900
 256.80000000   20.78640610
 256.90000000   20.78780319
 257.00000000   20.78920027
 257.10000000   20.79059734
 257.20000000   20.79199440
 257.30000000   20.79339144
 257.40000000   20.79478847
 257.50000000   20.79618548
 257.60000000   20.79758247
 257.70000000   20.79897944
 257.80000000   20.80037640
 257.90000000   20.80177333
 258.00000000   20.80317024
 258.10000000   20.80456713
 258.20000000   20.80596399
 258.30000000   20.80736083
 258.40000000   20.80875764
 258.50000000   20.81015442
 258.60000000   20.81155117
 258.70000000   20.81294789
 258.80000000   20.81434458
 258.90000000   20.81574124
 259.00000000   20.81713786
 259.10000000   20.81853444
 259.20000000   20.81993099
 259.30000000   20.82132751
 259.40000000   20.82272398
 259.50000000   20.82412041
 259.60000000   20.82551681
 259.70000000   20.82691316
 259.80000000   20.82830946
 259.90000000   20.82970572
 260.00000000   20.83110194
 260.10000000   20.83249811
 260.20000000   20.83389423
 260.30000000   20.83529030
 260.40000000   20.83668632
 260.50000000   20.83808229
 260.60000000   20.83947820
 260.70000000   20.84087407
 260.80000000   20.84226987
 260.90000000   20.84366562
 261.00000000   20.84506132
 261.10000000   20.84645695
 261.20000000   20.84785253
 261.30000000   20.84924804
 261.40000000   20.85064349
 261.50000000   20.85203888
 261.60000000   20.85343421
 261.70000000   20.85482947
 261.80000000   20.85622466
 261.90000000   20.85761979
 262.00000000   20.85901485
 262.10000000   20.86040984
 262.20000000   20.86180475
 262.30000000   20.86319960
 262.40000000   20.86459437
 262.50000000   20.86598907
 262.60000000   20.86738369
 262.70000000   20.86877824
 262.80000000   20.87017271
 262.90000000   20.87156710
 263.00000000   20.87296141
 263.10000000   20.87435564
 263.20000000   20.87574979
 263.30000000   20.87714385
 263.40000000   20.87853783
 263.50000000   20.87993173
 263.60000000   20.88132554
 263.70000000   20.88271926
 263.80000000   20.88411289
 263.90000000   20.88550644
 264.00000000   20.88689989
 264.10000000   20.88829325
 264.20000000   20.88968652
 264.30000000   20.89107970
 264.40000000   20.89247278
 264.50000000   20.89386576
 264.60000000   20.89525865
 264.70000000   20.89665144
 264.80000000   20.89804413
 264.90000000   20.89943672
 265.00000000   20.90082921
 265.10000000   20.90222159
 265.20000000   20.90361387
 265.30000000   20.90500605
 265.40000000   20.90639812
 265.50000000   20.90779009
 265.60000000   20.90918195
 265.70000000   20.91057370
 265.80000000   20.91196534
 265.90000000   20.91335687
 266.00000000   20.91474828
 266.10000000   20.91613959
 266.20000000   20.91753078
 266.30000000   20.91892185
 266.40000000   20.92031281
 266.50000000   20.92170366
 266.60000000   20.92309438
 266.70000000   20.92448499
 266.80000000   20.92587547
 266.90000000   20.92726584
 267.00000000   20.92865608
 267.10000000   20.93004620
 267.20000000   20.93143619
 267.30000000   20.93282606
 267.40000000   20.93421580
 267.50000000   20.93560542
 267.60000000   20.93699490
 267.70000000   20.93838426
 267.80000000   20.93977349
 267.90000000   20.94116259
 268.00000000   20.94255155
 268.10000000   20.94394038
 268.20000000   20.94532908
 268.30000000   20.94671764
 268.40000000   20.94810606
 268.50000000   20.94949435
 268.60000000   20.95088250
 268.70000000   20.95227051
 268.80000000   20.95365838
 268.90000000   20.95504610
 269.00000000   20.95643369
 269.10000000   20.95782113
 269.20000000   20.95920843
 269.30000000   20.96059558
 269.40000000   20.96198259
 269.50000000   20.96336945
 269.60000000   20.96475616
 269.70000000   20.96614272
 269.80000000   20.96752913
 269.90000000   20.96891539
 270.00000000   20.97030150
 270.10000000   20.97168745
 270.20000000   20.97307325
 270.30000000   20.97445890
 270.40000000   20.97584439
 270.50000000   20.97722972
 270.60000000   20.97861490
 270.70000000   20.97999991
 270.80000000   20.98138477
 270.90000000   20.98276947
 271.00000000   20.98415400
 271.10000000   20.98553837
 271.20000000   20.98692258
 271.30000000   20.98830662
 271.40000000   20.98969050
 271.50000000   20.99107421
 271.60000000   20.99245775
 271.70000000   20.99384113
 271.80000000   20.99522433
 271.90000000   20.99660737
 272.00000000   20.99799023
 272.10000000   20.99937292
 272.20000000   21.00075544
 272.30000000   21.00213779
 272.40000000   21.00351996
 272.50000000   21.00490195
 272.60000000   21.00628377
 272.70000000   21.00766541
 272.80000000   21.00904687
 272.90000000   21.01042815
 273.00000000   21.01180925
 273.10000000   21.01319017
 273.20000000   21.01457091
 273.30000000   21.01595146
 273.40000000   21.01733183
 273.50000000   21.01871202
 273.60000000   21.02009202
 273.70000000   21.02147183
 273.80000000   21.02285145
 273.90000000   21.02423089
 274.00000000   21.02561014
 274.10000000   21.02698919
 274.20000000   21.02836805
 274.30000000   21.02974673
 274.40000000   21.03112521
 274.50000000   21.03250349
 274.60000000   21.03388158
 274.70000000   21.03525947
 274.80000000   21.03663717
 274.90000000   21.03801467
 275.00000000   21.03939197
 275.10000000   21.04076907
 275.20000000   21.04214597
 275.30000000   21.04352267
 275.40000000   21.04489917
 275.50000000   21.04627547
 275.60000000   21.04765156
 275.70000000   21.04902744
 275.80000000   21.05040312
 275.90000000   21.05177860
 276.00000000   21.05315387
 276.10000000   21.05452893
 276.20000000   21.05590378
 276.30000000   21.05727842
 276.40000000   21.05865285
 276.50000000   21.06002706
 276.60000000   21.06140107
 276.70000000   21.06277486
 276.80000000   21.06414844
 276.90000000   21.06552180
 277.00000000   21.06689495
 277.10000000   21.06826788
 277.20000000   21.06964059
 277.30000000   21.07101309
 277.40000000   21.07238536
 277.50000000   21.07375742
 277.60000000   21.07512925
 277.70000000   21.07650086
 277.80000000   21.07787225
 277.90000000   21.07924342
 278.00000000   21.08061436
 278.10000000   21.08198508
 278.20000000   21.08335557
 278.30000000   21.08472583
 278.40000000   21.08609587
 278.50000000   21.08746567
 278.60000000   21.08883525
 278.70000000   21.09020460
 278.80000000   21.09157372
 278.90000000   21.09294260
 279.00000000   21.09431126
 279.10000000   21.09567967
 279.20000000   21.09704786
 279.30000000   21.09841581
 279.40000000   21.09978352
 279.50000000   21.10115100
 279.60000000   21.10251824
 279.70000000   21.10388524
 279.80000000   21.10525201
 279.90000000   21.10661853
 280.00000000   21.10798481
 280.10000000   21.10935085
 280.20000000   21.11071665
 280.30000000   21.11208220
 280.40000000   21.11344752
 280.50000000   21.11481258
 280.60000000   21.11617740
 280.70000000   21.11754198
 280.80000000   21.11890631
 280.90000000   21.12027039
 281.00000000   21.12163422
 281.10000000   21.12299780
 281.20000000   21.12436113
 281.30000000   21.12572421
 281.40000000   21.12708704
 281.50000000   21.12844961
 281.60000000   21.12981194
 281.70000000   21.13117401
 281.80000000   21.13253582
 281.90000000   21.13389738
 282.00000000   21.13525868
 282.10000000   21.13661972
 282.20000000   21.13798051
 282.30000000   21.13934104
 282.40000000   21.14070130
 282.50000000   21.14206131
 282.60000000   21.14342106
 282.70000000   21.14478054
 282.80000000   21.14613977
 282.90000000   21.14749872
 283.00000000   21.14885742
 283.10000000   21.15021585
 283.20000000   21.15157401
 283.30000000   21.15293191
 283.40000000   21.15428954
 283.50000000   21.15564690
 283.60000000   21.15700400
 283.70000000   21.15836082
 283.80000000   21.15971738
 283.90000000   21.16107366
 284.00000000   21.16242967
 284.10000000   21.16378541
 284.20000000   21.16514088
 284.30000000   21.16649607
 284.40000000   21.16785099
 284.50000000   21.16920564
 284.60000000   21.17056000
 284.70000000   21.17191409
 284.80000000   21.17326791
 284.90000000   21.17462144
 285.00000000   21.17597470
 285.10000000   21.17732768
 285.20000000   21.17868037
 285.30000000   21.18003279
 285.40000000   21.18138492
 285.50000000   21.18273677
 285.60000000   21.18408834
 285.70000000   21.18543962
 285.80000000   21.18679062
 285.90000000   21.18814133
 286.00000000   21.18949176
 286.10000000   21.19084190
 286.20000000   21.19219175
 286.30000000   21.19354132
 286.40000000   21.19489059
 286.50000000   21.19623958
 286.60000000   21.19758827
 286.70000000   21.19893668
 286.80000000   21.20028479
 286.90000000   21.20163261
 287.00000000   21.20298014
 287.10000000   21.20432737
 287.20000000   21.20567431
 287.30000000   21.20702096
 287.40000000   21.20836730
 287.50000000   21.20971335
 287.60000000   21.21105911
 287.70000000   21.21240456
 287.80000000   21.21374972
 287.90000000   21.21509458
 288.00000000   21.21643914
 288.10000000   21.21778339
 288.20000000   21.21912735
 288.30000000   21.22047100
 288.40000000   21.22181435
 288.50000000   21.22315740
 288.60000000   21.22450015
 288.70000000   21.22584258
 288.80000000   21.22718472
 288.90000000   21.22852654
 289.00000000   21.22986806
 289.10000000   21.23120928
 289.20000000   21.23255018
 289.30000000   21.23389078
 289.40000000   21.23523106
 289.50000000   21.23657104
 289.60000000   21.23791071
 289.70000000   21.23925006
 289.80000000   21.24058910
 289.90000000   21.24192783
 290.00000000   21.24326625
 290.10000000   21.24460435
 290.20000000   21.24594214
 290.30000000   21.24727961
 290.40000000   21.24861677
 290.50000000   21.24995360
 290.60000000   21.25129013
 290.70000000   21.25262633
 290.80000000   21.25396222
 290.90000000   21.25529778
 291.00000000   21.25663303
 291.10000000   21.25796796
 291.20000000   21.25930256
 291.30000000   21.26063684
 291.40000000   21.26197080
 291.50000000   21.26330444
 291.60000000   21.26463776
 291.70000000   21.26597075
 291.80000000   21.26730341
 291.90000000   21.26863575
 292.00000000   21.26996776
 292.10000000   21.27129945
 292.20000000   21.27263081
 292.30000000   21.27396184
 292.40000000   21.27529254
 292.50000000   21.27662292
 292.60000000   21.27795296
 292.70000000   21.27928267
 292.80000000   21.28061205
 292.90000000   21.28194110
 293.00000000   21.28326982
 293.10000000   21.28459821
 293.20000000   21.28592626
 293.30000000   21.28725397
 293.40000000   21.28858136
 293.50000000   21.28990840
 293.60000000   21.29123511
 293.70000000   21.29256149
 293.80000000   21.29388752
 293.90000000   21.29521322
 294.00000000   21.29653858
 294.10000000   21.29786361
 294.20000000   21.29918829
 294.30000000   21.30051263
 294.40000000   21.30183663
 294.50000000   21.30316029
 294.60000000   21.30448361
 294.70000000   21.30580658
 294.80000000   21.30712922
 294.90000000   21.30845150
 295.00000000   21.30977345
 295.10000000   21.31109505
 295.20000000   21.31241630
 295.30000000   21.31373721
 295.40000000   21.31505777
 295.50000000   21.31637798
 295.60000000   21.31769785
 295.70000000   21.31901737
 295.80000000   21.32033654
 295.90000000   21.32165535
 296.00000000   21.32297382
 296.10000000   21.32429194
 296.20000000   21.32560971
 296.30000000   21.32692713
 296.40000000   21.32824419
 296.50000000   21.32956090
 296.60000000   21.33087725
 296.70000000   21.33219326
 296.80000000   21.33350891
 296.90000000   21.33482420
 297.00000000   21.33613914
 297.10000000   21.33745372
 297.20000000   21.33876794
 297.30000000   21.34008181
 297.40000000   21.34139532
 297.50000000   21.34270847
 297.60000000   21.34402126
 297.70000000   21.34533369
 297.80000000   21.34664576
 297.90000000   21.34795747
 298.00000000   21.34926882
 298.10000000   21.35057981
 298.20000000   21.35189043
 298.30000000   21.35320069
 298.40000000   21.35451059
 298.50000000   21.35582013
 298.60000000   21.35712930
 298.70000000   21.35843810
 298.80000000   21.35974654
 298.90000000   21.36105462
 299.00000000   21.36236232
 299.10000000   21.36366966
 299.20000000   21.36497663
 299.30000000   21.36628324
 299.40000000   21.36758947
 299.50000000   21.36889534
 299.60000000   21.37020083
 299.70000000   21.37150596
 299.80000000   21.37281071
 299.90000000   21.37411510
 300.00000000   21.37541911
 300.10000000   21.37672275
 300.20000000   21.37802601
 300.30000000   21.37932891
 300.40000000   21.38063142
 300.50000000   21.38193357
 300.60000000   21.38323534
 300.70000000   21.38453673
 300.80000000   21.38583775
 300.90000000   21.38713839
 301.00000000   21.38843865
 301.10000000   21.38973854
 301.20000000   21.39103805
 301.30000000   21.39233718
 301.40000000   21.39363593
 301.50000000   21.39493430
 301.60000000   21.39623229
 301.70000000   21.39752990
 301.80000000   21.39882713
 301.90000000   21.40012397
 302.00000000   21.40142044
 302.10000000   21.40271652
 302.20000000   21.40401222
 302.30000000   21.40530754
 302.40000000   21.40660247
 302.50000000   21.40789702
 302.60000000   21.40919118
 302.70000000   21.41048496
 302.80000000   21.41177835
 302.90000000   21.41307135
 303.00000000   21.41436397
 303.10000000   21.41565620
 303.20000000   21.41694804
 303.30000000   21.41823950
 303.40000000   21.41953056
 303.50000000   21.42082124
 303.60000000   21.42211152
 303.70000000   21.42340142
 303.80000000   21.42469092
 303.90000000   21.42598003
 304.00000000   21.42726876
 304.10000000   21.42855708
 304.20000000   21.42984502
 304.30000000   21.43113256
 304.40000000   21.43241971
 304.50000000   21.43370647
 304.60000000   21.43499283
 304.70000000   21.43627880
 304.80000000   21.43756437
 304.90000000   21.43884954
 305.00000000   21.44013432
 305.10000000   21.44141870
 305.20000000   21.44270268
 305.30000000   21.44398627
 305.40000000   21.44526946
 305.50000000   21.44655225
 305.60000000   21.44783463
 305.70000000   21.44911662
 305.80000000   21.45039822
 305.90000000   21.45167940
 306.00000000   21.45296019
 306.10000000   21.45424058
 306.20000000   21.45552057
 306.30000000   21.45680015
 306.40000000   21.45807933
 306.50000000   21.45935811
 306.60000000   21.46063648
 306.70000000   21.46191445
 306.80000000   21.46319201
 306.90000000   21.46446917
 307.00000000   21.46574593
 307.10000000   21.46702227
 307.20000000   21.46829822
 307.30000000   21.46957375
 307.40000000   21.47084888
 307.50000000   21.47212360
 307.60000000   21.47339791
 307.70000000   21.47467182
 307.80000000   21.47594531
 307.90000000   21.47721840
 308.00000000   21.47849108
 308.10000000   21.47976334
 308.20000000   21.48103520
 308.30000000   21.48230664
 308.40000000   21.48357768
 308.50000000   21.48484830
 308.60000000   21.48611851
 308.70000000   21.48738830
 308.80000000   21.48865769
 308.90000000   21.48992666
 309.00000000   21.49119521
 309.10000000   21.49246335
 309.20000000   21.49373108
 309.30000000   21.49499839
 309.40000000   21.49626529
 309.50000000   21.49753177
 309.60000000   21.49879783
 309.70000000   21.50006348
 309.80000000   21.50132871
 309.90000000   21.50259352
 310.00000000   21.50385791
 310.10000000   21.50512189
 310.20000000   21.50638544
 310.30000000   21.50764858
 310.40000000   21.50891130
 310.50000000   21.51017360
 310.60000000   21.51143547
 310.70000000   21.51269693
 310.80000000   21.51395796
 310.90000000   21.51521858
 311.00000000   21.51647877
 311.10000000   21.51773854
 311.20000000   21.51899788
 311.30000000   21.52025681
 311.40000000   21.52151531
 311.50000000   21.52277338
 311.60000000   21.52403103
 311.70000000   21.52528826
 311.80000000   21.52654506
 311.90000000   21.52780144
 312.00000000   21.52905738
 312.10000000   21.53031291
 312.20000000   21.53156800
 312.30000000   21.53282267
 312.40000000   21.53407692
 312.50000000   21.53533073
 312.60000000   21.53658412
 312.70000000   21.53783707
 312.80000000   21.53908960
 312.90000000   21.54034170
 313.00000000   21.54159337
 313.10000000   21.54284461
 313.20000000   21.54409542
 313.30000000   21.54534580
 313.40000000   21.54659574
 313.50000000   21.54784526
 313.60000000   21.54909434
 313.70000000   21.55034299
 313.80000000   21.55159121
 313.90000000   21.55283900
 314.00000000   21.55408635
 314.10000000   21.55533327
 314.20000000   21.55657975
 314.30000000   21.55782580
 314.40000000   21.55907142
 314.50000000   21.56031660
 314.60000000   21.56156134
 314.70000000   21.56280565
 314.80000000   21.56404952
 314.90000000   21.56529296
 315.00000000   21.56653596
 315.10000000   21.56777852
 315.20000000   21.56902064
 315.30000000   21.57026233
 315.40000000   21.57150357
 315.50000000   21.57274438
 315.60000000   21.57398475
 315.70000000   21.57522468
 315.80000000   21.57646417
 315.90000000   21.57770322
 316.00000000   21.57894183
 316.10000000   21.58018000
 316.20000000   21.58141773
 316.30000000   21.58265502
 316.40000000   21.58389186
 316.50000000   21.58512826
 316.60000000   21.58636422
 316.70000000   21.58759974
 316.80000000   21.58883481
 316.90000000   21.59006945
 317.00000000   21.59130363
 317.10000000   21.59253737
 317.20000000   21.59377067
 317.30000000   21.59500353
 317.40000000   21.59623593
 317.50000000   21.59746790
 317.60000000   21.59869941
 317.70000000   21.59993049
 317.80000000   21.60116111
 317.90000000   21.60239129
 318.00000000   21.60362102
 318.10000000   21.60485030
 318.20000000   21.60607914
 318.30000000   21.60730752
 318.40000000   21.60853546
 318.50000000   21.60976295
 318.60000000   21.61098999
 318.70000000   21.61221659
 318.80000000   21.61344273
 318.90000000   21.61466842
 319.00000000   21.61589366
 319.10000000   21.61711846
 319.20000000   21.61834280
 319.30000000   21.61956669
 319.40000000   21.62079012
 319.50000000   21.62201311
 319.60000000   21.62323564
 319.70000000   21.62445772
 319.80000000   21.62567935
 319.90000000   21.62690053
 320.00000000   21.62812125
 320.10000000   21.62934152
 320.20000000   21.63056133
 320.30000000   21.63178069
 320.40000000   21.63299960
 320.50000000   21.63421805
 320.60000000   21.63543605
 320.70000000   21.63665359
 320.80000000   21.63787067
 320.90000000   21.63908730
 321.00000000   21.64030347
 321.10000000   21.64151919
 321.20000000   21.64273445
 321.30000000   21.64394925
 321.40000000   21.64516359
 321.50000000   21.64637748
 321.60000000   21.64759090
 321.70000000   21.64880387
 321.80000000   21.65001638
 321.90000000   21.65122844
 322.00000000   21.65244003
 322.10000000   21.65365116
 322.20000000   21.65486183
 322.30000000   21.65607205
 322.40000000   21.65728180
 322.50000000   21.65849109
 322.60000000   21.65969992
 322.70000000   21.66090829
 322.80000000   21.66211620
 322.90000000   21.66332365
 323.00000000   21.66453063
 323.10000000   21.66573715
 323.20000000   21.66694321
 323.30000000   21.66814881
 323.40000000   21.66935394
 323.50000000   21.67055861
 323.60000000   21.67176282
 323.70000000   21.67296656
 323.80000000   21.67416983
 323.90000000   21.67537265
 324.00000000   21.67657500
 324.10000000   21.67777688
 324.20000000   21.67897830
 324.30000000   21.68017925
 324.40000000   21.68137974
 324.50000000   21.68257976
 324.60000000   21.68377931
 324.70000000   21.68497840
 324.80000000   21.68617702
 324.90000000   21.68737517
 325.00000000   21.68857285
 325.10000000   21.68977007
 325.20000000   21.69096682
 325.30000000   21.69216310
 325.40000000   21.69335892
 325.50000000   21.69455426
 325.60000000   21.69574914
 325.70000000   21.69694354
 325.80000000   21.69813748
 325.90000000   21.69933095
 326.00000000   21.70052394
 326.10000000   21.70171647
 326.20000000   21.70290853
 326.30000000   21.70410011
 326.40000000   21.70529123
 326.50000000   21.70648187
 326.60000000   21.70767204
 326.70000000   21.70886174
 326.80000000   21.71005097
 326.90000000   21.71123972
 327.00000000   21.71242801
 327.10000000   21.71361582
 327.20000000   21.71480316
 327.30000000   21.71599002
 327.40000000   21.71717641
 327.50000000   21.71836233
 327.60000000   21.71954777
 327.70000000   21.72073274
 327.80000000   21.72191723
 327.90000000   21.72310125
 328.00000000   21.72428480
 328.10000000   21.72546787
 328.20000000   21.72665046
 328.30000000   21.72783258
 328.40000000   21.72901423
 328.50000000   21.73019539
 328.60000000   21.73137609
 328.70000000   21.73255630
 328.80000000   21.73373604
 328.90000000   21.73491530
 329.00000000   21.73609408
 329.10000000   21.73727239
 329.20000000   21.73845022
 329.30000000   21.73962757
 329.40000000   21.74080444
 329.50000000   21.74198084
 329.60000000   21.74315675
 329.70000000   21.74433219
 329.80000000   21.74550715
 329.90000000   21.74668163
 330.00000000   21.74785563
 330.10000000   21.74902915
 330.20000000   21.75020219
 330.30000000   21.75137475
 330.40000000   21.75254683
 330.50000000   21.75371843
 330.60000000   21.75488955
 330.70000000   21.75606019
 330.80000000   21.75723035
 330.90000000   21.75840002
 331.00000000   21.75956922
 331.10000000   21.76073793
 331.20000000   21.76190616
 331.30000000   21.76307391
 331.40000000   21.76424117
 331.50000000   21.76540796
 331.60000000   21.76657426
 331.70000000   21.76774007
 331.80000000   21.76890541
 331.90000000   21.77007026
 332.00000000   21.77123463
 332.10000000   21.77239851
 332.20000000   21.77356191
 332.30000000   21.77472483
 332.40000000   21.77588726
 332.50000000   21.77704920
 332.60000000   21.77821067
 332.70000000   21.77937164
 332.80000000   21.78053213
 332.90000000   21.78169214
 333.00000000   21.78285166
 333.10000000   21.78401070
 333.20000000   21.78516924
 333.30000000   21.78632731
 333.40000000   21.78748488
 333.50000000   21.78864197
 333.60000000   21.78979858
 333.70000000   21.79095469
 333.80000000   21.79211032
 333.90000000   21.79326546
 334.00000000   21.79442012
 334.10000000   21.79557428
 334.20000000   21.79672796
 334.30000000   21.79788115
 334.40000000   21.79903386
 334.50000000   21.80018607
 334.60000000   21.80133779
 334.70000000   21.80248903
 334.80000000   21.80363978
 334.90000000   21.80479004
 335.00000000   21.80593981
 335.10000000   21.80708908
 335.20000000   21.80823787
 335.30000000   21.80938617
 335.40000000   21.81053398
 335.50000000   21.81168130
 335.60000000   21.81282813
 335.70000000   21.81397447
 335.80000000   21.81512032
 335.90000000   21.81626568
 336.00000000   21.81741054
 336.10000000   21.81855492
 336.20000000   21.81969880
 336.30000000   21.82084219
 336.40000000   21.82198509
 336.50000000   21.82312750
 336.60000000   21.82426942
 336.70000000   21.82541084
 336.80000000   21.82655177
 336.90000000   21.82769221
 337.00000000   21.82883215
 337.10000000   21.82997161
 337.20000000   21.83111057
 337.30000000   21.83224903
 337.40000000   21.83338700
 337.50000000   21.83452448
 337.60000000   21.83566147
 337.70000000   21.83679796
 337.80000000   21.83793396
 337.90000000   21.83906946
 338.00000000   21.84020447
 338.10000000   21.84133898
 338.20000000   21.84247300
 338.30000000   21.84360653
 338.40000000   21.84473955
 338.50000000   21.84587209
 338.60000000   21.84700413
 338.70000000   21.84813567
 338.80000000   21.84926672
 338.90000000   21.85039727
 339.00000000   21.85152733
 339.10000000   21.85265689
 339.20000000   21.85378595
 339.30000000   21.85491452
 339.40000000   21.85604259
 339.50000000   21.85717016
 339.60000000   21.85829724
 339.70000000   21.85942382
 339.80000000   21.86054990
 339.90000000   21.86167548
 340.00000000   21.86280057
 340.10000000   21.86392516
 340.20000000   21.86504925
 340.30000000   21.86617285
 340.40000000   21.86729595
 340.50000000   21.86841854
 340.60000000   21.86954064
 340.70000000   21.87066225
 340.80000000   21.87178335
 340.90000000   21.87290395
 341.00000000   21.87402406
 341.10000000   21.87514367
 341.20000000   21.87626277
 341.30000000   21.87738138
 341.40000000   21.87849949
 341.50000000   21.87961710
 341.60000000   21.88073421
 341.70000000   21.88185082
 341.80000000   21.88296693
 341.90000000   21.88408254
 342.00000000   21.88519765
 342.10000000   21.88631225
 342.20000000   21.88742636
 342.30000000   21.88853997
 342.40000000   21.88965308
 342.50000000   21.89076568
 342.60000000   21.89187779
 342.70000000   21.89298939
 342.80000000   21.89410050
 342.90000000   21.89521110
 343.00000000   21.89632120
 343.10000000   21.89743079
 343.20000000   21.89853989
 343.30000000   21.89964849
 343.40000000   21.90075658
 343.50000000   21.90186417
 343.60000000   21.90297126
 343.70000000   21.90407784
 343.80000000   21.90518393
 343.90000000   21.90628951
 344.00000000   21.90739458
 344.10000000   21.90849916
 344.20000000   21.90960323
 344.30000000   21.91070680
 344.40000000   21.91180987
 344.50000000   21.91291243
 344.60000000   21.91401449
 344.70000000   21.91511604
 344.80000000   21.91621710
 344.90000000   21.91731764
 345.00000000   21.91841769
 345.10000000   21.91951723
 345.20000000   21.92061626
 345.30000000   21.92171480
 345.40000000   21.92281282
 345.50000000   21.92391035
 345.60000000   21.92500737
 345.70000000   21.92610388
 345.80000000   21.92719989
 345.90000000   21.92829539
 346.00000000   21.92939039
 346.10000000   21.93048489
 346.20000000   21.93157888
 346.30000000   21.93267236
 346.40000000   21.93376534
 346.50000000   21.93485781
 346.60000000   21.93594978
 346.70000000   21.93704124
 346.80000000   21.93813219
 346.90000000   21.93922264
 347.00000000   21.94031259
 347.10000000   21.94140202
 347.20000000   21.94249096
 347.30000000   21.94357938
 347.40000000   21.94466730
 347.50000000   21.94575471
 347.60000000   21.94684162
 347.70000000   21.94792801
 347.80000000   21.94901391
 347.90000000   21.95009929
 348.00000000   21.95118417
 348.10000000   21.95226854
 348.20000000   21.95335240
 348.30000000   21.95443576
 348.40000000   21.95551861
 348.50000000   21.95660095
 348.60000000   21.95768278
 348.70000000   21.95876411
 348.80000000   21.95984493
 348.90000000   21.96092524
 349.00000000   21.96200504
 349.10000000   21.96308434
 349.20000000   21.96416312
 349.30000000   21.96524140
 349.40000000   21.96631917
 349.50000000   21.96739643
 349.60000000   21.96847319
 349.70000000   21.96954943
 349.80000000   21.97062517
 349.90000000   21.97170040
 350.00000000   21.97277512
 350.10000000   21.97384932
 350.20000000   21.97492303
 350.30000000   21.97599622
 350.40000000   21.97706890
 350.50000000   21.97814107
 350.60000000   21.97921274
 350.70000000   21.98028389
 350.80000000   21.98135454
 350.90000000   21.98242468
 351.00000000   21.98349430
 351.10000000   21.98456342
 351.20000000   21.98563203
 351.30000000   21.98670012
 351.40000000   21.98776771
 351.50000000   21.98883479
 351.60000000   21.98990135
 351.70000000   21.99096741
 351.80000000   21.99203296
 351.90000000   21.99309800
 352.00000000   21.99416252
 352.10000000   21.99522654
 352.20000000   21.99629004
 352.30000000   21.99735304
 352.40000000   21.99841552
 352.50000000   21.99947750
 352.60000000   22.00053896
 352.70000000   22.00159991
 352.80000000   22.00266035
 352.90000000   22.00372028
 353.00000000   22.00477970
 353.10000000   22.00583861
 353.20000000   22.00689701
 353.30000000   22.00795489
 353.40000000   22.00901227
 353.50000000   22.01006913
 353.60000000   22.01112548
 353.70000000   22.01218132
 353.80000000   22.01323665
 353.90000000   22.01429147
 354.00000000   22.01534577
 354.10000000   22.01639957
 354.20000000   22.01745285
 354.30000000   22.01850562
 354.40000000   22.01955788
 354.50000000   22.02060962
 354.60000000   22.02166086
 354.70000000   22.02271158
 354.80000000   22.02376179
 354.90000000   22.02481149
 355.00000000   22.02586067
 355.10000000   22.02690934
 355.20000000   22.02795750
 355.30000000   22.02900515
 355.40000000   22.03005229
 355.50000000   22.03109891
 355.60000000   22.03214502
 355.70000000   22.03319062
 355.80000000   22.03423571
 355.90000000   22.03528028
 356.00000000   22.03632434
 356.10000000   22.03736789
 356.20000000   22.03841092
 356.30000000   22.03945344
 356.40000000   22.04049545
 356.50000000   22.04153694
 356.60000000   22.04257793
 356.70000000   22.04361839
 356.80000000   22.04465835
 356.90000000   22.04569779
 357.00000000   22.04673672
 357.10000000   22.04777514
 357.20000000   22.04881304
 357.30000000   22.04985043
 357.40000000   22.05088730
 357.50000000   22.05192367
 357.60000000   22.05295951
 357.70000000   22.05399485
 357.80000000   22.05502967
 357.90000000   22.05606398
 358.00000000   22.05709777
 358.10000000   22.05813105
 358.20000000   22.05916382
 358.30000000   22.06019607
 358.40000000   22.06122781
 358.50000000   22.06225903
 358.60000000   22.06328974
 358.70000000   22.06431994
 358.80000000   22.06534962
 358.90000000   22.06637879
 359.00000000   22.06740745
 359.10000000   22.06843559
 359.20000000   22.06946321
 359.30000000   22.07049033
 359.40000000   22.07151692
 359.50000000   22.07254301
 359.60000000   22.07356858
 359.70000000   22.07459363
 359.80000000   22.07561817
 359.90000000   22.07664220
 360.00000000   22.07766571
 360.10000000   22.07868871
 360.20000000   22.07971119
 360.30000000   22.08073316
 360.40000000   22.08175461
 360.50000000   22.08277555
 360.60000000   22.08379597
 360.70000000   22.08481588
 360.80000000   22.08583528
 360.90000000   22.08685416
 361.00000000   22.08787252
 361.10000000   22.08889037
 361.20000000   22.08990771
 361.30000000   22.09092453
 361.40000000   22.09194084
 361.50000000   22.09295663
 361.60000000   22.09397191
 361.70000000   22.09498667
 361.80000000   22.09600091
 361.90000000   22.09701465
 362.00000000   22.09802786
 362.10000000   22.09904056
 362.20000000   22.10005275
 362.30000000   22.10106442
 362.40000000   22.10207558
 362.50000000   22.10308622
 362.60000000   22.10409635
 362.70000000   22.10510596
 362.80000000   22.10611506
 362.90000000   22.10712364
 363.00000000   22.10813170
 363.10000000   22.10913925
 363.20000000   22.11014629
 363.30000000   22.11115281
 363.40000000   22.11215881
 363.50000000   22.11316430
 363.60000000   22.11416928
 363.70000000   22.11517374
 363.80000000   22.11617768
 363.90000000   22.11718111
 364.00000000   22.11818402
 364.10000000   22.11918642
 364.20000000   22.12018830
 364.30000000   22.12118967
 364.40000000   22.12219052
 364.50000000   22.12319086
 364.60000000   22.12419068
 364.70000000   22.12518999
 364.80000000   22.12618878
 364.90000000   22.12718705
 365.00000000   22.12818481
 365.10000000   22.12918205
 365.20000000   22.13017878
 365.30000000   22.13117499
 365.40000000   22.13217069
 365.50000000   22.13316587
 365.60000000   22.13416054
 365.70000000   22.13515469
 365.80000000   22.13614833
 365.90000000   22.13714145
 366.00000000   22.13813405
 366.10000000   22.13912614
 366.20000000   22.14011771
 366.30000000   22.14110877
 366.40000000   22.14209931
 366.50000000   22.14308934
 366.60000000   22.14407885
 366.70000000   22.14506785
 366.80000000   22.14605633
 366.90000000   22.14704429
 367.00000000   22.14803174
 367.10000000   22.14901867
 367.20000000   22.15000509
 367.30000000   22.15099099
 367.40000000   22.15197638
 367.50000000   22.15296125
 367.60000000   22.15394561
 367.70000000   22.15492945
 367.80000000   22.15591277
 367.90000000   22.15689558
 368.00000000   22.15787788
 368.10000000   22.15885966
 368.20000000   22.15984092
 368.30000000   22.16082166
 368.40000000   22.16180190
 368.50000000   22.16278161
 368.60000000   22.16376081
 368.70000000   22.16473950
 368.80000000   22.16571767
 368.90000000   22.16669532
 369.00000000   22.16767246
 369.10000000   22.16864908
 369.20000000   22.16962519
 369.30000000   22.17060078
 369.40000000   22.17157586
 369.50000000   22.17255042
 369.60000000   22.17352447
 369.70000000   22.17449800
 369.80000000   22.17547102
 369.90000000   22.17644352
 370.00000000   22.17741550
 370.10000000   22.17838697
 370.20000000   22.17935792
 370.30000000   22.18032836
 370.40000000   22.18129828
 370.50000000   22.18226769
 370.60000000   22.18323659
 370.70000000   22.18420496
 370.80000000   22.18517282
 370.90000000   22.18614017
 371.00000000   22.18710700
 371.10000000   22.18807332
 371.20000000   22.18903912
 371.30000000   22.19000441
 371.40000000   22.19096918
 371.50000000   22.19193343
 371.60000000   22.19289717
 371.70000000   22.19386040
 371.80000000   22.19482311
 371.90000000   22.19578530
 372.00000000   22.19674698
 372.10000000   22.19770815
 372.20000000   22.19866880
 372.30000000   22.19962893
 372.40000000   22.20058855
 372.50000000   22.20154766
 372.60000000   22.20250625
 372.70000000   22.20346432
 372.80000000   22.20442188
 372.90000000   22.20537893
 373.00000000   22.20633546
 373.10000000   22.20729148
 373.20000000   22.20824698
 373.30000000   22.20920196
 373.40000000   22.21015643
 373.50000000   22.21111039
 373.60000000   22.21206383
 373.70000000   22.21301676
 373.80000000   22.21396917
 373.90000000   22.21492107
 374.00000000   22.21587245
 374.10000000   22.21682332
 374.20000000   22.21777368
 374.30000000   22.21872352
 374.40000000   22.21967284
 374.50000000   22.22062165
 374.60000000   22.22156995
 374.70000000   22.22251773
 374.80000000   22.22346500
 374.90000000   22.22441175
 375.00000000   22.22535799
 375.10000000   22.22630371
 375.20000000   22.22724892
 375.30000000   22.22819362
 375.40000000   22.22913780
 375.50000000   22.23008147
 375.60000000   22.23102462
 375.70000000   22.23196726
 375.80000000   22.23290938
 375.90000000   22.23385100
 376.00000000   22.23479209
 376.10000000   22.23573268
 376.20000000   22.23667275
 376.30000000   22.23761230
 376.40000000   22.23855134
 376.50000000   22.23948987
 376.60000000   22.24042788
 376.70000000   22.24136538
 376.80000000   22.24230237
 376.90000000   22.24323884
 377.00000000   22.24417480
 377.10000000   22.24511025
 377.20000000   22.24604518
 377.30000000   22.24697960
 377.40000000   22.24791350
 377.50000000   22.24884689
 377.60000000   22.24977977
 377.70000000   22.25071213
 377.80000000   22.25164398
 377.90000000   22.25257532
 378.00000000   22.25350615
 378.10000000   22.25443646
 378.20000000   22.25536626
 378.30000000   22.25629554
 378.40000000   22.25722431
 378.50000000   22.25815257
 378.60000000   22.25908032
 378.70000000   22.26000755
 378.80000000   22.26093427
 378.90000000   22.26186048
 379.00000000   22.26278617
 379.10000000   22.26371135
 379.20000000   22.26463602
 379.30000000   22.26556018
 379.40000000   22.26648382
 379.50000000   22.26740695
 379.60000000   22.26832957
 379.70000000   22.26925167
 379.80000000   22.27017326
 379.90000000   22.27109434
 380.00000000   22.27201491
 380.10000000   22.27293497
 380.20000000   22.27385451
 380.30000000   22.27477354
 380.40000000   22.27569206
 380.50000000   22.27661007
 380.60000000   22.27752756
 380.70000000   22.27844454
 380.80000000   22.27936101
 380.90000000   22.28027697
 381.00000000   22.28119242
 381.10000000   22.28210735
 381.20000000   22.28302178
 381.30000000   22.28393569
 381.40000000   22.28484909
 381.50000000   22.28576198
 381.60000000   22.28667435
 381.70000000   22.28758622
 381.80000000   22.28849757
 381.90000000   22.28940841
 382.00000000   22.29031874
 382.10000000   22.29122856
 382.20000000   22.29213787
 382.30000000   22.29304666
 382.40000000   22.29395495
 382.50000000   22.29486272
 382.60000000   22.29576998
 382.70000000   22.29667674
 382.80000000   22.29758298
 382.90000000   22.29848871
 383.00000000   22.29939393
 383.10000000   22.30029863
 383.20000000   22.30120283
 383.30000000   22.30210652
 383.40000000   22.30300970
 383.50000000   22.30391236
 383.60000000   22.30481452
 383.70000000   22.30571616
 383.80000000   22.30661730
 383.90000000   22.30751792
 384.00000000   22.30841803
 384.10000000   22.30931764
 384.20000000   22.31021673
 384.30000000   22.31111531
 384.40000000   22.31201339
 384.50000000   22.31291095
 384.60000000   22.31380800
 384.70000000   22.31470455
 384.80000000   22.31560058
 384.90000000   22.31649610
 385.00000000   22.31739112
 385.10000000   22.31828562
 385.20000000   22.31917962
 385.30000000   22.32007310
 385.40000000   22.32096608
 385.50000000   22.32185854
 385.60000000   22.32275050
 385.70000000   22.32364195
 385.80000000   22.32453289
 385.90000000   22.32542332
 386.00000000   22.32631324
 386.10000000   22.32720265
 386.20000000   22.32809155
 386.30000000   22.32897995
 386.40000000   22.32986783
 386.50000000   22.33075521
 386.60000000   22.33164208
 386.70000000   22.33252844
 386.80000000   22.33341429
 386.90000000   22.33429963
 387.00000000   22.33518447
 387.10000000   22.33606879
 387.20000000   22.33695261
 387.30000000   22.33783592
 387.40000000   22.33871872
 387.50000000   22.33960101
 387.60000000   22.34048280
 387.70000000   22.34136407
 387.80000000   22.34224484
 387.90000000   22.34312511
 388.00000000   22.34400486
 388.10000000   22.34488411
 388.20000000   22.34576284
 388.30000000   22.34664108
 388.40000000   22.34751880
 388.50000000   22.34839602
 388.60000000   22.34927273
 388.70000000   22.35014893
 388.80000000   22.35102462
 388.90000000   22.35189981
 389.00000000   22.35277449
 389.10000000   22.35364867
 389.20000000   22.35452233
 389.30000000   22.35539549
 389.40000000   22.35626815
 389.50000000   22.35714029
 389.60000000   22.35801193
 389.70000000   22.35888307
 389.80000000   22.35975370
 389.90000000   22.36062382
 390.00000000   22.36149343
 390.10000000   22.36236254
 390.20000000   22.36323114
 390.30000000   22.36409924
 390.40000000   22.36496683
 390.50000000   22.36583392
 390.60000000   22.36670050
 390.70000000   22.36756657
 390.80000000   22.36843214
 390.90000000   22.36929720
 391.00000000   22.37016176
 391.10000000   22.37102581
 391.20000000   22.37188936
 391.30000000   22.37275240
 391.40000000   22.37361493
 391.50000000   22.37447696
 391.60000000   22.37533849
 391.70000000   22.37619951
 391.80000000   22.37706003
 391.90000000   22.37792004
 392.00000000   22.37877955
 392.10000000   22.37963855
 392.20000000   22.38049705
 392.30000000   22.38135504
 392.40000000   22.38221253
 392.50000000   22.38306951
 392.60000000   22.38392599
 392.70000000   22.38478197
 392.80000000   22.38563744
 392.90000000   22.38649241
 393.00000000   22.38734687
 393.10000000   22.38820083
 393.20000000   22.38905429
 393.30000000   22.38990724
 393.40000000   22.39075969
 393.50000000   22.39161164
 393.60000000   22.39246308
 393.70000000   22.39331402
 393.80000000   22.39416446
 393.90000000   22.39501439
 394.00000000   22.39586382
 394.10000000   22.39671275
 394.20000000   22.39756118
 394.30000000   22.39840910
 394.40000000   22.39925652
 394.50000000   22.40010343
 394.60000000   22.40094985
 394.70000000   22.40179576
 394.80000000   22.40264117
 394.90000000   22.40348608
 395.00000000   22.40433048
 395.10000000   22.40517438
 395.20000000   22.40601779
 395.30000000   22.40686069
 395.40000000   22.40770308
 395.50000000   22.40854498
 395.60000000   22.40938637
 395.70000000   22.41022726
 395.80000000   22.41106766
 395.90000000   22.41190755
 396.00000000   22.41274693
 396.10000000   22.41358582
 396.20000000   22.41442421
 396.30000000   22.41526209
 396.40000000   22.41609948
 396.50000000   22.41693636
 396.60000000   22.41777274
 396.70000000   22.41860862
 396.80000000   22.41944401
 396.90000000   22.42027889
 397.00000000   22.42111327
 397.10000000   22.42194715
 397.20000000   22.42278053
 397.30000000   22.42361341
 397.40000000   22.42444579
 397.50000000   22.42527767
 397.60000000   22.42610905
 397.70000000   22.42693993
 397.80000000   22.42777031
 397.90000000   22.42860019
 398.00000000   22.42942958
 398.10000000   22.43025846
 398.20000000   22.43108684
 398.30000000   22.43191473
 398.40000000   22.43274211
 398.50000000   22.43356900
 398.60000000   22.43439539
 398.70000000   22.43522128
 398.80000000   22.43604667
 398.90000000   22.43687156
 399.00000000   22.43769595
 399.10000000   22.43851985
 399.20000000   22.43934324
 399.30000000   22.44016614
 399.40000000   22.44098854
 399.50000000   22.44181045
 399.60000000   22.44263185
 399.70000000   22.44345276
 399.80000000   22.44427317
 399.90000000   22.44509308
 400.00000000   22.44591249
 400.10000000   22.44673141
 400.20000000   22.44754983
 400.30000000   22.44836775
 400.40000000   22.44918518
 400.50000000   22.45000210
 400.60000000   22.45081854
 400.70000000   22.45163447
 400.80000000   22.45244991
 400.90000000   22.45326485
 401.00000000   22.45407929
 401.10000000   22.45489324
 401.20000000   22.45570669
 401.30000000   22.45651965
 401.40000000   22.45733211
 401.50000000   22.45814407
 401.60000000   22.45895554
 401.70000000   22.45976651
 401.80000000   22.46057699
 401.90000000   22.46138697
 402.00000000   22.46219645
 402.10000000   22.46300544
 402.20000000   22.46381394
 402.30000000   22.46462194
 402.40000000   22.46542944
 402.50000000   22.46623645
 402.60000000   22.46704297
 402.70000000   22.46784899
 402.80000000   22.46865451
 402.90000000   22.46945954
 403.00000000   22.47026408
 403.10000000   22.47106812
 403.20000000   22.47187167
 403.30000000   22.47267472
 403.40000000   22.47347728
 403.50000000   22.47427935
 403.60000000   22.47508092
 403.70000000   22.47588200
 403.80000000   22.47668258
 403.90000000   22.47748267
 404.00000000   22.47828227
 404.10000000   22.47908137
 404.20000000   22.47987998
 404.30000000   22.48067810
 404.40000000   22.48147573
 404.50000000   22.48227286
 404.60000000   22.48306950
 404.70000000   22.48386564
 404.80000000   22.48466130
 404.90000000   22.48545646
 405.00000000   22.48625113
 405.10000000   22.48704531
 405.20000000   22.48783899
 405.30000000   22.48863218
 405.40000000   22.48942489
 405.50000000   22.49021710
 405.60000000   22.49100881
 405.70000000   22.49180004
 405.80000000   22.49259077
 405.90000000   22.49338102
 406.00000000   22.49417077
 406.10000000   22.49496003
 406.20000000   22.49574880
 406.30000000   22.49653708
 406.40000000   22.49732487
 406.50000000   22.49811217
 406.60000000   22.49889897
 406.70000000   22.49968529
 406.80000000   22.50047112
 406.90000000   22.50125645
 407.00000000   22.50204130
 407.10000000   22.50282565
 407.20000000   22.50360952
 407.30000000   22.50439290
 407.40000000   22.50517578
 407.50000000   22.50595818
 407.60000000   22.50674009
 407.70000000   22.50752151
 407.80000000   22.50830244
 407.90000000   22.50908288
 408.00000000   22.50986283
 408.10000000   22.51064229
 408.20000000   22.51142126
 408.30000000   22.51219975
 408.40000000   22.51297774
 408.50000000   22.51375525
 408.60000000   22.51453227
 408.70000000   22.51530880
 408.80000000   22.51608485
 408.90000000   22.51686040
 409.00000000   22.51763547
 409.10000000   22.51841005
 409.20000000   22.51918414
 409.30000000   22.51995774
 409.40000000   22.52073086
 409.50000000   22.52150349
 409.60000000   22.52227563
 409.70000000   22.52304729
 409.80000000   22.52381846
 409.90000000   22.52458914
 410.00000000   22.52535933
 410.10000000   22.52612904
 410.20000000   22.52689827
 410.30000000   22.52766700
 410.40000000   22.52843525
 410.50000000   22.52920301
 410.60000000   22.52997029
 410.70000000   22.53073708
 410.80000000   22.53150339
 410.90000000   22.53226921
 411.00000000   22.53303454
 411.10000000   22.53379939
 411.20000000   22.53456376
 411.30000000   22.53532764
 411.40000000   22.53609103
 411.50000000   22.53685394
 411.60000000   22.53761636
 411.70000000   22.53837830
 411.80000000   22.53913976
 411.90000000   22.53990073
 412.00000000   22.54066121
 412.10000000   22.54142122
 412.20000000   22.54218073
 412.30000000   22.54293977
 412.40000000   22.54369832
 412.50000000   22.54445638
 412.60000000   22.54521397
 412.70000000   22.54597107
 412.80000000   22.54672768
 412.90000000   22.54748381
 413.00000000   22.54823946
 413.10000000   22.54899463
 413.20000000   22.54974931
 413.30000000   22.55050351
 413.40000000   22.55125723
 413.50000000   22.55201047
 413.60000000   22.55276322
 413.70000000   22.55351549
 413.80000000   22.55426728
 413.90000000   22.55501859
 414.00000000   22.55576941
 414.10000000   22.55651976
 414.20000000   22.55726962
 414.30000000   22.55801900
 414.40000000   22.55876790
 414.50000000   22.55951631
 414.60000000   22.56026425
 414.70000000   22.56101170
 414.80000000   22.56175868
 414.90000000   22.56250517
 415.00000000   22.56325118
 415.10000000   22.56399672
 415.20000000   22.56474177
 415.30000000   22.56548634
 415.40000000   22.56623043
 415.50000000   22.56697404
 415.60000000   22.56771717
 415.70000000   22.56845983
 415.80000000   22.56920200
 415.90000000   22.56994369
 416.00000000   22.57068490
 416.10000000   22.57142564
 416.20000000   22.57216589
 416.30000000   22.57290567
 416.40000000   22.57364496
 416.50000000   22.57438378
 416.60000000   22.57512212
 416.70000000   22.57585998
 416.80000000   22.57659736
 416.90000000   22.57733427
 417.00000000   22.57807069
 417.10000000   22.57880664
 417.20000000   22.57954211
 417.30000000   22.58027710
 417.40000000   22.58101162
 417.50000000   22.58174565
 417.60000000   22.58247921
 417.70000000   22.58321229
 417.80000000   22.58394490
 417.90000000   22.58467703
 418.00000000   22.58540868
 418.10000000   22.58613985
 418.20000000   22.58687055
 418.30000000   22.58760077
 418.40000000   22.58833052
 418.50000000   22.58905978
 418.60000000   22.58978858
 418.70000000   22.59051689
 418.80000000   22.59124473
 418.90000000   22.59197210
 419.00000000   22.59269899
 419.10000000   22.59342540
 419.20000000   22.59415134
 419.30000000   22.59487681
 419.40000000   22.59560179
 419.50000000   22.59632631
 419.60000000   22.59705035
 419.70000000   22.59777391
 419.80000000   22.59849700
 419.90000000   22.59921961
 420.00000000   22.59994175
 420.10000000   22.60066342
 420.20000000   22.60138461
 420.30000000   22.60210533
 420.40000000   22.60282558
 420.50000000   22.60354535
 420.60000000   22.60426465
 420.70000000   22.60498347
 420.80000000   22.60570182
 420.90000000   22.60641970
 421.00000000   22.60713710
 421.10000000   22.60785404
 421.20000000   22.60857050
 421.30000000   22.60928648
 421.40000000   22.61000200
 421.50000000   22.61071704
 421.60000000   22.61143161
 421.70000000   22.61214571
 421.80000000   22.61285933
 421.90000000   22.61357249
 422.00000000   22.61428517
 422.10000000   22.61499738
 422.20000000   22.61570912
 422.30000000   22.61642039
 422.40000000   22.61713119
 422.50000000   22.61784151
 422.60000000   22.61855137
 422.70000000   22.61926075
 422.80000000   22.61996967
 422.90000000   22.62067811
 423.00000000   22.62138608
 423.10000000   22.62209359
 423.20000000   22.62280062
 423.30000000   22.62350718
 423.40000000   22.62421328
 423.50000000   22.62491890
 423.60000000   22.62562406
 423.70000000   22.62632874
 423.80000000   22.62703296
 423.90000000   22.62773670
 424.00000000   22.62843998
 424.10000000   22.62914279
 424.20000000   22.62984513
 424.30000000   22.63054700
 424.40000000   22.63124840
 424.50000000   22.63194934
 424.60000000   22.63264981
 424.70000000   22.63334981
 424.80000000   22.63404934
 424.90000000   22.63474840
 425.00000000   22.63544699
 425.10000000   22.63614512
 425.20000000   22.63684278
 425.30000000   22.63753998
 425.40000000   22.63823670
 425.50000000   22.63893296
 425.60000000   22.63962876
 425.70000000   22.64032408
 425.80000000   22.64101894
 425.90000000   22.64171333
 426.00000000   22.64240726
 426.10000000   22.64310072
 426.20000000   22.64379372
 426.30000000   22.64448625
 426.40000000   22.64517831
 426.50000000   22.64586991
 426.60000000   22.64656104
 426.70000000   22.64725171
 426.80000000   22.64794191
 426.90000000   22.64863165
 427.00000000   22.64932092
 427.10000000   22.65000973
 427.20000000   22.65069807
 427.30000000   22.65138595
 427.40000000   22.65207336
 427.50000000   22.65276031
 427.60000000   22.65344680
 427.70000000   22.65413282
 427.80000000   22.65481838
 427.90000000   22.65550347
 428.00000000   22.65618810
 428.10000000   22.65687227
 428.20000000   22.65755598
 428.30000000   22.65823922
 428.40000000   22.65892200
 428.50000000   22.65960431
 428.60000000   22.66028617
 428.70000000   22.66096756
 428.80000000   22.66164849
 428.90000000   22.66232895
 429.00000000   22.66300896
 429.10000000   22.66368850
 429.20000000   22.66436758
 429.30000000   22.66504620
 429.40000000   22.66572436
 429.50000000   22.66640205
 429.60000000   22.66707929
 429.70000000   22.66775606
 429.80000000   22.66843237
 429.90000000   22.66910823
 430.00000000   22.66978362
 430.10000000   22.67045855
 430.20000000   22.67113302
 430.30000000   22.67180703
 430.40000000   22.67248058
 430.50000000   22.67315367
 430.60000000   22.67382630
 430.70000000   22.67449847
 430.80000000   22.67517018
 430.90000000   22.67584143
 431.00000000   22.67651223
 431.10000000   22.67718256
 431.20000000   22.67785243
 431.30000000   22.67852185
 431.40000000   22.67919081
 431.50000000   22.67985930
 431.60000000   22.68052734
 431.70000000   22.68119493
 431.80000000   22.68186205
 431.90000000   22.68252872
 432.00000000   22.68319492
 432.10000000   22.68386067
 432.20000000   22.68452597
 432.30000000   22.68519080
 432.40000000   22.68585518
 432.50000000   22.68651910
 432.60000000   22.68718257
 432.70000000   22.68784557
 432.80000000   22.68850812
 432.90000000   22.68917022
 433.00000000   22.68983186
 433.10000000   22.69049304
 433.20000000   22.69115376
 433.30000000   22.69181403
 433.40000000   22.69247384
 433.50000000   22.69313320
 433.60000000   22.69379211
 433.70000000   22.69445055
 433.80000000   22.69510854
 433.90000000   22.69576608
 434.00000000   22.69642316
 434.10000000   22.69707979
 434.20000000   22.69773596
 434.30000000   22.69839168
 434.40000000   22.69904694
 434.50000000   22.69970175
 434.60000000   22.70035611
 434.70000000   22.70101001
 434.80000000   22.70166346
 434.90000000   22.70231645
 435.00000000   22.70296899
 435.10000000   22.70362108
 435.20000000   22.70427271
 435.30000000   22.70492389
 435.40000000   22.70557462
 435.50000000   22.70622490
 435.60000000   22.70687472
 435.70000000   22.70752409
 435.80000000   22.70817301
 435.90000000   22.70882147
 436.00000000   22.70946948
 436.10000000   22.71011705
 436.20000000   22.71076416
 436.30000000   22.71141081
 436.40000000   22.71205702
 436.50000000   22.71270278
 436.60000000   22.71334808
 436.70000000   22.71399293
 436.80000000   22.71463734
 436.90000000   22.71528129
 437.00000000   22.71592479
 437.10000000   22.71656784
 437.20000000   22.71721044
 437.30000000   22.71785259
 437.40000000   22.71849429
 437.50000000   22.71913554
 437.60000000   22.71977634
 437.70000000   22.72041670
 437.80000000   22.72105660
 437.90000000   22.72169605
 438.00000000   22.72233505
 438.10000000   22.72297361
 438.20000000   22.72361172
 438.30000000   22.72424937
 438.40000000   22.72488658
 438.50000000   22.72552334
 438.60000000   22.72615965
 438.70000000   22.72679552
 438.80000000   22.72743093
 438.90000000   22.72806590
 439.00000000   22.72870042
 439.10000000   22.72933450
 439.20000000   22.72996812
 439.30000000   22.73060130
 439.40000000   22.73123403
 439.50000000   22.73186632
 439.60000000   22.73249816
 439.70000000   22.73312955
 439.80000000   22.73376050
 439.90000000   22.73439099
 440.00000000   22.73502105
 440.10000000   22.73565065
 440.20000000   22.73627982
 440.30000000   22.73690853
 440.40000000   22.73753680
 440.50000000   22.73816463
 440.60000000   22.73879200
 440.70000000   22.73941894
 440.80000000   22.74004543
 440.90000000   22.74067147
 441.00000000   22.74129707
 441.10000000   22.74192223
 441.20000000   22.74254694
 441.30000000   22.74317121
 441.40000000   22.74379503
 441.50000000   22.74441841
 441.60000000   22.74504134
 441.70000000   22.74566383
 441.80000000   22.74628588
 441.90000000   22.74690749
 442.00000000   22.74752865
 442.10000000   22.74814937
 442.20000000   22.74876964
 442.30000000   22.74938948
 442.40000000   22.75000887
 442.50000000   22.75062782
 442.60000000   22.75124632
 442.70000000   22.75186439
 442.80000000   22.75248201
 442.90000000   22.75309919
 443.00000000   22.75371593
 443.10000000   22.75433222
 443.20000000   22.75494808
 443.30000000   22.75556350
 443.40000000   22.75617847
 443.50000000   22.75679300
 443.60000000   22.75740709
 443.70000000   22.75802075
 443.80000000   22.75863396
 443.90000000   22.75924673
 444.00000000   22.75985906
 444.10000000   22.76047095
 444.20000000   22.76108240
 444.30000000   22.76169341
 444.40000000   22.76230398
 444.50000000   22.76291411
 444.60000000   22.76352381
 444.70000000   22.76413306
 444.80000000   22.76474188
 444.90000000   22.76535025
 445.00000000   22.76595819
 445.10000000   22.76656569
 445.20000000   22.76717275
 445.30000000   22.76777937
 445.40000000   22.76838556
 445.50000000   22.76899131
 445.60000000   22.76959661
 445.70000000   22.77020149
 445.80000000   22.77080592
 445.90000000   22.77140992
 446.00000000   22.77201348
 446.10000000   22.77261660
 446.20000000   22.77321929
 446.30000000   22.77382154
 446.40000000   22.77442335
 446.50000000   22.77502473
 446.60000000   22.77562567
 446.70000000   22.77622617
 446.80000000   22.77682624
 446.90000000   22.77742587
 447.00000000   22.77802507
 447.10000000   22.77862383
 447.20000000   22.77922216
 447.30000000   22.77982005
 447.40000000   22.78041751
 447.50000000   22.78101453
 447.60000000   22.78161112
 447.70000000   22.78220727
 447.80000000   22.78280299
 447.90000000   22.78339827
 448.00000000   22.78399312
 448.10000000   22.78458754
 448.20000000   22.78518152
 448.30000000   22.78577507
 448.40000000   22.78636819
 448.50000000   22.78696087
 448.60000000   22.78755312
 448.70000000   22.78814494
 448.80000000   22.78873632
 448.90000000   22.78932727
 449.00000000   22.78991779
 449.10000000   22.79050787
 449.20000000   22.79109753
 449.30000000   22.79168675
 449.40000000   22.79227554
 449.50000000   22.79286390
 449.60000000   22.79345182
 449.70000000   22.79403932
 449.80000000   22.79462638
 449.90000000   22.79521302
 450.00000000   22.79579922
 450.10000000   22.79638499
 450.20000000   22.79697033
 450.30000000   22.79755524
 450.40000000   22.79813972
 450.50000000   22.79872377
 450.60000000   22.79930739
 450.70000000   22.79989058
 450.80000000   22.80047334
 450.90000000   22.80105567
 451.00000000   22.80163757
 451.10000000   22.80221904
 451.20000000   22.80280008
 451.30000000   22.80338069
 451.40000000   22.80396088
 451.50000000   22.80454063
 451.60000000   22.80511996
 451.70000000   22.80569886
 451.80000000   22.80627733
 451.90000000   22.80685537
 452.00000000   22.80743299
 452.10000000   22.80801018
 452.20000000   22.80858694
 452.30000000   22.80916327
 452.40000000   22.80973917
 452.50000000   22.81031465
 452.60000000   22.81088970
 452.70000000   22.81146433
 452.80000000   22.81203852
 452.90000000   22.81261229
 453.00000000   22.81318564
 453.10000000   22.81375856
 453.20000000   22.81433105
 453.30000000   22.81490312
 453.40000000   22.81547476
 453.50000000   22.81604597
 453.60000000   22.81661676
 453.70000000   22.81718713
 453.80000000   22.81775707
 453.90000000   22.81832658
 454.00000000   22.81889567
 454.10000000   22.81946434
 454.20000000   22.82003258
 454.30000000   22.82060040
 454.40000000   22.82116779
 454.50000000   22.82173476
 454.60000000   22.82230130
 454.70000000   22.82286742
 454.80000000   22.82343312
 454.90000000   22.82399839
 455.00000000   22.82456325
 455.10000000   22.82512767
 455.20000000   22.82569168
 455.30000000   22.82625526
 455.40000000   22.82681842
 455.50000000   22.82738116
 455.60000000   22.82794347
 455.70000000   22.82850536
 455.80000000   22.82906684
 455.90000000   22.82962788
 456.00000000   22.83018851
 456.10000000   22.83074872
 456.20000000   22.83130850
 456.30000000   22.83186787
 456.40000000   22.83242681
 456.50000000   22.83298533
 456.60000000   22.83354343
 456.70000000   22.83410111
 456.80000000   22.83465837
 456.90000000   22.83521521
 457.00000000   22.83577163
 457.10000000   22.83632763
 457.20000000   22.83688321
 457.30000000   22.83743837
 457.40000000   22.83799311
 457.50000000   22.83854743
 457.60000000   22.83910133
 457.70000000   22.83965481
 457.80000000   22.84020788
 457.90000000   22.84076052
 458.00000000   22.84131275
 458.10000000   22.84186456
 458.20000000   22.84241595
 458.30000000   22.84296692
 458.40000000   22.84351748
 458.50000000   22.84406761
 458.60000000   22.84461733
 458.70000000   22.84516663
 458.80000000   22.84571552
 458.90000000   22.84626399
 459.00000000   22.84681204
 459.10000000   22.84735967
 459.20000000   22.84790689
 459.30000000   22.84845369
 459.40000000   22.84900007
 459.50000000   22.84954604
 459.60000000   22.85009159
 459.70000000   22.85063673
 459.80000000   22.85118145
 459.90000000   22.85172575
 460.00000000   22.85226964
 460.10000000   22.85281312
 460.20000000   22.85335618
 460.30000000   22.85389882
 460.40000000   22.85444105
 460.50000000   22.85498286
 460.60000000   22.85552426
 460.70000000   22.85606525
 460.80000000   22.85660582
 460.90000000   22.85714598
 461.00000000   22.85768573
 461.10000000   22.85822506
 461.20000000   22.85876397
 461.30000000   22.85930248
 461.40000000   22.85984057
 461.50000000   22.86037824
 461.60000000   22.86091551
 461.70000000   22.86145236
 461.80000000   22.86198880
 461.90000000   22.86252483
 462.00000000   22.86306044
 462.10000000   22.86359564
 462.20000000   22.86413043
 462.30000000   22.86466481
 462.40000000   22.86519878
 462.50000000   22.86573234
 462.60000000   22.86626548
 462.70000000   22.86679821
 462.80000000   22.86733054
 462.90000000   22.86786245
 463.00000000   22.86839395
 463.10000000   22.86892504
 463.20000000   22.86945572
 463.30000000   22.86998599
 463.40000000   22.87051585
 463.50000000   22.87104530
 463.60000000   22.87157434
 463.70000000   22.87210297
 463.80000000   22.87263119
 463.90000000   22.87315900
 464.00000000   22.87368641
 464.10000000   22.87421340
 464.20000000   22.87473999
 464.30000000   22.87526616
 464.40000000   22.87579193
 464.50000000   22.87631729
 464.60000000   22.87684224
 464.70000000   22.87736678
 464.80000000   22.87789092
 464.90000000   22.87841465
 465.00000000   22.87893797
 465.10000000   22.87946088
 465.20000000   22.87998339
 465.30000000   22.88050549
 465.40000000   22.88102718
 465.50000000   22.88154847
 465.60000000   22.88206934
 465.70000000   22.88258982
 465.80000000   22.88310988
 465.90000000   22.88362954
 466.00000000   22.88414880
 466.10000000   22.88466765
 466.20000000   22.88518609
 466.30000000   22.88570413
 466.40000000   22.88622176
 466.50000000   22.88673899
 466.60000000   22.88725581
 466.70000000   22.88777222
 466.80000000   22.88828824
 466.90000000   22.88880385
 467.00000000   22.88931905
 467.10000000   22.88983385
 467.20000000   22.89034824
 467.30000000   22.89086224
 467.40000000   22.89137582
 467.50000000   22.89188901
 467.60000000   22.89240179
 467.70000000   22.89291417
 467.80000000   22.89342614
 467.90000000   22.89393771
 468.00000000   22.89444888
 468.10000000   22.89495965
 468.20000000   22.89547001
 468.30000000   22.89597997
 468.40000000   22.89648953
 468.50000000   22.89699869
 468.60000000   22.89750744
 468.70000000   22.89801580
 468.80000000   22.89852375
 468.90000000   22.89903130
 469.00000000   22.89953845
 469.10000000   22.90004520
 469.20000000   22.90055155
 469.30000000   22.90105750
 469.40000000   22.90156304
 469.50000000   22.90206819
 469.60000000   22.90257294
 469.70000000   22.90307728
 469.80000000   22.90358123
 469.90000000   22.90408477
 470.00000000   22.90458792
 470.10000000   22.90509067
 470.20000000   22.90559302
 470.30000000   22.90609496
 470.40000000   22.90659651
 470.50000000   22.90709767
 470.60000000   22.90759842
 470.70000000   22.90809877
 470.80000000   22.90859873
 470.90000000   22.90909829
 471.00000000   22.90959745
 471.10000000   22.91009621
 471.20000000   22.91059457
 471.30000000   22.91109254
 471.40000000   22.91159011
 471.50000000   22.91208728
 471.60000000   22.91258405
 471.70000000   22.91308043
 471.80000000   22.91357641
 471.90000000   22.91407200
 472.00000000   22.91456718
 472.10000000   22.91506198
 472.20000000   22.91555637
 472.30000000   22.91605037
 472.40000000   22.91654398
 472.50000000   22.91703718
 472.60000000   22.91753000
 472.70000000   22.91802241
 472.80000000   22.91851444
 472.90000000   22.91900606
 473.00000000   22.91949730
 473.10000000   22.91998813
 473.20000000   22.92047858
 473.30000000   22.92096863
 473.40000000   22.92145828
 473.50000000   22.92194754
 473.60000000   22.92243641
 473.70000000   22.92292488
 473.80000000   22.92341296
 473.90000000   22.92390065
 474.00000000   22.92438794
 474.10000000   22.92487484
 474.20000000   22.92536135
 474.30000000   22.92584746
 474.40000000   22.92633318
 474.50000000   22.92681851
 474.60000000   22.92730345
 474.70000000   22.92778799
 474.80000000   22.92827215
 474.90000000   22.92875591
 475.00000000   22.92923928
 475.10000000   22.92972225
 475.20000000   22.93020484
 475.30000000   22.93068703
 475.40000000   22.93116884
 475.50000000   22.93165025
 475.60000000   22.93213127
 475.70000000   22.93261191
 475.80000000   22.93309215
 475.90000000   22.93357200
 476.00000000   22.93405146
 476.10000000   22.93453053
 476.20000000   22.93500921
 476.30000000   22.93548750
 476.40000000   22.93596541
 476.50000000   22.93644292
 476.60000000   22.93692004
 476.70000000   22.93739678
 476.80000000   22.93787312
 476.90000000   22.93834908
 477.00000000   22.93882465
 477.10000000   22.93929983
 477.20000000   22.93977462
 477.30000000   22.94024903
 477.40000000   22.94072304
 477.50000000   22.94119667
 477.60000000   22.94166991
 477.70000000   22.94214277
 477.80000000   22.94261523
 477.90000000   22.94308731
 478.00000000   22.94355901
 478.10000000   22.94403031
 478.20000000   22.94450123
 478.30000000   22.94497176
 478.40000000   22.94544191
 478.50000000   22.94591167
 478.60000000   22.94638105
 478.70000000   22.94685003
 478.80000000   22.94731864
 478.90000000   22.94778686
 479.00000000   22.94825469
 479.10000000   22.94872213
 479.20000000   22.94918920
 479.30000000   22.94965587
 479.40000000   22.95012217
 479.50000000   22.95058807
 479.60000000   22.95105360
 479.70000000   22.95151874
 479.80000000   22.95198349
 479.90000000   22.95244786
 480.00000000   22.95291185
 480.10000000   22.95337546
 480.20000000   22.95383868
 480.30000000   22.95430151
 480.40000000   22.95476397
 480.50000000   22.95522604
 480.60000000   22.95568773
 480.70000000   22.95614903
 480.80000000   22.95660996
 480.90000000   22.95707050
 481.00000000   22.95753066
 481.10000000   22.95799044
 481.20000000   22.95844983
 481.30000000   22.95890884
 481.40000000   22.95936748
 481.50000000   22.95982573
 481.60000000   22.96028360
 481.70000000   22.96074108
 481.80000000   22.96119819
 481.90000000   22.96165492
 482.00000000   22.96211126
 482.10000000   22.96256723
 482.20000000   22.96302282
 482.30000000   22.96347802
 482.40000000   22.96393285
 482.50000000   22.96438729
 482.60000000   22.96484136
 482.70000000   22.96529504
 482.80000000   22.96574835
 482.90000000   22.96620128
 483.00000000   22.96665383
 483.10000000   22.96710600
 483.20000000   22.96755779
 483.30000000   22.96800920
 483.40000000   22.96846024
 483.50000000   22.96891090
 483.60000000   22.96936117
 483.70000000   22.96981107
 483.80000000   22.97026060
 483.90000000   22.97070974
 484.00000000   22.97115851
 484.10000000   22.97160690
 484.20000000   22.97205491
 484.30000000   22.97250255
 484.40000000   22.97294981
 484.50000000   22.97339669
 484.60000000   22.97384320
 484.70000000   22.97428933
 484.80000000   22.97473509
 484.90000000   22.97518046
 485.00000000   22.97562547
 485.10000000   22.97607009
 485.20000000   22.97651434
 485.30000000   22.97695822
 485.40000000   22.97740172
 485.50000000   22.97784485
 485.60000000   22.97828760
 485.70000000   22.97872997
 485.80000000   22.97917197
 485.90000000   22.97961360
 486.00000000   22.98005485
 486.10000000   22.98049573
 486.20000000   22.98093624
 486.30000000   22.98137637
 486.40000000   22.98181613
 486.50000000   22.98225551
 486.60000000   22.98269452
 486.70000000   22.98313316
 486.80000000   22.98357142
 486.90000000   22.98400932
 487.00000000   22.98444683
 487.10000000   22.98488398
 487.20000000   22.98532075
 487.30000000   22.98575716
 487.40000000   22.98619319
 487.50000000   22.98662884
 487.60000000   22.98706413
 487.70000000   22.98749905
 487.80000000   22.98793359
 487.90000000   22.98836776
 488.00000000   22.98880156
 488.10000000   22.98923499
 488.20000000   22.98966805
 488.30000000   22.99010074
 488.40000000   22.99053306
 488.50000000   22.99096501
 488.60000000   22.99139658
 488.70000000   22.99182779
 488.80000000   22.99225863
 488.90000000   22.99268910
 489.00000000   22.99311920
 489.10000000   22.99354892
 489.20000000   22.99397828
 489.30000000   22.99440728
 489.40000000   22.99483590
 489.50000000   22.99526415
 489.60000000   22.99569204
 489.70000000   22.99611955
 489.80000000   22.99654670
 489.90000000   22.99697348
 490.00000000   22.99739989
 490.10000000   22.99782594
 490.20000000   22.99825161
 490.30000000   22.99867692
 490.40000000   22.99910186
 490.50000000   22.99952644
 490.60000000   22.99995065
 490.70000000   23.00037449
 490.80000000   23.00079796
 490.90000000   23.00122107
 491.00000000   23.00164381
 491.10000000   23.00206618
 491.20000000   23.00248819
 491.30000000   23.00290984
 491.40000000   23.00333111
 491.50000000   23.00375203
 491.60000000   23.00417257
 491.70000000   23.00459275
 491.80000000   23.00501257
 491.90000000   23.00543202
 492.00000000   23.00585111
 492.10000000   23.00626983
 492.20000000   23.00668818
 492.30000000   23.00710618
 492.40000000   23.00752381
 492.50000000   23.00794107
 492.60000000   23.00835797
 492.70000000   23.00877451
 492.80000000   23.00919068
 492.90000000   23.00960649
 493.00000000   23.01002194
 493.10000000   23.01043702
 493.20000000   23.01085174
 493.30000000   23.01126610
 493.40000000   23.01168009
 493.50000000   23.01209373
 493.60000000   23.01250700
 493.70000000   23.01291991
 493.80000000   23.01333245
 493.90000000   23.01374464
 494.00000000   23.01415646
 494.10000000   23.01456792
 494.20000000   23.01497902
 494.30000000   23.01538976
 494.40000000   23.01580014
 494.50000000   23.01621015
 494.60000000   23.01661981
 494.70000000   23.01702911
 494.80000000   23.01743804
 494.90000000   23.01784662
 495.00000000   23.01825483
 495.10000000   23.01866268
 495.20000000   23.01907018
 495.30000000   23.01947731
 495.40000000   23.01988409
 495.50000000   23.02029051
 495.60000000   23.02069656
 495.70000000   23.02110226
 495.80000000   23.02150760
 495.90000000   23.02191258
 496.00000000   23.02231721
 496.10000000   23.02272147
 496.20000000   23.02312537
 496.30000000   23.02352892
 496.40000000   23.02393211
 496.50000000   23.02433494
 496.60000000   23.02473742
 496.70000000   23.02513953
 496.80000000   23.02554129
 496.90000000   23.02594270
 497.00000000   23.02634374
 497.10000000   23.02674443
 497.20000000   23.02714476
 497.30000000   23.02754474
 497.40000000   23.02794436
 497.50000000   23.02834362
 497.60000000   23.02874253
 497.70000000   23.02914108
 497.80000000   23.02953927
 497.90000000   23.02993711
 498.00000000   23.03033459
 498.10000000   23.03073172
 498.20000000   23.03112850
 498.30000000   23.03152492
 498.40000000   23.03192098
 498.50000000   23.03231669
 498.60000000   23.03271204
 498.70000000   23.03310704
 498.80000000   23.03350169
 498.90000000   23.03389598
 499.00000000   23.03428992
 499.10000000   23.03468351
 499.20000000   23.03507674
 499.30000000   23.03546961
 499.40000000   23.03586214
 499.50000000   23.03625431
 499.60000000   23.03664613
 499.70000000   23.03703759
 499.80000000   23.03742871
 499.90000000   23.03781947
 500.00000000   23.03820987
 500.10000000   23.03859993
 500.20000000   23.03898963
 500.30000000   23.03937899
 500.40000000   23.03976799
 500.50000000   23.04015664
 500.60000000   23.04054493
 500.70000000   23.04093288
 500.80000000   23.04132047
 500.90000000   23.04170772
 501.00000000   23.04209461
 501.10000000   23.04248115
 501.20000000   23.04286735
 501.30000000   23.04325319
 501.40000000   23.04363868
 501.50000000   23.04402382
 501.60000000   23.04440861
 501.70000000   23.04479306
 501.80000000   23.04517715
 501.90000000   23.04556089
 502.00000000   23.04594429
 502.10000000   23.04632733
 502.20000000   23.04671003
 502.30000000   23.04709238
 502.40000000   23.04747437
 502.50000000   23.04785602
 502.60000000   23.04823733
 502.70000000   23.04861828
 502.80000000   23.04899889
 502.90000000   23.04937915
 503.00000000   23.04975906
 503.10000000   23.05013862
 503.20000000   23.05051783
 503.30000000   23.05089670
 503.40000000   23.05127522
 503.50000000   23.05165340
 503.60000000   23.05203123
 503.70000000   23.05240871
 503.80000000   23.05278584
 503.90000000   23.05316263
 504.00000000   23.05353907
 504.10000000   23.05391517
 504.20000000   23.05429092
 504.30000000   23.05466632
 504.40000000   23.05504138
 504.50000000   23.05541610
 504.60000000   23.05579046
 504.70000000   23.05616449
 504.80000000   23.05653817
 504.90000000   23.05691150
 505.00000000   23.05728449
 505.10000000   23.05765713
 505.20000000   23.05802943
 505.30000000   23.05840139
 505.40000000   23.05877300
 505.50000000   23.05914427
 505.60000000   23.05951520
 505.70000000   23.05988578
 505.80000000   23.06025602
 505.90000000   23.06062591
 506.00000000   23.06099546
 506.10000000   23.06136467
 506.20000000   23.06173354
 506.30000000   23.06210206
 506.40000000   23.06247024
 506.50000000   23.06283808
 506.60000000   23.06320558
 506.70000000   23.06357273
 506.80000000   23.06393954
 506.90000000   23.06430602
 507.00000000   23.06467215
 507.10000000   23.06503793
 507.20000000   23.06540338
 507.30000000   23.06576849
 507.40000000   23.06613325
 507.50000000   23.06649768
 507.60000000   23.06686176
 507.70000000   23.06722550
 507.80000000   23.06758891
 507.90000000   23.06795197
 508.00000000   23.06831469
 508.10000000   23.06867707
 508.20000000   23.06903912
 508.30000000   23.06940082
 508.40000000   23.06976218
 508.50000000   23.07012321
 508.60000000   23.07048390
 508.70000000   23.07084424
 508.80000000   23.07120425
 508.90000000   23.07156392
 509.00000000   23.07192325
 509.10000000   23.07228224
 509.20000000   23.07264090
 509.30000000   23.07299922
 509.40000000   23.07335719
 509.50000000   23.07371484
 509.60000000   23.07407214
 509.70000000   23.07442911
 509.80000000   23.07478573
 509.90000000   23.07514203
 510.00000000   23.07549798
 510.10000000   23.07585360
 510.20000000   23.07620888
 510.30000000   23.07656383
 510.40000000   23.07691843
 510.50000000   23.07727271
 510.60000000   23.07762664
 510.70000000   23.07798024
 510.80000000   23.07833351
 510.90000000   23.07868644
 511.00000000   23.07903903
 511.10000000   23.07939129
 511.20000000   23.07974321
 511.30000000   23.08009480
 511.40000000   23.08044605
 511.50000000   23.08079697
 511.60000000   23.08114756
 511.70000000   23.08149781
 511.80000000   23.08184772
 511.90000000   23.08219731
 512.00000000   23.08254655
 512.10000000   23.08289547
 512.20000000   23.08324405
 512.30000000   23.08359230
 512.40000000   23.08394021
 512.50000000   23.08428779
 512.60000000   23.08463504
 512.70000000   23.08498195
 512.80000000   23.08532853
 512.90000000   23.08567478
 513.00000000   23.08602070
 513.10000000   23.08636629
 513.20000000   23.08671154
 513.30000000   23.08705646
 513.40000000   23.08740105
 513.50000000   23.08774531
 513.60000000   23.08808923
 513.70000000   23.08843283
 513.80000000   23.08877609
 513.90000000   23.08911902
 514.00000000   23.08946163
 514.10000000   23.08980390
 514.20000000   23.09014584
 514.30000000   23.09048745
 514.40000000   23.09082873
 514.50000000   23.09116968
 514.60000000   23.09151030
 514.70000000   23.09185059
 514.80000000   23.09219055
 514.90000000   23.09253018
 515.00000000   23.09286948
 515.10000000   23.09320845
 515.20000000   23.09354709
 515.30000000   23.09388541
 515.40000000   23.09422339
 515.50000000   23.09456105
 515.60000000   23.09489838
 515.70000000   23.09523538
 515.80000000   23.09557205
 515.90000000   23.09590839
 516.00000000   23.09624441
 516.10000000   23.09658009
 516.20000000   23.09691545
 516.30000000   23.09725049
 516.40000000   23.09758519
 516.50000000   23.09791957
 516.60000000   23.09825362
 516.70000000   23.09858735
 516.80000000   23.09892075
 516.90000000   23.09925382
 517.00000000   23.09958656
 517.10000000   23.09991898
 517.20000000   23.10025108
 517.30000000   23.10058284
 517.40000000   23.10091429
 517.50000000   23.10124540
 517.60000000   23.10157619
 517.70000000   23.10190666
 517.80000000   23.10223680
 517.90000000   23.10256661
 518.00000000   23.10289610
 518.10000000   23.10322527
 518.20000000   23.10355411
 518.30000000   23.10388262
 518.40000000   23.10421082
 518.50000000   23.10453868
 518.60000000   23.10486623
 518.70000000   23.10519345
 518.80000000   23.10552034
 518.90000000   23.10584692
 519.00000000   23.10617317
 519.10000000   23.10649909
 519.20000000   23.10682470
 519.30000000   23.10714998
 519.40000000   23.10747493
 519.50000000   23.10779957
 519.60000000   23.10812388
 519.70000000   23.10844787
 519.80000000   23.10877154
 519.90000000   23.10909488
 520.00000000   23.10941791
 520.10000000   23.10974061
 520.20000000   23.11006299
 520.30000000   23.11038505
 520.40000000   23.11070679
 520.50000000   23.11102821
 520.60000000   23.11134930
 520.70000000   23.11167008
 520.80000000   23.11199053
 520.90000000   23.11231066
 521.00000000   23.11263048
 521.10000000   23.11294997
 521.20000000   23.11326914
 521.30000000   23.11358800
 521.40000000   23.11390653
 521.50000000   23.11422474
 521.60000000   23.11454264
 521.70000000   23.11486021
 521.80000000   23.11517747
 521.90000000   23.11549441
 522.00000000   23.11581102
 522.10000000   23.11612732
 522.20000000   23.11644330
 522.30000000   23.11675896
 522.40000000   23.11707431
 522.50000000   23.11738933
 522.60000000   23.11770404
 522.70000000   23.11801843
 522.80000000   23.11833250
 522.90000000   23.11864626
 523.00000000   23.11895969
 523.10000000   23.11927281
 523.20000000   23.11958561
 523.30000000   23.11989810
 523.40000000   23.12021027
 523.50000000   23.12052212
 523.60000000   23.12083365
 523.70000000   23.12114487
 523.80000000   23.12145578
 523.90000000   23.12176636
 524.00000000   23.12207663
 524.10000000   23.12238659
 524.20000000   23.12269623
 524.30000000   23.12300555
 524.40000000   23.12331456
 524.50000000   23.12362325
 524.60000000   23.12393163
 524.70000000   23.12423969
 524.80000000   23.12454744
 524.90000000   23.12485487
 525.00000000   23.12516199
 525.10000000   23.12546880
 525.20000000   23.12577529
 525.30000000   23.12608146
 525.40000000   23.12638733
 525.50000000   23.12669287
 525.60000000   23.12699811
 525.70000000   23.12730303
 525.80000000   23.12760764
 525.90000000   23.12791194
 526.00000000   23.12821592
 526.10000000   23.12851959
 526.20000000   23.12882294
 526.30000000   23.12912599
 526.40000000   23.12942872
 526.50000000   23.12973114
 526.60000000   23.13003325
 526.70000000   23.13033504
 526.80000000   23.13063652
 526.90000000   23.13093770
 527.00000000   23.13123856
 527.10000000   23.13153911
 527.20000000   23.13183934
 527.30000000   23.13213927
 527.40000000   23.13243888
 527.50000000   23.13273819
 527.60000000   23.13303718
 527.70000000   23.13333587
 527.80000000   23.13363424
 527.90000000   23.13393230
 528.00000000   23.13423006
 528.10000000   23.13452750
 528.20000000   23.13482463
 528.30000000   23.13512145
 528.40000000   23.13541797
 528.50000000   23.13571417
 528.60000000   23.13601007
 528.70000000   23.13630565
 528.80000000   23.13660093
 528.90000000   23.13689590
 529.00000000   23.13719056
 529.10000000   23.13748491
 529.20000000   23.13777895
 529.30000000   23.13807269
 529.40000000   23.13836611
 529.50000000   23.13865923
 529.60000000   23.13895204
 529.70000000   23.13924455
 529.80000000   23.13953674
 529.90000000   23.13982863
 530.00000000   23.14012021
 530.10000000   23.14041149
 530.20000000   23.14070246
 530.30000000   23.14099312
 530.40000000   23.14128347
 530.50000000   23.14157352
 530.60000000   23.14186326
 530.70000000   23.14215269
 530.80000000   23.14244182
 530.90000000   23.14273065
 531.00000000   23.14301916
 531.10000000   23.14330738
 531.20000000   23.14359528
 531.30000000   23.14388288
 531.40000000   23.14417018
 531.50000000   23.14445717
 531.60000000   23.14474386
 531.70000000   23.14503024
 531.80000000   23.14531632
 531.90000000   23.14560209
 532.00000000   23.14588756
 532.10000000   23.14617272
 532.20000000   23.14645758
 532.30000000   23.14674214
 532.40000000   23.14702639
 532.50000000   23.14731034
 532.60000000   23.14759398
 532.70000000   23.14787732
 532.80000000   23.14816036
 532.90000000   23.14844310
 533.00000000   23.14872553
 533.10000000   23.14900766
 533.20000000   23.14928949
 533.30000000   23.14957102
 533.40000000   23.14985224
 533.50000000   23.15013316
 533.60000000   23.15041378
 533.70000000   23.15069410
 533.80000000   23.15097411
 533.90000000   23.15125383
 534.00000000   23.15153324
 534.10000000   23.15181235
 534.20000000   23.15209116
 534.30000000   23.15236967
 534.40000000   23.15264788
 534.50000000   23.15292579
 534.60000000   23.15320339
 534.70000000   23.15348070
 534.80000000   23.15375771
 534.90000000   23.15403441
 535.00000000   23.15431082
 535.10000000   23.15458692
 535.20000000   23.15486273
 535.30000000   23.15513824
 535.40000000   23.15541345
 535.50000000   23.15568835
 535.60000000   23.15596296
 535.70000000   23.15623727
 535.80000000   23.15651128
 535.90000000   23.15678500
 536.00000000   23.15705841
 536.10000000   23.15733153
 536.20000000   23.15760435
 536.30000000   23.15787686
 536.40000000   23.15814909
 536.50000000   23.15842101
 536.60000000   23.15869264
 536.70000000   23.15896396
 536.80000000   23.15923499
 536.90000000   23.15950573
 537.00000000   23.15977616
 537.10000000   23.16004630
 537.20000000   23.16031615
 537.30000000   23.16058569
 537.40000000   23.16085494
 537.50000000   23.16112390
 537.60000000   23.16139255
 537.70000000   23.16166091
 537.80000000   23.16192898
 537.90000000   23.16219675
 538.00000000   23.16246422
 538.10000000   23.16273140
 538.20000000   23.16299828
 538.30000000   23.16326486
 538.40000000   23.16353116
 538.50000000   23.16379715
 538.60000000   23.16406285
 538.70000000   23.16432826
 538.80000000   23.16459337
 538.90000000   23.16485819
 539.00000000   23.16512271
 539.10000000   23.16538694
 539.20000000   23.16565088
 539.30000000   23.16591452
 539.40000000   23.16617787
 539.50000000   23.16644092
 539.60000000   23.16670368
 539.70000000   23.16696615
 539.80000000   23.16722832
 539.90000000   23.16749021
 540.00000000   23.16775179
 540.10000000   23.16801309
 540.20000000   23.16827409
 540.30000000   23.16853480
 540.40000000   23.16879522
 540.50000000   23.16905535
 540.60000000   23.16931518
 540.70000000   23.16957472
 540.80000000   23.16983397
 540.90000000   23.17009293
 541.00000000   23.17035160
 541.10000000   23.17060997
 541.20000000   23.17086806
 541.30000000   23.17112585
 541.40000000   23.17138336
 541.50000000   23.17164057
 541.60000000   23.17189749
 541.70000000   23.17215412
 541.80000000   23.17241046
 541.90000000   23.17266651
 542.00000000   23.17292227
 542.10000000   23.17317774
 542.20000000   23.17343292
 542.30000000   23.17368781
 542.40000000   23.17394241
 542.50000000   23.17419672
 542.60000000   23.17445075
 542.70000000   23.17470448
 542.80000000   23.17495792
 542.90000000   23.17521108
 543.00000000   23.17546395
 543.10000000   23.17571652
 543.20000000   23.17596881
 543.30000000   23.17622081
 543.40000000   23.17647253
 543.50000000   23.17672395
 543.60000000   23.17697509
 543.70000000   23.17722594
 543.80000000   23.17747650
 543.90000000   23.17772678
 544.00000000   23.17797677
 544.10000000   23.17822647
 544.20000000   23.17847588
 544.30000000   23.17872501
 544.40000000   23.17897385
 544.50000000   23.17922240
 544.60000000   23.17947067
 544.70000000   23.17971865
 544.80000000   23.17996634
 544.90000000   23.18021375
 545.00000000   23.18046087
 545.10000000   23.18070771
 545.20000000   23.18095426
 545.30000000   23.18120052
 545.40000000   23.18144650
 545.50000000   23.18169220
 545.60000000   23.18193761
 545.70000000   23.18218273
 545.80000000   23.18242757
 545.90000000   23.18267213
 546.00000000   23.18291640
 546.10000000   23.18316039
 546.20000000   23.18340409
 546.30000000   23.18364751
 546.40000000   23.18389064
 546.50000000   23.18413349
 546.60000000   23.18437606
 546.70000000   23.18461834
 546.80000000   23.18486034
 546.90000000   23.18510206
 547.00000000   23.18534349
 547.10000000   23.18558464
 547.20000000   23.18582551
 547.30000000   23.18606609
 547.40000000   23.18630639
 547.50000000   23.18654641
 547.60000000   23.18678615
 547.70000000   23.18702560
 547.80000000   23.18726478
 547.90000000   23.18750367
 548.00000000   23.18774228
 548.10000000   23.18798061
 548.20000000   23.18821865
 548.30000000   23.18845642
 548.40000000   23.18869390
 548.50000000   23.18893110
 548.60000000   23.18916802
 548.70000000   23.18940466
 548.80000000   23.18964102
 548.90000000   23.18987710
 549.00000000   23.19011290
 549.10000000   23.19034842
 549.20000000   23.19058366
 549.30000000   23.19081862
 549.40000000   23.19105330
 549.50000000   23.19128770
 549.60000000   23.19152182
 549.70000000   23.19175566
 549.80000000   23.19198922
 549.90000000   23.19222250
 550.00000000   23.19245550
 550.10000000   23.19268823
 550.20000000   23.19292067
 550.30000000   23.19315284
 550.40000000   23.19338473
 550.50000000   23.19361633
 550.60000000   23.19384767
 550.70000000   23.19407872
 550.80000000   23.19430949
 550.90000000   23.19453999
 551.00000000   23.19477021
 551.10000000   23.19500015
 551.20000000   23.19522982
 551.30000000   23.19545921
 551.40000000   23.19568832
 551.50000000   23.19591715
 551.60000000   23.19614571
 551.70000000   23.19637399
 551.80000000   23.19660199
 551.90000000   23.19682972
 552.00000000   23.19705717
 552.10000000   23.19728434
 552.20000000   23.19751124
 552.30000000   23.19773786
 552.40000000   23.19796421
 552.50000000   23.19819028
 552.60000000   23.19841608
 552.70000000   23.19864160
 552.80000000   23.19886684
 552.90000000   23.19909181
 553.00000000   23.19931650
 553.10000000   23.19954092
 553.20000000   23.19976507
 553.30000000   23.19998894
 553.40000000   23.20021254
 553.50000000   23.20043586
 553.60000000   23.20065891
 553.70000000   23.20088168
 553.80000000   23.20110418
 553.90000000   23.20132641
 554.00000000   23.20154836
 554.10000000   23.20177004
 554.20000000   23.20199144
 554.30000000   23.20221258
 554.40000000   23.20243344
 554.50000000   23.20265402
 554.60000000   23.20287434
 554.70000000   23.20309438
 554.80000000   23.20331415
 554.90000000   23.20353364
 555.00000000   23.20375287
 555.10000000   23.20397182
 555.20000000   23.20419050
 555.30000000   23.20440890
 555.40000000   23.20462704
 555.50000000   23.20484490
 555.60000000   23.20506250
 555.70000000   23.20527982
 555.80000000   23.20549687
 555.90000000   23.20571365
 556.00000000   23.20593016
 556.10000000   23.20614639
 556.20000000   23.20636236
 556.30000000   23.20657806
 556.40000000   23.20679348
 556.50000000   23.20700864
 556.60000000   23.20722353
 556.70000000   23.20743814
 556.80000000   23.20765249
 556.90000000   23.20786656
 557.00000000   23.20808037
 557.10000000   23.20829391
 557.20000000   23.20850717
 557.30000000   23.20872017
 557.40000000   23.20893290
 557.50000000   23.20914536
 557.60000000   23.20935755
 557.70000000   23.20956948
 557.80000000   23.20978113
 557.90000000   23.20999252
 558.00000000   23.21020363
 558.10000000   23.21041448
 558.20000000   23.21062506
 558.30000000   23.21083538
 558.40000000   23.21104542
 558.50000000   23.21125520
 558.60000000   23.21146471
 558.70000000   23.21167396
 558.80000000   23.21188293
 558.90000000   23.21209164
 559.00000000   23.21230008
 559.10000000   23.21250826
 559.20000000   23.21271617
 559.30000000   23.21292381
 559.40000000   23.21313119
 559.50000000   23.21333829
 559.60000000   23.21354514
 559.70000000   23.21375172
 559.80000000   23.21395803
 559.90000000   23.21416407
 560.00000000   23.21436985
 560.10000000   23.21457537
 560.20000000   23.21478062
 560.30000000   23.21498560
 560.40000000   23.21519032
 560.50000000   23.21539477
 560.60000000   23.21559896
 560.70000000   23.21580288
 560.80000000   23.21600654
 560.90000000   23.21620994
 561.00000000   23.21641307
 561.10000000   23.21661594
 561.20000000   23.21681854
 561.30000000   23.21702088
 561.40000000   23.21722295
 561.50000000   23.21742476
 561.60000000   23.21762631
 561.70000000   23.21782760
 561.80000000   23.21802862
 561.90000000   23.21822938
 562.00000000   23.21842987
 562.10000000   23.21863010
 562.20000000   23.21883007
 562.30000000   23.21902978
 562.40000000   23.21922922
 562.50000000   23.21942840
 562.60000000   23.21962732
 562.70000000   23.21982598
 562.80000000   23.22002438
 562.90000000   23.22022251
 563.00000000   23.22042038
 563.10000000   23.22061799
 563.20000000   23.22081534
 563.30000000   23.22101243
 563.40000000   23.22120926
 563.50000000   23.22140582
 563.60000000   23.22160213
 563.70000000   23.22179817
 563.80000000   23.22199395
 563.90000000   23.22218948
 564.00000000   23.22238474
 564.10000000   23.22257974
 564.20000000   23.22277448
 564.30000000   23.22296896
 564.40000000   23.22316318
 564.50000000   23.22335715
 564.60000000   23.22355085
 564.70000000   23.22374429
 564.80000000   23.22393748
 564.90000000   23.22413040
 565.00000000   23.22432307
 565.10000000   23.22451547
 565.20000000   23.22470762
 565.30000000   23.22489951
 565.40000000   23.22509114
 565.50000000   23.22528251
 565.60000000   23.22547362
 565.70000000   23.22566448
 565.80000000   23.22585508
 565.90000000   23.22604541
 566.00000000   23.22623550
 566.10000000   23.22642532
 566.20000000   23.22661489
 566.30000000   23.22680419
 566.40000000   23.22699325
 566.50000000   23.22718204
 566.60000000   23.22737058
 566.70000000   23.22755886
 566.80000000   23.22774688
 566.90000000   23.22793465
 567.00000000   23.22812216
 567.10000000   23.22830941
 567.20000000   23.22849641
 567.30000000   23.22868315
 567.40000000   23.22886964
 567.50000000   23.22905587
 567.60000000   23.22924184
 567.70000000   23.22942756
 567.80000000   23.22961302
 567.90000000   23.22979823
 568.00000000   23.22998318
 568.10000000   23.23016788
 568.20000000   23.23035232
 568.30000000   23.23053651
 568.40000000   23.23072044
 568.50000000   23.23090412
 568.60000000   23.23108754
 568.70000000   23.23127071
 568.80000000   23.23145362
 568.90000000   23.23163628
 569.00000000   23.23181869
 569.10000000   23.23200084
 569.20000000   23.23218274
 569.30000000   23.23236439
 569.40000000   23.23254578
 569.50000000   23.23272692
 569.60000000   23.23290780
 569.70000000   23.23308844
 569.80000000   23.23326882
 569.90000000   23.23344894
 570.00000000   23.23362882
 570.10000000   23.23380844
 570.20000000   23.23398781
 570.30000000   23.23416692
 570.40000000   23.23434579
 570.50000000   23.23452440
 570.60000000   23.23470276
 570.70000000   23.23488087
 570.80000000   23.23505873
 570.90000000   23.23523633
 571.00000000   23.23541369
 571.10000000   23.23559079
 571.20000000   23.23576764
 571.30000000   23.23594424
 571.40000000   23.23612059
 571.50000000   23.23629669
 571.60000000   23.23647254
 571.70000000   23.23664814
 571.80000000   23.23682348
 571.90000000   23.23699858
 572.00000000   23.23717343
 572.10000000   23.23734802
 572.20000000   23.23752237
 572.30000000   23.23769647
 572.40000000   23.23787031
 572.50000000   23.23804391
 572.60000000   23.23821726
 572.70000000   23.23839036
 572.80000000   23.23856321
 572.90000000   23.23873581
 573.00000000   23.23890816
 573.10000000   23.23908026
 573.20000000   23.23925212
 573.30000000   23.23942372
 573.40000000   23.23959508
 573.50000000   23.23976619
 573.60000000   23.23993705
 573.70000000   23.24010767
 573.80000000   23.24027803
 573.90000000   23.24044815
 574.00000000   23.24061802
 574.10000000   23.24078764
 574.20000000   23.24095702
 574.30000000   23.24112614
 574.40000000   23.24129502
 574.50000000   23.24146366
 574.60000000   23.24163204
 574.70000000   23.24180018
 574.80000000   23.24196808
 574.90000000   23.24213572
 575.00000000   23.24230312
 575.10000000   23.24247028
 575.20000000   23.24263718
 575.30000000   23.24280385
 575.40000000   23.24297026
 575.50000000   23.24313643
 575.60000000   23.24330236
 575.70000000   23.24346803
 575.80000000   23.24363347
 575.90000000   23.24379866
 576.00000000   23.24396360
 576.10000000   23.24412830
 576.20000000   23.24429275
 576.30000000   23.24445696
 576.40000000   23.24462092
 576.50000000   23.24478464
 576.60000000   23.24494811
 576.70000000   23.24511134
 576.80000000   23.24527433
 576.90000000   23.24543707
 577.00000000   23.24559957
 577.10000000   23.24576183
 577.20000000   23.24592384
 577.30000000   23.24608560
 577.40000000   23.24624713
 577.50000000   23.24640841
 577.60000000   23.24656944
 577.70000000   23.24673024
 577.80000000   23.24689079
 577.90000000   23.24705110
 578.00000000   23.24721116
 578.10000000   23.24737099
 578.20000000   23.24753057
 578.30000000   23.24768991
 578.40000000   23.24784900
 578.50000000   23.24800786
 578.60000000   23.24816647
 578.70000000   23.24832484
 578.80000000   23.24848297
 578.90000000   23.24864085
 579.00000000   23.24879850
 579.10000000   23.24895590
 579.20000000   23.24911307
 579.30000000   23.24926999
 579.40000000   23.24942667
 579.50000000   23.24958311
 579.60000000   23.24973931
 579.70000000   23.24989527
 579.80000000   23.25005099
 579.90000000   23.25020646
 580.00000000   23.25036170
 580.10000000   23.25051670
 580.20000000   23.25067146
 580.30000000   23.25082597
 580.40000000   23.25098025
 580.50000000   23.25113429
 580.60000000   23.25128809
 580.70000000   23.25144165
 580.80000000   23.25159497
 580.90000000   23.25174805
 581.00000000   23.25190089
 581.10000000   23.25205349
 581.20000000   23.25220586
 581.30000000   23.25235798
 581.40000000   23.25250987
 581.50000000   23.25266152
 581.60000000   23.25281293
 581.70000000   23.25296410
 581.80000000   23.25311504
 581.90000000   23.25326573
 582.00000000   23.25341619
 582.10000000   23.25356641
 582.20000000   23.25371640
 582.30000000   23.25386614
 582.40000000   23.25401565
 582.50000000   23.25416492
 582.60000000   23.25431396
 582.70000000   23.25446275
 582.80000000   23.25461132
 582.90000000   23.25475964
 583.00000000   23.25490773
 583.10000000   23.25505558
 583.20000000   23.25520319
 583.30000000   23.25535057
 583.40000000   23.25549771
 583.50000000   23.25564462
 583.60000000   23.25579129
 583.70000000   23.25593772
 583.80000000   23.25608392
 583.90000000   23.25622988
 584.00000000   23.25637561
 584.10000000   23.25652111
 584.20000000   23.25666636
 584.30000000   23.25681139
 584.40000000   23.25695617
 584.50000000   23.25710073
 584.60000000   23.25724504
 584.70000000   23.25738913
 584.80000000   23.25753298
 584.90000000   23.25767659
 585.00000000   23.25781997
 585.10000000   23.25796312
 585.20000000   23.25810603
 585.30000000   23.25824871
 585.40000000   23.25839116
 585.50000000   23.25853337
 585.60000000   23.25867535
 585.70000000   23.25881709
 585.80000000   23.25895860
 585.90000000   23.25909988
 586.00000000   23.25924093
 586.10000000   23.25938174
 586.20000000   23.25952232
 586.30000000   23.25966267
 586.40000000   23.25980278
 586.50000000   23.25994266
 586.60000000   23.26008231
 586.70000000   23.26022173
 586.80000000   23.26036092
 586.90000000   23.26049987
 587.00000000   23.26063859
 587.10000000   23.26077708
 587.20000000   23.26091534
 587.30000000   23.26105337
 587.40000000   23.26119117
 587.50000000   23.26132873
 587.60000000   23.26146607
 587.70000000   23.26160317
 587.80000000   23.26174004
 587.90000000   23.26187668
 588.00000000   23.26201309
 588.10000000   23.26214927
 588.20000000   23.26228522
 588.30000000   23.26242094
 588.40000000   23.26255643
 588.50000000   23.26269169
 588.60000000   23.26282672
 588.70000000   23.26296152
 588.80000000   23.26309609
 588.90000000   23.26323043
 589.00000000   23.26336454
 589.10000000   23.26349842
 589.20000000   23.26363208
 589.30000000   23.26376550
 589.40000000   23.26389869
 589.50000000   23.26403166
 589.60000000   23.26416440
 589.70000000   23.26429691
 589.80000000   23.26442919
 589.90000000   23.26456124
 590.00000000   23.26469306
 590.10000000   23.26482466
 590.20000000   23.26495602
 590.30000000   23.26508716
 590.40000000   23.26521807
 590.50000000   23.26534876
 590.60000000   23.26547921
 590.70000000   23.26560944
 590.80000000   23.26573944
 590.90000000   23.26586922
 591.00000000   23.26599877
 591.10000000   23.26612809
 591.20000000   23.26625718
 591.30000000   23.26638605
 591.40000000   23.26651469
 591.50000000   23.26664310
 591.60000000   23.26677129
 591.70000000   23.26689925
 591.80000000   23.26702698
 591.90000000   23.26715449
 592.00000000   23.26728178
 592.10000000   23.26740883
 592.20000000   23.26753566
 592.30000000   23.26766227
 592.40000000   23.26778865
 592.50000000   23.26791481
 592.60000000   23.26804073
 592.70000000   23.26816644
 592.80000000   23.26829192
 592.90000000   23.26841717
 593.00000000   23.26854220
 593.10000000   23.26866701
 593.20000000   23.26879159
 593.30000000   23.26891595
 593.40000000   23.26904008
 593.50000000   23.26916399
 593.60000000   23.26928767
 593.70000000   23.26941113
 593.80000000   23.26953437
 593.90000000   23.26965738
 594.00000000   23.26978017
 594.10000000   23.26990274
 594.20000000   23.27002508
 594.30000000   23.27014720
 594.40000000   23.27026909
 594.50000000   23.27039077
 594.60000000   23.27051222
 594.70000000   23.27063344
 594.80000000   23.27075445
 594.90000000   23.27087523
 595.00000000   23.27099579
 595.10000000   23.27111613
 595.20000000   23.27123624
 595.30000000   23.27135613
 595.40000000   23.27147581
 595.50000000   23.27159525
 595.60000000   23.27171448
 595.70000000   23.27183349
 595.80000000   23.27195227
 595.90000000   23.27207083
 596.00000000   23.27218918
 596.10000000   23.27230730
 596.20000000   23.27242520
 596.30000000   23.27254287
 596.40000000   23.27266033
 596.50000000   23.27277757
 596.60000000   23.27289458
 596.70000000   23.27301138
 596.80000000   23.27312795
 596.90000000   23.27324431
 597.00000000   23.27336044
 597.10000000   23.27347636
 597.20000000   23.27359205
 597.30000000   23.27370753
 597.40000000   23.27382278
 597.50000000   23.27393782
 597.60000000   23.27405264
 597.70000000   23.27416723
 597.80000000   23.27428161
 597.90000000   23.27439577
 598.00000000   23.27450971
 598.10000000   23.27462343
 598.20000000   23.27473693
 598.30000000   23.27485022
 598.40000000   23.27496328
 598.50000000   23.27507613
 598.60000000   23.27518875
 598.70000000   23.27530116
 598.80000000   23.27541336
 598.90000000   23.27552533
 599.00000000   23.27563709
 599.10000000   23.27574862
 599.20000000   23.27585994
 599.30000000   23.27597105
 599.40000000   23.27608193
 599.50000000   23.27619260
 599.60000000   23.27630305
 599.70000000   23.27641329
 599.80000000   23.27652330
 599.90000000   23.27663310
 600.00000000   23.27674269
 600.10000000   23.27685205
 600.20000000   23.27696120
 600.30000000   23.27707014
 600.40000000   23.27717885
 600.50000000   23.27728736
 600.60000000   23.27739564
 600.70000000   23.27750371
 600.80000000   23.27761156
 600.90000000   23.27771920
 601.00000000   23.27782662
 601.10000000   23.27793383
 601.20000000   23.27804082
 601.30000000   23.27814760
 601.40000000   23.27825416
 601.50000000   23.27836050
 601.60000000   23.27846663
 601.70000000   23.27857255
 601.80000000   23.27867825
 601.90000000   23.27878374
 602.00000000   23.27888901
 602.10000000   23.27899407
 602.20000000   23.27909891
 602.30000000   23.27920354
 602.40000000   23.27930795
 602.50000000   23.27941216
 602.60000000   23.27951614
 602.70000000   23.27961992
 602.80000000   23.27972348
 602.90000000   23.27982682
 603.00000000   23.27992996
 603.10000000   23.28003288
 603.20000000   23.28013558
 603.30000000   23.28023808
 603.40000000   23.28034036
 603.50000000   23.28044243
 603.60000000   23.28054428
 603.70000000   23.28064592
 603.80000000   23.28074735
 603.90000000   23.28084857
 604.00000000   23.28094958
 604.10000000   23.28105037
 604.20000000   23.28115095
 604.30000000   23.28125132
 604.40000000   23.28135148
 604.50000000   23.28145142
 604.60000000   23.28155116
 604.70000000   23.28165068
 604.80000000   23.28174999
 604.90000000   23.28184909
 605.00000000   23.28194798
 605.10000000   23.28204666
 605.20000000   23.28214513
 605.30000000   23.28224338
 605.40000000   23.28234143
 605.50000000   23.28243926
 605.60000000   23.28253689
 605.70000000   23.28263430
 605.80000000   23.28273150
 605.90000000   23.28282850
 606.00000000   23.28292528
 606.10000000   23.28302185
 606.20000000   23.28311822
 606.30000000   23.28321437
 606.40000000   23.28331031
 606.50000000   23.28340605
 606.60000000   23.28350157
 606.70000000   23.28359689
 606.80000000   23.28369200
 606.90000000   23.28378689
 607.00000000   23.28388158
 607.10000000   23.28397606
 607.20000000   23.28407033
 607.30000000   23.28416440
 607.40000000   23.28425825
 607.50000000   23.28435189
 607.60000000   23.28444533
 607.70000000   23.28453856
 607.80000000   23.28463158
 607.90000000   23.28472439
 608.00000000   23.28481700
 608.10000000   23.28490940
 608.20000000   23.28500159
 608.30000000   23.28509357
 608.40000000   23.28518534
 608.50000000   23.28527691
 608.60000000   23.28536827
 608.70000000   23.28545942
 608.80000000   23.28555037
 608.90000000   23.28564111
 609.00000000   23.28573164
 609.10000000   23.28582196
 609.20000000   23.28591208
 609.30000000   23.28600200
 609.40000000   23.28609170
 609.50000000   23.28618120
 609.60000000   23.28627050
 609.70000000   23.28635958
 609.80000000   23.28644847
 609.90000000   23.28653714
 610.00000000   23.28662561
 610.10000000   23.28671388
 610.20000000   23.28680194
 610.30000000   23.28688979
 610.40000000   23.28697744
 610.50000000   23.28706488
 610.60000000   23.28715212
 610.70000000   23.28723915
 610.80000000   23.28732598
 610.90000000   23.28741260
 611.00000000   23.28749902
 611.10000000   23.28758524
 611.20000000   23.28767125
 611.30000000   23.28775705
 611.40000000   23.28784266
 611.50000000   23.28792805
 611.60000000   23.28801325
 611.70000000   23.28809824
 611.80000000   23.28818302
 611.90000000   23.28826760
 612.00000000   23.28835198
 612.10000000   23.28843616
 612.20000000   23.28852013
 612.30000000   23.28860390
 612.40000000   23.28868747
 612.50000000   23.28877083
 612.60000000   23.28885399
 612.70000000   23.28893694
 612.80000000   23.28901970
 612.90000000   23.28910225
 613.00000000   23.28918460
 613.10000000   23.28926675
 613.20000000   23.28934869
 613.30000000   23.28943043
 613.40000000   23.28951197
 613.50000000   23.28959331
 613.60000000   23.28967445
 613.70000000   23.28975538
 613.80000000   23.28983611
 613.90000000   23.28991665
 614.00000000   23.28999698
 614.10000000   23.29007710
 614.20000000   23.29015703
 614.30000000   23.29023676
 614.40000000   23.29031628
 614.50000000   23.29039561
 614.60000000   23.29047473
 614.70000000   23.29055366
 614.80000000   23.29063238
 614.90000000   23.29071090
 615.00000000   23.29078922
 615.10000000   23.29086734
 615.20000000   23.29094526
 615.30000000   23.29102299
 615.40000000   23.29110051
 615.50000000   23.29117783
 615.60000000   23.29125495
 615.70000000   23.29133187
 615.80000000   23.29140859
 615.90000000   23.29148512
 616.00000000   23.29156144
 616.10000000   23.29163757
 616.20000000   23.29171349
 616.30000000   23.29178922
 616.40000000   23.29186475
 616.50000000   23.29194008
 616.60000000   23.29201521
 616.70000000   23.29209014
 616.80000000   23.29216487
 616.90000000   23.29223941
 617.00000000   23.29231374
 617.10000000   23.29238788
 617.20000000   23.29246182
 617.30000000   23.29253556
 617.40000000   23.29260911
 617.50000000   23.29268245
 617.60000000   23.29275560
 617.70000000   23.29282856
 617.80000000   23.29290131
 617.90000000   23.29297387
 618.00000000   23.29304623
 618.10000000   23.29311839
 618.20000000   23.29319035
 618.30000000   23.29326212
 618.40000000   23.29333370
 618.50000000   23.29340507
 618.60000000   23.29347625
 618.70000000   23.29354723
 618.80000000   23.29361802
 618.90000000   23.29368861
 619.00000000   23.29375900
 619.10000000   23.29382920
 619.20000000   23.29389920
 619.30000000   23.29396900
 619.40000000   23.29403861
 619.50000000   23.29410803
 619.60000000   23.29417725
 619.70000000   23.29424627
 619.80000000   23.29431510
 619.90000000   23.29438373
 620.00000000   23.29445217
 620.10000000   23.29452041
 620.20000000   23.29458846
 620.30000000   23.29465631
 620.40000000   23.29472397
 620.50000000   23.29479143
 620.60000000   23.29485870
 620.70000000   23.29492577
 620.80000000   23.29499265
 620.90000000   23.29505934
 621.00000000   23.29512583
 621.10000000   23.29519213
 621.20000000   23.29525823
 621.30000000   23.29532414
 621.40000000   23.29538986
 621.50000000   23.29545538
 621.60000000   23.29552071
 621.70000000   23.29558585
 621.80000000   23.29565079
 621.90000000   23.29571554
 622.00000000   23.29578010
 622.10000000   23.29584446
 622.20000000   23.29590863
 622.30000000   23.29597261
 622.40000000   23.29603639
 622.50000000   23.29609999
 622.60000000   23.29616339
 622.70000000   23.29622659
 622.80000000   23.29628961
 622.90000000   23.29635243
 623.00000000   23.29641506
 623.10000000   23.29647750
 623.20000000   23.29653975
 623.30000000   23.29660181
 623.40000000   23.29666367
 623.50000000   23.29672534
 623.60000000   23.29678682
 623.70000000   23.29684811
 623.80000000   23.29690921
 623.90000000   23.29697012
 624.00000000   23.29703084
 624.10000000   23.29709136
 624.20000000   23.29715170
 624.30000000   23.29721184
 624.40000000   23.29727179
 624.50000000   23.29733156
 624.60000000   23.29739113
 624.70000000   23.29745051
 624.80000000   23.29750970
 624.90000000   23.29756870
 625.00000000   23.29762752
 625.10000000   23.29768614
 625.20000000   23.29774457
 625.30000000   23.29780281
 625.40000000   23.29786086
 625.50000000   23.29791873
 625.60000000   23.29797640
 625.70000000   23.29803389
 625.80000000   23.29809118
 625.90000000   23.29814829
 626.00000000   23.29820520
 626.10000000   23.29826193
 626.20000000   23.29831847
 626.30000000   23.29837482
 626.40000000   23.29843098
 626.50000000   23.29848696
 626.60000000   23.29854274
 626.70000000   23.29859834
 626.80000000   23.29865375
 626.90000000   23.29870897
 627.00000000   23.29876400
 627.10000000   23.29881885
 627.20000000   23.29887350
 627.30000000   23.29892797
 627.40000000   23.29898225
 627.50000000   23.29903635
 627.60000000   23.29909025
 627.70000000   23.29914397
 627.80000000   23.29919751
 627.90000000   23.29925085
 628.00000000   23.29930401
 628.10000000   23.29935698
 628.20000000   23.29940976
 628.30000000   23.29946236
 628.40000000   23.29951477
 628.50000000   23.29956700
 628.60000000   23.29961904
 628.70000000   23.29967089
 628.80000000   23.29972255
 628.90000000   23.29977403
 629.00000000   23.29982533
 629.10000000   23.29987643
 629.20000000   23.29992736
 629.30000000   23.29997809
 629.40000000   23.30002864
 629.50000000   23.30007901
 629.60000000   23.30012919
 629.70000000   23.30017918
 629.80000000   23.30022899
 629.90000000   23.30027861
 630.00000000   23.30032805
 630.10000000   23.30037731
 630.20000000   23.30042638
 630.30000000   23.30047526
 630.40000000   23.30052396
 630.50000000   23.30057247
 630.60000000   23.30062081
 630.70000000   23.30066895
 630.80000000   23.30071691
 630.90000000   23.30076469
 631.00000000   23.30081229
 631.10000000   23.30085970
 631.20000000   23.30090692
 631.30000000   23.30095397
 631.40000000   23.30100083
 631.50000000   23.30104750
 631.60000000   23.30109399
 631.70000000   23.30114030
 631.80000000   23.30118643
 631.90000000   23.30123237
 632.00000000   23.30127813
 632.10000000   23.30132371
 632.20000000   23.30136910
 632.30000000   23.30141431
 632.40000000   23.30145934
 632.50000000   23.30150418
 632.60000000   23.30154885
 632.70000000   23.30159333
 632.80000000   23.30163763
 632.90000000   23.30168174
 633.00000000   23.30172568
 633.10000000   23.30176943
 633.20000000   23.30181300
 633.30000000   23.30185639
 633.40000000   23.30189960
 633.50000000   23.30194262
 633.60000000   23.30198546
 633.70000000   23.30202813
 633.80000000   23.30207061
 633.90000000   23.30211291
 634.00000000   23.30215503
 634.10000000   23.30219697
 634.20000000   23.30223872
 634.30000000   23.30228030
 634.40000000   23.30232169
 634.50000000   23.30236291
 634.60000000   23.30240394
 634.70000000   23.30244480
 634.80000000   23.30248547
 634.90000000   23.30252597
 635.00000000   23.30256628
 635.10000000   23.30260641
 635.20000000   23.30264637
 635.30000000   23.30268614
 635.40000000   23.30272573
 635.50000000   23.30276515
 635.60000000   23.30280438
 635.70000000   23.30284344
 635.80000000   23.30288231
 635.90000000   23.30292101
 636.00000000   23.30295953
 636.10000000   23.30299787
 636.20000000   23.30303603
 636.30000000   23.30307401
 636.40000000   23.30311181
 636.50000000   23.30314943
 636.60000000   23.30318688
 636.70000000   23.30322414
 636.80000000   23.30326123
 636.90000000   23.30329814
 637.00000000   23.30333487
 637.10000000   23.30337143
 637.20000000   23.30340780
 637.30000000   23.30344400
 637.40000000   23.30348002
 637.50000000   23.30351586
 637.60000000   23.30355152
 637.70000000   23.30358701
 637.80000000   23.30362232
 637.90000000   23.30365745
 638.00000000   23.30369241
 638.10000000   23.30372718
 638.20000000   23.30376178
 638.30000000   23.30379621
 638.40000000   23.30383045
 638.50000000   23.30386452
 638.60000000   23.30389842
 638.70000000   23.30393213
 638.80000000   23.30396567
 638.90000000   23.30399904
 639.00000000   23.30403222
 639.10000000   23.30406524
 639.20000000   23.30409807
 639.30000000   23.30413073
 639.40000000   23.30416321
 639.50000000   23.30419552
 639.60000000   23.30422765
 639.70000000   23.30425961
 639.80000000   23.30429139
 639.90000000   23.30432300
 640.00000000   23.30435443
 640.10000000   23.30438568
 640.20000000   23.30441676
 640.30000000   23.30444766
 640.40000000   23.30447839
 640.50000000   23.30450895
 640.60000000   23.30453933
 640.70000000   23.30456953
 640.80000000   23.30459956
 640.90000000   23.30462942
 641.00000000   23.30465910
 641.10000000   23.30468861
 641.20000000   23.30471794
 641.30000000   23.30474710
 641.40000000   23.30477609
 641.50000000   23.30480490
 641.60000000   23.30483353
 641.70000000   23.30486200
 641.80000000   23.30489029
 641.90000000   23.30491840
 642.00000000   23.30494635
 642.10000000   23.30497412
 642.20000000   23.30500171
 642.30000000   23.30502914
 642.40000000   23.30505639
 642.50000000   23.30508346
 642.60000000   23.30511037
 642.70000000   23.30513710
 642.80000000   23.30516366
 642.90000000   23.30519004
 643.00000000   23.30521626
 643.10000000   23.30524230
 643.20000000   23.30526817
 643.30000000   23.30529386
 643.40000000   23.30531939
 643.50000000   23.30534474
 643.60000000   23.30536992
 643.70000000   23.30539493
 643.80000000   23.30541977
 643.90000000   23.30544443
 644.00000000   23.30546893
 644.10000000   23.30549325
 644.20000000   23.30551740
 644.30000000   23.30554138
 644.40000000   23.30556519
 644.50000000   23.30558882
 644.60000000   23.30561229
 644.70000000   23.30563558
 644.80000000   23.30565871
 644.90000000   23.30568166
 645.00000000   23.30570444
 645.10000000   23.30572706
 645.20000000   23.30574950
 645.30000000   23.30577177
 645.40000000   23.30579387
 645.50000000   23.30581580
 645.60000000   23.30583756
 645.70000000   23.30585915
 645.80000000   23.30588057
 645.90000000   23.30590182
 646.00000000   23.30592290
 646.10000000   23.30594382
 646.20000000   23.30596456
 646.30000000   23.30598513
 646.40000000   23.30600553
 646.50000000   23.30602577
 646.60000000   23.30604583
 646.70000000   23.30606573
 646.80000000   23.30608545
 646.90000000   23.30610501
 647.00000000   23.30612440
 647.10000000   23.30614362
 647.20000000   23.30616267
 647.30000000   23.30618156
 647.40000000   23.30620027
 647.50000000   23.30621882
 647.60000000   23.30623719
 647.70000000   23.30625540
 647.80000000   23.30627345
 647.90000000   23.30629132
 648.00000000   23.30630903
 648.10000000   23.30632656
 648.20000000   23.30634393
 648.30000000   23.30636114
 648.40000000   23.30637817
 648.50000000   23.30639504
 648.60000000   23.30641174
 648.70000000   23.30642827
 648.80000000   23.30644464
 648.90000000   23.30646084
 649.00000000   23.30647687
 649.10000000   23.30649273
 649.20000000   23.30650843
 649.30000000   23.30652396
 649.40000000   23.30653933
 649.50000000   23.30655452
 649.60000000   23.30656956
 649.70000000   23.30658442
 649.80000000   23.30659912
 649.90000000   23.30661365
 650.00000000   23.30662802
 650.10000000   23.30664222
 650.20000000   23.30665625
 650.30000000   23.30667012
 650.40000000   23.30668383
 650.50000000   23.30669736
 650.60000000   23.30671074
 650.70000000   23.30672394
 650.80000000   23.30673698
 650.90000000   23.30674986
 651.00000000   23.30676257
 651.10000000   23.30677512
 651.20000000   23.30678750
 651.30000000   23.30679971
 651.40000000   23.30681176
 651.50000000   23.30682365
 651.60000000   23.30683537
 651.70000000   23.30684693
 651.80000000   23.30685832
 651.90000000   23.30686955
 652.00000000   23.30688061
 652.10000000   23.30689151
 652.20000000   23.30690225
 652.30000000   23.30691282
 652.40000000   23.30692323
 652.50000000   23.30693347
 652.60000000   23.30694355
 652.70000000   23.30695347
 652.80000000   23.30696322
 652.90000000   23.30697281
 653.00000000   23.30698223
 653.10000000   23.30699150
 653.20000000   23.30700060
 653.30000000   23.30700953
 653.40000000   23.30701830
 653.50000000   23.30702691
 653.60000000   23.30703536
 653.70000000   23.30704365
 653.80000000   23.30705177
 653.90000000   23.30705973
 654.00000000   23.30706752
 654.10000000   23.30707516
 654.20000000   23.30708263
 654.30000000   23.30708994
 654.40000000   23.30709709
 654.50000000   23.30710407
 654.60000000   23.30711090
 654.70000000   23.30711756
 654.80000000   23.30712406
 654.90000000   23.30713040
 655.00000000   23.30713657
 655.10000000   23.30714259
 655.20000000   23.30714844
 655.30000000   23.30715413
 655.40000000   23.30715966
 655.50000000   23.30716503
 655.60000000   23.30717024
 655.70000000   23.30717529
 655.80000000   23.30718018
 655.90000000   23.30718490
 656.00000000   23.30718947
 656.10000000   23.30719387
 656.20000000   23.30719811
 656.30000000   23.30720220
 656.40000000   23.30720612
 656.50000000   23.30720988
 656.60000000   23.30721349
 656.70000000   23.30721693
 656.80000000   23.30722021
 656.90000000   23.30722333
 657.00000000   23.30722629
 657.10000000   23.30722910
 657.20000000   23.30723174
 657.30000000   23.30723422
 657.40000000   23.30723655
 657.50000000   23.30723871
 657.60000000   23.30724072
 657.70000000   23.30724256
 657.80000000   23.30724425
 657.90000000   23.30724578
 658.00000000   23.30724715
 658.10000000   23.30724835
 658.20000000   23.30724941
 658.30000000   23.30725030
 658.40000000   23.30725103
 658.50000000   23.30725161
 658.60000000   23.30725202
 658.70000000   23.30725228
 658.80000000   23.30725238
 658.90000000   23.30725232
 659.00000000   23.30725210
 659.10000000   23.30725173
 659.20000000   23.30725120
 659.30000000   23.30725051
 659.40000000   23.30724966
 659.50000000   23.30724865
 659.60000000   23.30724749
 659.70000000   23.30724617
 659.80000000   23.30724469
 659.90000000   23.30724305
 660.00000000   23.30724126
 660.10000000   23.30723931
 660.20000000   23.30723720
 660.30000000   23.30723494
 660.40000000   23.30723252
 660.50000000   23.30722994
 660.60000000   23.30722720
 660.70000000   23.30722431
 660.80000000   23.30722126
 660.90000000   23.30721806
 661.00000000   23.30721470
 661.10000000   23.30721118
 661.20000000   23.30720751
 661.30000000   23.30720368
 661.40000000   23.30719969
 661.50000000   23.30719555
 661.60000000   23.30719125
 661.70000000   23.30718680
 661.80000000   23.30718219
 661.90000000   23.30717742
 662.00000000   23.30717250
 662.10000000   23.30716743
 662.20000000   23.30716220
 662.30000000   23.30715681
 662.40000000   23.30715127
 662.50000000   23.30714557
 662.60000000   23.30713972
 662.70000000   23.30713371
 662.80000000   23.30712755
 662.90000000   23.30712124
 663.00000000   23.30711476
 663.10000000   23.30710814
 663.20000000   23.30710136
 663.30000000   23.30709442
 663.40000000   23.30708733
 663.50000000   23.30708009
 663.60000000   23.30707269
 663.70000000   23.30706514
 663.80000000   23.30705744
 663.90000000   23.30704958
 664.00000000   23.30704156
 664.10000000   23.30703340
 664.20000000   23.30702508
 664.30000000   23.30701660
 664.40000000   23.30700797
 664.50000000   23.30699919
 664.60000000   23.30699026
 664.70000000   23.30698117
 664.80000000   23.30697193
 664.90000000   23.30696253
 665.00000000   23.30695299
 665.10000000   23.30694329
 665.20000000   23.30693343
 665.30000000   23.30692343
 665.40000000   23.30691327
 665.50000000   23.30690296
 665.60000000   23.30689250
 665.70000000   23.30688188
 665.80000000   23.30687111
 665.90000000   23.30686019
 666.00000000   23.30684912
 666.10000000   23.30683789
 666.20000000   23.30682652
 666.30000000   23.30681499
 666.40000000   23.30680331
 666.50000000   23.30679148
 666.60000000   23.30677949
 666.70000000   23.30676736
 666.80000000   23.30675507
 666.90000000   23.30674263
 667.00000000   23.30673004
 667.10000000   23.30671730
 667.20000000   23.30670441
 667.30000000   23.30669137
 667.40000000   23.30667817
 667.50000000   23.30666483
 667.60000000   23.30665133
 667.70000000   23.30663768
 667.80000000   23.30662389
 667.90000000   23.30660994
 668.00000000   23.30659584
 668.10000000   23.30658159
 668.20000000   23.30656719
 668.30000000   23.30655264
 668.40000000   23.30653795
 668.50000000   23.30652310
 668.60000000   23.30650810
 668.70000000   23.30649295
 668.80000000   23.30647765
 668.90000000   23.30646220
 669.00000000   23.30644660
 669.10000000   23.30643085
 669.20000000   23.30641495
 669.30000000   23.30639891
 669.40000000   23.30638271
 669.50000000   23.30636637
 669.60000000   23.30634987
 669.70000000   23.30633323
 669.80000000   23.30631643
 669.90000000   23.30629949
 670.00000000   23.30628240
 670.10000000   23.30626516
 670.20000000   23.30624777
 670.30000000   23.30623024
 670.40000000   23.30621255
 670.50000000   23.30619472
 670.60000000   23.30617674
 670.70000000   23.30615861
 670.80000000   23.30614033
 670.90000000   23.30612190
 671.00000000   23.30610333
 671.10000000   23.30608460
 671.20000000   23.30606573
 671.30000000   23.30604672
 671.40000000   23.30602755
 671.50000000   23.30600824
 671.60000000   23.30598877
 671.70000000   23.30596917
 671.80000000   23.30594941
 671.90000000   23.30592951
 672.00000000   23.30590946
 672.10000000   23.30588926
 672.20000000   23.30586892
 672.30000000   23.30584842
 672.40000000   23.30582779
 672.50000000   23.30580700
 672.60000000   23.30578607
 672.70000000   23.30576499
 672.80000000   23.30574377
 672.90000000   23.30572239
 673.00000000   23.30570088
 673.10000000   23.30567921
 673.20000000   23.30565740
 673.30000000   23.30563545
 673.40000000   23.30561334
 673.50000000   23.30559110
 673.60000000   23.30556870
 673.70000000   23.30554616
 673.80000000   23.30552347
 673.90000000   23.30550064
 674.00000000   23.30547767
 674.10000000   23.30545454
 674.20000000   23.30543127
 674.30000000   23.30540786
 674.40000000   23.30538430
 674.50000000   23.30536060
 674.60000000   23.30533675
 674.70000000   23.30531276
 674.80000000   23.30528862
 674.90000000   23.30526433
 675.00000000   23.30523990
 675.10000000   23.30521533
 675.20000000   23.30519061
 675.30000000   23.30516575
 675.40000000   23.30514074
 675.50000000   23.30511559
 675.60000000   23.30509030
 675.70000000   23.30506486
 675.80000000   23.30503927
 675.90000000   23.30501355
 676.00000000   23.30498767
 676.10000000   23.30496166
 676.20000000   23.30493550
 676.30000000   23.30490920
 676.40000000   23.30488275
 676.50000000   23.30485616
 676.60000000   23.30482942
 676.70000000   23.30480255
 676.80000000   23.30477553
 676.90000000   23.30474836
 677.00000000   23.30472105
 677.10000000   23.30469360
 677.20000000   23.30466601
 677.30000000   23.30463827
 677.40000000   23.30461040
 677.50000000   23.30458237
 677.60000000   23.30455421
 677.70000000   23.30452590
 677.80000000   23.30449745
 677.90000000   23.30446886
 678.00000000   23.30444013
 678.10000000   23.30441125
 678.20000000   23.30438223
 678.30000000   23.30435307
 678.40000000   23.30432377
 678.50000000   23.30429432
 678.60000000   23.30426473
 678.70000000   23.30423500
 678.80000000   23.30420513
 678.90000000   23.30417512
 679.00000000   23.30414497
 679.10000000   23.30411467
 679.20000000   23.30408423
 679.30000000   23.30405366
 679.40000000   23.30402294
 679.50000000   23.30399208
 679.60000000   23.30396107
 679.70000000   23.30392993
 679.80000000   23.30389865
 679.90000000   23.30386722
 680.00000000   23.30383566
 680.10000000   23.30380395
 680.20000000   23.30377210
 680.30000000   23.30374012
 680.40000000   23.30370799
 680.50000000   23.30367572
 680.60000000   23.30364331
 680.70000000   23.30361076
 680.80000000   23.30357807
 680.90000000   23.30354524
 681.00000000   23.30351227
 681.10000000   23.30347916
 681.20000000   23.30344591
 681.30000000   23.30341253
 681.40000000   23.30337900
 681.50000000   23.30334533
 681.60000000   23.30331152
 681.70000000   23.30327757
 681.80000000   23.30324349
 681.90000000   23.30320926
 682.00000000   23.30317490
 682.10000000   23.30314039
 682.20000000   23.30310575
 682.30000000   23.30307097
 682.40000000   23.30303604
 682.50000000   23.30300098
 682.60000000   23.30296578
 682.70000000   23.30293045
 682.80000000   23.30289497
 682.90000000   23.30285936
 683.00000000   23.30282360
 683.10000000   23.30278771
 683.20000000   23.30275168
 683.30000000   23.30271551
 683.40000000   23.30267921
 683.50000000   23.30264276
 683.60000000   23.30260618
 683.70000000   23.30256946
 683.80000000   23.30253260
 683.90000000   23.30249560
 684.00000000   23.30245847
 684.10000000   23.30242120
 684.20000000   23.30238379
 684.30000000   23.30234624
 684.40000000   23.30230856
 684.50000000   23.30227074
 684.60000000   23.30223278
 684.70000000   23.30219468
 684.80000000   23.30215645
 684.90000000   23.30211808
 685.00000000   23.30207957
 685.10000000   23.30204093
 685.20000000   23.30200215
 685.30000000   23.30196323
 685.40000000   23.30192418
 685.50000000   23.30188499
 685.60000000   23.30184566
 685.70000000   23.30180620
 685.80000000   23.30176660
 685.90000000   23.30172687
 686.00000000   23.30168699
 686.10000000   23.30164699
 686.20000000   23.30160684
 686.30000000   23.30156656
 686.40000000   23.30152615
 686.50000000   23.30148560
 686.60000000   23.30144491
 686.70000000   23.30140409
 686.80000000   23.30136313
 686.90000000   23.30132203
 687.00000000   23.30128081
 687.10000000   23.30123944
 687.20000000   23.30119794
 687.30000000   23.30115631
 687.40000000   23.30111454
 687.50000000   23.30107263
 687.60000000   23.30103059
 687.70000000   23.30098842
 687.80000000   23.30094611
 687.90000000   23.30090366
 688.00000000   23.30086108
 688.10000000   23.30081837
 688.20000000   23.30077552
 688.30000000   23.30073254
 688.40000000   23.30068942
 688.50000000   23.30064617
 688.60000000   23.30060279
 688.70000000   23.30055927
 688.80000000   23.30051561
 688.90000000   23.30047183
 689.00000000   23.30042790
 689.10000000   23.30038385
 689.20000000   23.30033966
 689.30000000   23.30029534
 689.40000000   23.30025088
 689.50000000   23.30020629
 689.60000000   23.30016157
 689.70000000   23.30011671
 689.80000000   23.30007172
 689.90000000   23.30002660
 690.00000000   23.29998134
 690.10000000   23.29993596
 690.20000000   23.29989043
 690.30000000   23.29984478
 690.40000000   23.29979899
 690.50000000   23.29975307
 690.60000000   23.29970702
 690.70000000   23.29966083
 690.80000000   23.29961451
 690.90000000   23.29956806
 691.00000000   23.29952148
 691.10000000   23.29947476
 691.20000000   23.29942791
 691.30000000   23.29938093
 691.40000000   23.29933382
 691.50000000   23.29928658
 691.60000000   23.29923920
 691.70000000   23.29919169
 691.80000000   23.29914405
 691.90000000   23.29909628
 692.00000000   23.29904838
 692.10000000   23.29900034
 692.20000000   23.29895217
 692.30000000   23.29890388
 692.40000000   23.29885545
 692.50000000   23.29880689
 692.60000000   23.29875820
 692.70000000   23.29870937
 692.80000000   23.29866042
 692.90000000   23.29861133
 693.00000000   23.29856212
 693.10000000   23.29851277
 693.20000000   23.29846329
 693.30000000   23.29841369
 693.40000000   23.29836395
 693.50000000   23.29831408
 693.60000000   23.29826408
 693.70000000   23.29821395
 693.80000000   23.29816369
 693.90000000   23.29811330
 694.00000000   23.29806277
 694.10000000   23.29801212
 694.20000000   23.29796134
 694.30000000   23.29791043
 694.40000000   23.29785939
 694.50000000   23.29780822
 694.60000000   23.29775692
 694.70000000   23.29770549
 694.80000000   23.29765393
 694.90000000   23.29760224
 695.00000000   23.29755042
 695.10000000   23.29749847
 695.20000000   23.29744640
 695.30000000   23.29739419
 695.40000000   23.29734185
 695.50000000   23.29728939
 695.60000000   23.29723679
 695.70000000   23.29718407
 695.80000000   23.29713122
 695.90000000   23.29707824
 696.00000000   23.29702513
 696.10000000   23.29697189
 696.20000000   23.29691852
 696.30000000   23.29686503
 696.40000000   23.29681141
 696.50000000   23.29675765
 696.60000000   23.29670377
 696.70000000   23.29664977
 696.80000000   23.29659563
 696.90000000   23.29654136
 697.00000000   23.29648697
 697.10000000   23.29643245
 697.20000000   23.29637780
 697.30000000   23.29632303
 697.40000000   23.29626812
 697.50000000   23.29621309
 697.60000000   23.29615793
 697.70000000   23.29610265
 697.80000000   23.29604723
 697.90000000   23.29599169
 698.00000000   23.29593602
 698.10000000   23.29588023
 698.20000000   23.29582430
 698.30000000   23.29576825
 698.40000000   23.29571208
 698.50000000   23.29565577
 698.60000000   23.29559934
 698.70000000   23.29554279
 698.80000000   23.29548610
 698.90000000   23.29542929
 699.00000000   23.29537235
 699.10000000   23.29531529
 699.20000000   23.29525810
 699.30000000   23.29520078
 699.40000000   23.29514334
 699.50000000   23.29508577
 699.60000000   23.29502807
 699.70000000   23.29497025
 699.80000000   23.29491231
 699.90000000   23.29485423
 700.00000000   23.29479603
 700.10000000   23.29473771
 700.20000000   23.29467926
 700.30000000   23.29462068
 700.40000000   23.29456198
 700.50000000   23.29450315
 700.60000000   23.29444420
 700.70000000   23.29438512
 700.80000000   23.29432592
 700.90000000   23.29426659
 701.00000000   23.29420714
 701.10000000   23.29414756
 701.20000000   23.29408785
 701.30000000   23.29402803
 701.40000000   23.29396807
 701.50000000   23.29390799
 701.60000000   23.29384779
 701.70000000   23.29378746
 701.80000000   23.29372701
 701.90000000   23.29366644
 702.00000000   23.29360573
 702.10000000   23.29354491
 702.20000000   23.29348396
 702.30000000   23.29342288
 702.40000000   23.29336169
 702.50000000   23.29330036
 702.60000000   23.29323892
 702.70000000   23.29317735
 702.80000000   23.29311565
 702.90000000   23.29305384
 703.00000000   23.29299190
 703.10000000   23.29292983
 703.20000000   23.29286764
 703.30000000   23.29280533
 703.40000000   23.29274289
 703.50000000   23.29268033
 703.60000000   23.29261765
 703.70000000   23.29255485
 703.80000000   23.29249192
 703.90000000   23.29242887
 704.00000000   23.29236569
 704.10000000   23.29230239
 704.20000000   23.29223897
 704.30000000   23.29217543
 704.40000000   23.29211176
 704.50000000   23.29204797
 704.60000000   23.29198406
 704.70000000   23.29192003
 704.80000000   23.29185587
 704.90000000   23.29179159
 705.00000000   23.29172719
 705.10000000   23.29166267
 705.20000000   23.29159802
 705.30000000   23.29153325
 705.40000000   23.29146836
 705.50000000   23.29140335
 705.60000000   23.29133822
 705.70000000   23.29127296
 705.80000000   23.29120758
 705.90000000   23.29114209
 706.00000000   23.29107646
 706.10000000   23.29101072
 706.20000000   23.29094486
 706.30000000   23.29087887
 706.40000000   23.29081277
 706.50000000   23.29074654
 706.60000000   23.29068019
 706.70000000   23.29061372
 706.80000000   23.29054713
 706.90000000   23.29048042
 707.00000000   23.29041358
 707.10000000   23.29034663
 707.20000000   23.29027955
 707.30000000   23.29021236
 707.40000000   23.29014504
 707.50000000   23.29007760
 707.60000000   23.29001005
 707.70000000   23.28994237
 707.80000000   23.28987457
 707.90000000   23.28980665
 708.00000000   23.28973861
 708.10000000   23.28967045
 708.20000000   23.28960217
 708.30000000   23.28953377
 708.40000000   23.28946526
 708.50000000   23.28939662
 708.60000000   23.28932786
 708.70000000   23.28925898
 708.80000000   23.28918998
 708.90000000   23.28912086
 709.00000000   23.28905162
 709.10000000   23.28898227
 709.20000000   23.28891279
 709.30000000   23.28884319
 709.40000000   23.28877348
 709.50000000   23.28870364
 709.60000000   23.28863369
 709.70000000   23.28856362
 709.80000000   23.28849342
 709.90000000   23.28842311
 710.00000000   23.28835268
 710.10000000   23.28828214
 710.20000000   23.28821147
 710.30000000   23.28814068
 710.40000000   23.28806978
 710.50000000   23.28799875
 710.60000000   23.28792761
 710.70000000   23.28785635
 710.80000000   23.28778497
 710.90000000   23.28771348
 711.00000000   23.28764186
 711.10000000   23.28757013
 711.20000000   23.28749828
 711.30000000   23.28742631
 711.40000000   23.28735422
 711.50000000   23.28728202
 711.60000000   23.28720969
 711.70000000   23.28713725
 711.80000000   23.28706469
 711.90000000   23.28699202
 712.00000000   23.28691922
 712.10000000   23.28684631
 712.20000000   23.28677329
 712.30000000   23.28670014
 712.40000000   23.28662688
 712.50000000   23.28655350
 712.60000000   23.28648000
 712.70000000   23.28640638
 712.80000000   23.28633265
 712.90000000   23.28625881
 713.00000000   23.28618484
 713.10000000   23.28611076
 713.20000000   23.28603656
 713.30000000   23.28596224
 713.40000000   23.28588781
 713.50000000   23.28581326
 713.60000000   23.28573860
 713.70000000   23.28566382
 713.80000000   23.28558892
 713.90000000   23.28551390
 714.00000000   23.28543877
 714.10000000   23.28536353
 714.20000000   23.28528817
 714.30000000   23.28521269
 714.40000000   23.28513709
 714.50000000   23.28506138
 714.60000000   23.28498556
 714.70000000   23.28490961
 714.80000000   23.28483356
 714.90000000   23.28475738
 715.00000000   23.28468109
 715.10000000   23.28460469
 715.20000000   23.28452817
 715.30000000   23.28445154
 715.40000000   23.28437479
 715.50000000   23.28429792
 715.60000000   23.28422094
 715.70000000   23.28414384
 715.80000000   23.28406663
 715.90000000   23.28398931
 716.00000000   23.28391187
 716.10000000   23.28383431
 716.20000000   23.28375664
 716.30000000   23.28367886
 716.40000000   23.28360096
 716.50000000   23.28352294
 716.60000000   23.28344481
 716.70000000   23.28336657
 716.80000000   23.28328821
 716.90000000   23.28320974
 717.00000000   23.28313116
 717.10000000   23.28305246
 717.20000000   23.28297364
 717.30000000   23.28289472
 717.40000000   23.28281567
 717.50000000   23.28273652
 717.60000000   23.28265725
 717.70000000   23.28257786
 717.80000000   23.28249837
 717.90000000   23.28241876
 718.00000000   23.28233903
 718.10000000   23.28225919
 718.20000000   23.28217924
 718.30000000   23.28209918
 718.40000000   23.28201900
 718.50000000   23.28193871
 718.60000000   23.28185830
 718.70000000   23.28177779
 718.80000000   23.28169716
 718.90000000   23.28161641
 719.00000000   23.28153556
 719.10000000   23.28145459
 719.20000000   23.28137350
 719.30000000   23.28129231
 719.40000000   23.28121100
 719.50000000   23.28112958
 719.60000000   23.28104805
 719.70000000   23.28096640
 719.80000000   23.28088465
 719.90000000   23.28080278
 720.00000000   23.28072079
 720.10000000   23.28063870
 720.20000000   23.28055649
 720.30000000   23.28047417
 720.40000000   23.28039174
 720.50000000   23.28030920
 720.60000000   23.28022655
 720.70000000   23.28014378
 720.80000000   23.28006090
 720.90000000   23.27997791
 721.00000000   23.27989481
 721.10000000   23.27981160
 721.20000000   23.27972827
 721.30000000   23.27964484
 721.40000000   23.27956129
 721.50000000   23.27947763
 721.60000000   23.27939386
 721.70000000   23.27930998
 721.80000000   23.27922599
 721.90000000   23.27914188
 722.00000000   23.27905767
 722.10000000   23.27897335
 722.20000000   23.27888891
 722.30000000   23.27880436
 722.40000000   23.27871971
 722.50000000   23.27863494
 722.60000000   23.27855006
 722.70000000   23.27846507
 722.80000000   23.27837997
 722.90000000   23.27829476
 723.00000000   23.27820944
 723.10000000   23.27812401
 723.20000000   23.27803847
 723.30000000   23.27795282
 723.40000000   23.27786705
 723.50000000   23.27778118
 723.60000000   23.27769520
 723.70000000   23.27760911
 723.80000000   23.27752291
 723.90000000   23.27743660
 724.00000000   23.27735018
 724.10000000   23.27726365
 724.20000000   23.27717701
 724.30000000   23.27709026
 724.40000000   23.27700340
 724.50000000   23.27691643
 724.60000000   23.27682935
 724.70000000   23.27674217
 724.80000000   23.27665487
 724.90000000   23.27656747
 725.00000000   23.27647995
 725.10000000   23.27639233
 725.20000000   23.27630460
 725.30000000   23.27621675
 725.40000000   23.27612880
 725.50000000   23.27604075
 725.60000000   23.27595258
 725.70000000   23.27586430
 725.80000000   23.27577592
 725.90000000   23.27568742
 726.00000000   23.27559882
 726.10000000   23.27551011
 726.20000000   23.27542129
 726.30000000   23.27533237
 726.40000000   23.27524333
 726.50000000   23.27515419
 726.60000000   23.27506494
 726.70000000   23.27497558
 726.80000000   23.27488611
 726.90000000   23.27479654
 727.00000000   23.27470685
 727.10000000   23.27461706
 727.20000000   23.27452717
 727.30000000   23.27443716
 727.40000000   23.27434705
 727.50000000   23.27425683
 727.60000000   23.27416650
 727.70000000   23.27407606
 727.80000000   23.27398552
 727.90000000   23.27389487
 728.00000000   23.27380411
 728.10000000   23.27371324
 728.20000000   23.27362227
 728.30000000   23.27353119
 728.40000000   23.27344001
 728.50000000   23.27334872
 728.60000000   23.27325732
 728.70000000   23.27316581
 728.80000000   23.27307420
 728.90000000   23.27298248
 729.00000000   23.27289065
 729.10000000   23.27279872
 729.20000000   23.27270668
 729.30000000   23.27261453
 729.40000000   23.27252228
 729.50000000   23.27242992
 729.60000000   23.27233746
 729.70000000   23.27224489
 729.80000000   23.27215221
 729.90000000   23.27205943
 730.00000000   23.27196654
 730.10000000   23.27187354
 730.20000000   23.27178044
 730.30000000   23.27168724
 730.40000000   23.27159392
 730.50000000   23.27150051
 730.60000000   23.27140698
 730.70000000   23.27131335
 730.80000000   23.27121962
 730.90000000   23.27112578
 731.00000000   23.27103183
 731.10000000   23.27093778
 731.20000000   23.27084363
 731.30000000   23.27074937
 731.40000000   23.27065500
 731.50000000   23.27056053
 731.60000000   23.27046595
 731.70000000   23.27037127
 731.80000000   23.27027649
 731.90000000   23.27018160
 732.00000000   23.27008660
 732.10000000   23.26999150
 732.20000000   23.26989630
 732.30000000   23.26980099
 732.40000000   23.26970557
 732.50000000   23.26961005
 732.60000000   23.26951443
 732.70000000   23.26941870
 732.80000000   23.26932287
 732.90000000   23.26922694
 733.00000000   23.26913090
 733.10000000   23.26903475
 733.20000000   23.26893851
 733.30000000   23.26884216
 733.40000000   23.26874570
 733.50000000   23.26864914
 733.60000000   23.26855248
 733.70000000   23.26845571
 733.80000000   23.26835884
 733.90000000   23.26826187
 734.00000000   23.26816479
 734.10000000   23.26806761
 734.20000000   23.26797032
 734.30000000   23.26787293
 734.40000000   23.26777544
 734.50000000   23.26767785
 734.60000000   23.26758015
 734.70000000   23.26748235
 734.80000000   23.26738445
 734.90000000   23.26728644
 735.00000000   23.26718833
 735.10000000   23.26709012
 735.20000000   23.26699180
 735.30000000   23.26689338
 735.40000000   23.26679486
 735.50000000   23.26669624
 735.60000000   23.26659751
 735.70000000   23.26649868
 735.80000000   23.26639975
 735.90000000   23.26630072
 736.00000000   23.26620158
 736.10000000   23.26610235
 736.20000000   23.26600301
 736.30000000   23.26590356
 736.40000000   23.26580402
 736.50000000   23.26570437
 736.60000000   23.26560462
 736.70000000   23.26550477
 736.80000000   23.26540482
 736.90000000   23.26530477
 737.00000000   23.26520461
 737.10000000   23.26510435
 737.20000000   23.26500399
 737.30000000   23.26490353
 737.40000000   23.26480297
 737.50000000   23.26470231
 737.60000000   23.26460154
 737.70000000   23.26450067
 737.80000000   23.26439971
 737.90000000   23.26429864
 738.00000000   23.26419747
 738.10000000   23.26409620
 738.20000000   23.26399482
 738.30000000   23.26389335
 738.40000000   23.26379178
 738.50000000   23.26369010
 738.60000000   23.26358833
 738.70000000   23.26348645
 738.80000000   23.26338447
 738.90000000   23.26328239
 739.00000000   23.26318022
 739.10000000   23.26307794
 739.20000000   23.26297556
 739.30000000   23.26287308
 739.40000000   23.26277050
 739.50000000   23.26266782
 739.60000000   23.26256504
 739.70000000   23.26246216
 739.80000000   23.26235917
 739.90000000   23.26225609
 740.00000000   23.26215291
 740.10000000   23.26204963
 740.20000000   23.26194625
 740.30000000   23.26184277
 740.40000000   23.26173919
 740.50000000   23.26163551
 740.60000000   23.26153173
 740.70000000   23.26142785
 740.80000000   23.26132387
 740.90000000   23.26121980
 741.00000000   23.26111562
 741.10000000   23.26101134
 741.20000000   23.26090697
 741.30000000   23.26080249
 741.40000000   23.26069792
 741.50000000   23.26059324
 741.60000000   23.26048847
 741.70000000   23.26038360
 741.80000000   23.26027863
 741.90000000   23.26017356
 742.00000000   23.26006839
 742.10000000   23.25996313
 742.20000000   23.25985776
 742.30000000   23.25975230
 742.40000000   23.25964673
 742.50000000   23.25954107
 742.60000000   23.25943531
 742.70000000   23.25932945
 742.80000000   23.25922350
 742.90000000   23.25911744
 743.00000000   23.25901129
 743.10000000   23.25890504
 743.20000000   23.25879869
 743.30000000   23.25869224
 743.40000000   23.25858570
 743.50000000   23.25847905
 743.60000000   23.25837231
 743.70000000   23.25826547
 743.80000000   23.25815854
 743.90000000   23.25805150
 744.00000000   23.25794437
 744.10000000   23.25783714
 744.20000000   23.25772981
 744.30000000   23.25762239
 744.40000000   23.25751486
 744.50000000   23.25740725
 744.60000000   23.25729953
 744.70000000   23.25719171
 744.80000000   23.25708380
 744.90000000   23.25697579
 745.00000000   23.25686769
 745.10000000   23.25675949
 745.20000000   23.25665119
 745.30000000   23.25654279
 745.40000000   23.25643430
 745.50000000   23.25632571
 745.60000000   23.25621702
 745.70000000   23.25610824
 745.80000000   23.25599936
 745.90000000   23.25589038
 746.00000000   23.25578130
 746.10000000   23.25567214
 746.20000000   23.25556287
 746.30000000   23.25545351
 746.40000000   23.25534405
 746.50000000   23.25523449
 746.60000000   23.25512484
 746.70000000   23.25501509
 746.80000000   23.25490525
 746.90000000   23.25479531
 747.00000000   23.25468528
 747.10000000   23.25457514
 747.20000000   23.25446492
 747.30000000   23.25435459
 747.40000000   23.25424418
 747.50000000   23.25413366
 747.60000000   23.25402305
 747.70000000   23.25391235
 747.80000000   23.25380154
 747.90000000   23.25369065
 748.00000000   23.25357966
 748.10000000   23.25346857
 748.20000000   23.25335739
 748.30000000   23.25324611
 748.40000000   23.25313474
 748.50000000   23.25302327
 748.60000000   23.25291170
 748.70000000   23.25280005
 748.80000000   23.25268829
 748.90000000   23.25257645
 749.00000000   23.25246450
 749.10000000   23.25235247
 749.20000000   23.25224033
 749.30000000   23.25212811
 749.40000000   23.25201579
 749.50000000   23.25190337
 749.60000000   23.25179086
 749.70000000   23.25167825
 749.80000000   23.25156556
 749.90000000   23.25145276
 750.00000000   23.25133987
 750.10000000   23.25122689
 750.20000000   23.25111382
 750.30000000   23.25100065
 750.40000000   23.25088738
 750.50000000   23.25077402
 750.60000000   23.25066057
 750.70000000   23.25054702
 750.80000000   23.25043338
 750.90000000   23.25031965
 751.00000000   23.25020582
 751.10000000   23.25009190
 751.20000000   23.24997789
 751.30000000   23.24986378
 751.40000000   23.24974958
 751.50000000   23.24963528
 751.60000000   23.24952089
 751.70000000   23.24940641
 751.80000000   23.24929184
 751.90000000   23.24917717
 752.00000000   23.24906241
 752.10000000   23.24894755
 752.20000000   23.24883260
 752.30000000   23.24871756
 752.40000000   23.24860243
 752.50000000   23.24848720
 752.60000000   23.24837188
 752.70000000   23.24825647
 752.80000000   23.24814097
 752.90000000   23.24802537
 753.00000000   23.24790968
 753.10000000   23.24779390
 753.20000000   23.24767802
 753.30000000   23.24756205
 753.40000000   23.24744599
 753.50000000   23.24732984
 753.60000000   23.24721360
 753.70000000   23.24709726
 753.80000000   23.24698083
 753.90000000   23.24686431
 754.00000000   23.24674769
 754.10000000   23.24663099
 754.20000000   23.24651419
 754.30000000   23.24639730
 754.40000000   23.24628032
 754.50000000   23.24616325
 754.60000000   23.24604608
 754.70000000   23.24592883
 754.80000000   23.24581148
 754.90000000   23.24569404
 755.00000000   23.24557651
 755.10000000   23.24545889
 755.20000000   23.24534117
 755.30000000   23.24522337
 755.40000000   23.24510547
 755.50000000   23.24498748
 755.60000000   23.24486941
 755.70000000   23.24475124
 755.80000000   23.24463297
 755.90000000   23.24451462
 756.00000000   23.24439618
 756.10000000   23.24427765
 756.20000000   23.24415902
 756.30000000   23.24404030
 756.40000000   23.24392150
 756.50000000   23.24380260
 756.60000000   23.24368361
 756.70000000   23.24356453
 756.80000000   23.24344536
 756.90000000   23.24332611
 757.00000000   23.24320676
 757.10000000   23.24308731
 757.20000000   23.24296778
 757.30000000   23.24284816
 757.40000000   23.24272845
 757.50000000   23.24260865
 757.60000000   23.24248876
 757.70000000   23.24236878
 757.80000000   23.24224871
 757.90000000   23.24212854
 758.00000000   23.24200829
 758.10000000   23.24188795
 758.20000000   23.24176752
 758.30000000   23.24164700
 758.40000000   23.24152639
 758.50000000   23.24140569
 758.60000000   23.24128490
 758.70000000   23.24116402
 758.80000000   23.24104305
 758.90000000   23.24092199
 759.00000000   23.24080084
 759.10000000   23.24067961
 759.20000000   23.24055828
 759.30000000   23.24043687
 759.40000000   23.24031536
 759.50000000   23.24019377
 759.60000000   23.24007209
 759.70000000   23.23995031
 759.80000000   23.23982845
 759.90000000   23.23970650
 760.00000000   23.23958447
 760.10000000   23.23946234
 760.20000000   23.23934012
 760.30000000   23.23921782
 760.40000000   23.23909542
 760.50000000   23.23897294
 760.60000000   23.23885037
 760.70000000   23.23872771
 760.80000000   23.23860497
 760.90000000   23.23848213
 761.00000000   23.23835921
 761.10000000   23.23823619
 761.20000000   23.23811309
 761.30000000   23.23798991
 761.40000000   23.23786663
 761.50000000   23.23774326
 761.60000000   23.23761981
 761.70000000   23.23749627
 761.80000000   23.23737264
 761.90000000   23.23724893
 762.00000000   23.23712512
 762.10000000   23.23700123
 762.20000000   23.23687725
 762.30000000   23.23675318
 762.40000000   23.23662903
 762.50000000   23.23650479
 762.60000000   23.23638046
 762.70000000   23.23625604
 762.80000000   23.23613153
 762.90000000   23.23600694
 763.00000000   23.23588226
 763.10000000   23.23575750
 763.20000000   23.23563264
 763.30000000   23.23550770
 763.40000000   23.23538268
 763.50000000   23.23525756
 763.60000000   23.23513236
 763.70000000   23.23500707
 763.80000000   23.23488170
 763.90000000   23.23475623
 764.00000000   23.23463068
 764.10000000   23.23450505
 764.20000000   23.23437933
 764.30000000   23.23425352
 764.40000000   23.23412762
 764.50000000   23.23400164
 764.60000000   23.23387557
 764.70000000   23.23374942
 764.80000000   23.23362318
 764.90000000   23.23349685
 765.00000000   23.23337044
 765.10000000   23.23324394
 765.20000000   23.23311735
 765.30000000   23.23299068
 765.40000000   23.23286392
 765.50000000   23.23273708
 765.60000000   23.23261015
 765.70000000   23.23248313
 765.80000000   23.23235603
 765.90000000   23.23222884
 766.00000000   23.23210157
 766.10000000   23.23197421
 766.20000000   23.23184677
 766.30000000   23.23171924
 766.40000000   23.23159162
 766.50000000   23.23146392
 766.60000000   23.23133613
 766.70000000   23.23120826
 766.80000000   23.23108031
 766.90000000   23.23095226
 767.00000000   23.23082414
 767.10000000   23.23069592
 767.20000000   23.23056763
 767.30000000   23.23043924
 767.40000000   23.23031078
 767.50000000   23.23018222
 767.60000000   23.23005359
 767.70000000   23.22992486
 767.80000000   23.22979606
 767.90000000   23.22966717
 768.00000000   23.22953819
 768.10000000   23.22940913
 768.20000000   23.22927998
 768.30000000   23.22915075
 768.40000000   23.22902144
 768.50000000   23.22889204
 768.60000000   23.22876256
 768.70000000   23.22863299
 768.80000000   23.22850334
 768.90000000   23.22837360
 769.00000000   23.22824378
 769.10000000   23.22811387
 769.20000000   23.22798388
 769.30000000   23.22785381
 769.40000000   23.22772366
 769.50000000   23.22759341
 769.60000000   23.22746309
 769.70000000   23.22733268
 769.80000000   23.22720219
 769.90000000   23.22707161
 770.00000000   23.22694095
 770.10000000   23.22681021
 770.20000000   23.22667938
 770.30000000   23.22654847
 770.40000000   23.22641748
 770.50000000   23.22628640
 770.60000000   23.22615524
 770.70000000   23.22602400
 770.80000000   23.22589267
 770.90000000   23.22576126
 771.00000000   23.22562977
 771.10000000   23.22549819
 771.20000000   23.22536653
 771.30000000   23.22523479
 771.40000000   23.22510296
 771.50000000   23.22497105
 771.60000000   23.22483906
 771.70000000   23.22470699
 771.80000000   23.22457483
 771.90000000   23.22444259
 772.00000000   23.22431027
 772.10000000   23.22417786
 772.20000000   23.22404537
 772.30000000   23.22391280
 772.40000000   23.22378015
 772.50000000   23.22364741
 772.60000000   23.22351460
 772.70000000   23.22338170
 772.80000000   23.22324872
 772.90000000   23.22311565
 773.00000000   23.22298250
 773.10000000   23.22284928
 773.20000000   23.22271596
 773.30000000   23.22258257
 773.40000000   23.22244910
 773.50000000   23.22231554
 773.60000000   23.22218190
 773.70000000   23.22204818
 773.80000000   23.22191438
 773.90000000   23.22178049
 774.00000000   23.22164653
 774.10000000   23.22151248
 774.20000000   23.22137835
 774.30000000   23.22124414
 774.40000000   23.22110985
 774.50000000   23.22097548
 774.60000000   23.22084102
 774.70000000   23.22070649
 774.80000000   23.22057187
 774.90000000   23.22043717
 775.00000000   23.22030239
 775.10000000   23.22016753
 775.20000000   23.22003259
 775.30000000   23.21989756
 775.40000000   23.21976246
 775.50000000   23.21962727
 775.60000000   23.21949201
 775.70000000   23.21935666
 775.80000000   23.21922123
 775.90000000   23.21908573
 776.00000000   23.21895014
 776.10000000   23.21881447
 776.20000000   23.21867872
 776.30000000   23.21854289
 776.40000000   23.21840697
 776.50000000   23.21827098
 776.60000000   23.21813491
 776.70000000   23.21799876
 776.80000000   23.21786252
 776.90000000   23.21772621
 777.00000000   23.21758982
 777.10000000   23.21745334
 777.20000000   23.21731679
 777.30000000   23.21718016
 777.40000000   23.21704344
 777.50000000   23.21690665
 777.60000000   23.21676978
 777.70000000   23.21663282
 777.80000000   23.21649579
 777.90000000   23.21635867
 778.00000000   23.21622148
 778.10000000   23.21608421
 778.20000000   23.21594686
 778.30000000   23.21580943
 778.40000000   23.21567191
 778.50000000   23.21553432
 778.60000000   23.21539665
 778.70000000   23.21525890
 778.80000000   23.21512107
 778.90000000   23.21498317
 779.00000000   23.21484518
 779.10000000   23.21470711
 779.20000000   23.21456897
 779.30000000   23.21443074
 779.40000000   23.21429244
 779.50000000   23.21415405
 779.60000000   23.21401559
 779.70000000   23.21387705
 779.80000000   23.21373843
 779.90000000   23.21359973
 780.00000000   23.21346095
 780.10000000   23.21332210
 780.20000000   23.21318316
 780.30000000   23.21304415
 780.40000000   23.21290506
 780.50000000   23.21276589
 780.60000000   23.21262664
 780.70000000   23.21248731
 780.80000000   23.21234791
 780.90000000   23.21220842
 781.00000000   23.21206886
 781.10000000   23.21192922
 781.20000000   23.21178950
 781.30000000   23.21164970
 781.40000000   23.21150983
 781.50000000   23.21136987
 781.60000000   23.21122984
 781.70000000   23.21108973
 781.80000000   23.21094955
 781.90000000   23.21080928
 782.00000000   23.21066894
 782.10000000   23.21052852
 782.20000000   23.21038802
 782.30000000   23.21024744
 782.40000000   23.21010679
 782.50000000   23.20996606
 782.60000000   23.20982525
 782.70000000   23.20968437
 782.80000000   23.20954340
 782.90000000   23.20940236
 783.00000000   23.20926124
 783.10000000   23.20912005
 783.20000000   23.20897877
 783.30000000   23.20883742
 783.40000000   23.20869600
 783.50000000   23.20855449
 783.60000000   23.20841291
 783.70000000   23.20827125
 783.80000000   23.20812952
 783.90000000   23.20798771
 784.00000000   23.20784582
 784.10000000   23.20770385
 784.20000000   23.20756181
 784.30000000   23.20741969
 784.40000000   23.20727749
 784.50000000   23.20713522
 784.60000000   23.20699287
 784.70000000   23.20685044
 784.80000000   23.20670794
 784.90000000   23.20656536
 785.00000000   23.20642271
 785.10000000   23.20627998
 785.20000000   23.20613717
 785.30000000   23.20599428
 785.40000000   23.20585132
 785.50000000   23.20570829
 785.60000000   23.20556517
 785.70000000   23.20542198
 785.80000000   23.20527872
 785.90000000   23.20513538
 786.00000000   23.20499196
 786.10000000   23.20484847
 786.20000000   23.20470490
 786.30000000   23.20456126
 786.40000000   23.20441754
 786.50000000   23.20427374
 786.60000000   23.20412987
 786.70000000   23.20398592
 786.80000000   23.20384190
 786.90000000   23.20369780
 787.00000000   23.20355363
 787.10000000   23.20340938
 787.20000000   23.20326506
 787.30000000   23.20312066
 787.40000000   23.20297618
 787.50000000   23.20283163
 787.60000000   23.20268700
 787.70000000   23.20254230
 787.80000000   23.20239753
 787.90000000   23.20225268
 788.00000000   23.20210775
 788.10000000   23.20196275
 788.20000000   23.20181768
 788.30000000   23.20167253
 788.40000000   23.20152730
 788.50000000   23.20138200
 788.60000000   23.20123662
 788.70000000   23.20109117
 788.80000000   23.20094565
 788.90000000   23.20080005
 789.00000000   23.20065438
 789.10000000   23.20050863
 789.20000000   23.20036281
 789.30000000   23.20021691
 789.40000000   23.20007094
 789.50000000   23.19992489
 789.60000000   23.19977877
 789.70000000   23.19963258
 789.80000000   23.19948631
 789.90000000   23.19933997
 790.00000000   23.19919355
 790.10000000   23.19904706
 790.20000000   23.19890050
 790.30000000   23.19875386
 790.40000000   23.19860715
 790.50000000   23.19846036
 790.60000000   23.19831350
 790.70000000   23.19816657
 790.80000000   23.19801956
 790.90000000   23.19787248
 791.00000000   23.19772532
 791.10000000   23.19757810
 791.20000000   23.19743079
 791.30000000   23.19728342
 791.40000000   23.19713597
 791.50000000   23.19698845
 791.60000000   23.19684085
 791.70000000   23.19669318
 791.80000000   23.19654544
 791.90000000   23.19639762
 792.00000000   23.19624973
 792.10000000   23.19610177
 792.20000000   23.19595374
 792.30000000   23.19580563
 792.40000000   23.19565745
 792.50000000   23.19550919
 792.60000000   23.19536087
 792.70000000   23.19521247
 792.80000000   23.19506399
 792.90000000   23.19491545
 793.00000000   23.19476683
 793.10000000   23.19461814
 793.20000000   23.19446937
 793.30000000   23.19432054
 793.40000000   23.19417163
 793.50000000   23.19402265
 793.60000000   23.19387359
 793.70000000   23.19372447
 793.80000000   23.19357527
 793.90000000   23.19342600
 794.00000000   23.19327665
 794.10000000   23.19312724
 794.20000000   23.19297775
 794.30000000   23.19282819
 794.40000000   23.19267856
 794.50000000   23.19252885
 794.60000000   23.19237908
 794.70000000   23.19222923
 794.80000000   23.19207931
 794.90000000   23.19192932
 795.00000000   23.19177925
 795.10000000   23.19162912
 795.20000000   23.19147891
 795.30000000   23.19132863
 795.40000000   23.19117828
 795.50000000   23.19102786
 795.60000000   23.19087736
 795.70000000   23.19072680
 795.80000000   23.19057616
 795.90000000   23.19042545
 796.00000000   23.19027467
 796.10000000   23.19012382
 796.20000000   23.18997290
 796.30000000   23.18982191
 796.40000000   23.18967084
 796.50000000   23.18951970
 796.60000000   23.18936850
 796.70000000   23.18921722
 796.80000000   23.18906587
 796.90000000   23.18891445
 797.00000000   23.18876296
 797.10000000   23.18861139
 797.20000000   23.18845976
 797.30000000   23.18830806
 797.40000000   23.18815628
 797.50000000   23.18800443
 797.60000000   23.18785252
 797.70000000   23.18770053
 797.80000000   23.18754847
 797.90000000   23.18739635
 798.00000000   23.18724415
 798.10000000   23.18709188
 798.20000000   23.18693954
 798.30000000   23.18678713
 798.40000000   23.18663465
 798.50000000   23.18648210
 798.60000000   23.18632947
 798.70000000   23.18617678
 798.80000000   23.18602402
 798.90000000   23.18587119
 799.00000000   23.18571829
 799.10000000   23.18556532
 799.20000000   23.18541227
 799.30000000   23.18525916
 799.40000000   23.18510598
 799.50000000   23.18495273
 799.60000000   23.18479941
 799.70000000   23.18464602
 799.80000000   23.18449256
 799.90000000   23.18433902
 800.00000000   23.18418542
 800.10000000   23.18403175
 800.20000000   23.18387801
 800.30000000   23.18372421
 800.40000000   23.18357033
 800.50000000   23.18341638
 800.60000000   23.18326236
 800.70000000   23.18310827
 800.80000000   23.18295412
 800.90000000   23.18279989
 801.00000000   23.18264560
 801.10000000   23.18249124
 801.20000000   23.18233680
 801.30000000   23.18218230
 801.40000000   23.18202773
 801.50000000   23.18187309
 801.60000000   23.18171838
 801.70000000   23.18156360
 801.80000000   23.18140876
 801.90000000   23.18125384
 802.00000000   23.18109886
 802.10000000   23.18094380
 802.20000000   23.18078868
 802.30000000   23.18063349
 802.40000000   23.18047823
 802.50000000   23.18032290
 802.60000000   23.18016751
 802.70000000   23.18001204
 802.80000000   23.17985651
 802.90000000   23.17970091
 803.00000000   23.17954524
 803.10000000   23.17938950
 803.20000000   23.17923369
 803.30000000   23.17907782
 803.40000000   23.17892187
 803.50000000   23.17876586
 803.60000000   23.17860978
 803.70000000   23.17845363
 803.80000000   23.17829742
 803.90000000   23.17814113
 804.00000000   23.17798478
 804.10000000   23.17782836
 804.20000000   23.17767188
 804.30000000   23.17751532
 804.40000000   23.17735870
 804.50000000   23.17720201
 804.60000000   23.17704525
 804.70000000   23.17688842
 804.80000000   23.17673153
 804.90000000   23.17657457
 805.00000000   23.17641754
 805.10000000   23.17626044
 805.20000000   23.17610328
 805.30000000   23.17594605
 805.40000000   23.17578875
 805.50000000   23.17563139
 805.60000000   23.17547395
 805.70000000   23.17531645
 805.80000000   23.17515889
 805.90000000   23.17500125
 806.00000000   23.17484355
 806.10000000   23.17468578
 806.20000000   23.17452794
 806.30000000   23.17437004
 806.40000000   23.17421207
 806.50000000   23.17405404
 806.60000000   23.17389593
 806.70000000   23.17373776
 806.80000000   23.17357953
 806.90000000   23.17342122
 807.00000000   23.17326285
 807.10000000   23.17310441
 807.20000000   23.17294591
 807.30000000   23.17278734
 807.40000000   23.17262870
 807.50000000   23.17247000
 807.60000000   23.17231123
 807.70000000   23.17215240
 807.80000000   23.17199349
 807.90000000   23.17183453
 808.00000000   23.17167549
 808.10000000   23.17151639
 808.20000000   23.17135722
 808.30000000   23.17119799
 808.40000000   23.17103869
 808.50000000   23.17087932
 808.60000000   23.17071989
 808.70000000   23.17056039
 808.80000000   23.17040083
 808.90000000   23.17024120
 809.00000000   23.17008151
 809.10000000   23.16992175
 809.20000000   23.16976192
 809.30000000   23.16960203
 809.40000000   23.16944207
 809.50000000   23.16928204
 809.60000000   23.16912195
 809.70000000   23.16896180
 809.80000000   23.16880158
 809.90000000   23.16864129
 810.00000000   23.16848094
 810.10000000   23.16832052
 810.20000000   23.16816004
 810.30000000   23.16799949
 810.40000000   23.16783888
 810.50000000   23.16767820
 810.60000000   23.16751746
 810.70000000   23.16735665
 810.80000000   23.16719578
 810.90000000   23.16703484
 811.00000000   23.16687384
 811.10000000   23.16671277
 811.20000000   23.16655163
 811.30000000   23.16639043
 811.40000000   23.16622917
 811.50000000   23.16606784
 811.60000000   23.16590645
 811.70000000   23.16574499
 811.80000000   23.16558347
 811.90000000   23.16542188
 812.00000000   23.16526023
 812.10000000   23.16509852
 812.20000000   23.16493673
 812.30000000   23.16477489
 812.40000000   23.16461298
 812.50000000   23.16445100
 812.60000000   23.16428897
 812.70000000   23.16412686
 812.80000000   23.16396470
 812.90000000   23.16380246
 813.00000000   23.16364017
 813.10000000   23.16347781
 813.20000000   23.16331539
 813.30000000   23.16315290
 813.40000000   23.16299034
 813.50000000   23.16282773
 813.60000000   23.16266505
 813.70000000   23.16250230
 813.80000000   23.16233950
 813.90000000   23.16217662
 814.00000000   23.16201369
 814.10000000   23.16185069
 814.20000000   23.16168763
 814.30000000   23.16152450
 814.40000000   23.16136131
 814.50000000   23.16119806
 814.60000000   23.16103474
 814.70000000   23.16087136
 814.80000000   23.16070791
 814.90000000   23.16054440
 815.00000000   23.16038083
 815.10000000   23.16021720
 815.20000000   23.16005350
 815.30000000   23.15988974
 815.40000000   23.15972591
 815.50000000   23.15956202
 815.60000000   23.15939807
 815.70000000   23.15923406
 815.80000000   23.15906998
 815.90000000   23.15890584
 816.00000000   23.15874164
 816.10000000   23.15857737
 816.20000000   23.15841304
 816.30000000   23.15824865
 816.40000000   23.15808419
 816.50000000   23.15791968
 816.60000000   23.15775510
 816.70000000   23.15759045
 816.80000000   23.15742575
 816.90000000   23.15726098
 817.00000000   23.15709615
 817.10000000   23.15693125
 817.20000000   23.15676630
 817.30000000   23.15660128
 817.40000000   23.15643620
 817.50000000   23.15627105
 817.60000000   23.15610585
 817.70000000   23.15594058
 817.80000000   23.15577525
 817.90000000   23.15560985
 818.00000000   23.15544440
 818.10000000   23.15527888
 818.20000000   23.15511330
 818.30000000   23.15494766
 818.40000000   23.15478196
 818.50000000   23.15461619
 818.60000000   23.15445036
 818.70000000   23.15428447
 818.80000000   23.15411852
 818.90000000   23.15395251
 819.00000000   23.15378643
 819.10000000   23.15362030
 819.20000000   23.15345410
 819.30000000   23.15328784
 819.40000000   23.15312151
 819.50000000   23.15295513
 819.60000000   23.15278869
 819.70000000   23.15262218
 819.80000000   23.15245561
 819.90000000   23.15228898
 820.00000000   23.15212229
 820.10000000   23.15195554
 820.20000000   23.15178872
 820.30000000   23.15162185
 820.40000000   23.15145491
 820.50000000   23.15128791
 820.60000000   23.15112085
 820.70000000   23.15095373
 820.80000000   23.15078655
 820.90000000   23.15061931
 821.00000000   23.15045201
 821.10000000   23.15028464
 821.20000000   23.15011722
 821.30000000   23.14994973
 821.40000000   23.14978218
 821.50000000   23.14961457
 821.60000000   23.14944691
 821.70000000   23.14927918
 821.80000000   23.14911139
 821.90000000   23.14894353
 822.00000000   23.14877562
 822.10000000   23.14860765
 822.20000000   23.14843962
 822.30000000   23.14827152
 822.40000000   23.14810337
 822.50000000   23.14793516
 822.60000000   23.14776688
 822.70000000   23.14759855
 822.80000000   23.14743015
 822.90000000   23.14726169
 823.00000000   23.14709318
 823.10000000   23.14692460
 823.20000000   23.14675597
 823.30000000   23.14658727
 823.40000000   23.14641851
 823.50000000   23.14624970
 823.60000000   23.14608082
 823.70000000   23.14591188
 823.80000000   23.14574288
 823.90000000   23.14557383
 824.00000000   23.14540471
 824.10000000   23.14523553
 824.20000000   23.14506630
 824.30000000   23.14489700
 824.40000000   23.14472765
 824.50000000   23.14455823
 824.60000000   23.14438876
 824.70000000   23.14421922
 824.80000000   23.14404963
 824.90000000   23.14387997
 825.00000000   23.14371026
 825.10000000   23.14354049
 825.20000000   23.14337065
 825.30000000   23.14320076
 825.40000000   23.14303081
 825.50000000   23.14286080
 825.60000000   23.14269073
 825.70000000   23.14252060
 825.80000000   23.14235042
 825.90000000   23.14218017
 826.00000000   23.14200986
 826.10000000   23.14183950
 826.20000000   23.14166907
 826.30000000   23.14149859
 826.40000000   23.14132805
 826.50000000   23.14115745
 826.60000000   23.14098679
 826.70000000   23.14081607
 826.80000000   23.14064529
 826.90000000   23.14047445
 827.00000000   23.14030356
 827.10000000   23.14013260
 827.20000000   23.13996159
 827.30000000   23.13979052
 827.40000000   23.13961939
 827.50000000   23.13944820
 827.60000000   23.13927695
 827.70000000   23.13910565
 827.80000000   23.13893428
 827.90000000   23.13876286
 828.00000000   23.13859138
 828.10000000   23.13841984
 828.20000000   23.13824824
 828.30000000   23.13807659
 828.40000000   23.13790488
 828.50000000   23.13773310
 828.60000000   23.13756127
 828.70000000   23.13738938
 828.80000000   23.13721744
 828.90000000   23.13704543
 829.00000000   23.13687337
 829.10000000   23.13670125
 829.20000000   23.13652907
 829.30000000   23.13635684
 829.40000000   23.13618454
 829.50000000   23.13601219
 829.60000000   23.13583978
 829.70000000   23.13566732
 829.80000000   23.13549479
 829.90000000   23.13532221
 830.00000000   23.13514957
 830.10000000   23.13497687
 830.20000000   23.13480412
 830.30000000   23.13463130
 830.40000000   23.13445843
 830.50000000   23.13428550
 830.60000000   23.13411252
 830.70000000   23.13393948
 830.80000000   23.13376638
 830.90000000   23.13359322
 831.00000000   23.13342001
 831.10000000   23.13324674
 831.20000000   23.13307341
 831.30000000   23.13290002
 831.40000000   23.13272658
 831.50000000   23.13255308
 831.60000000   23.13237952
 831.70000000   23.13220591
 831.80000000   23.13203224
 831.90000000   23.13185851
 832.00000000   23.13168472
 832.10000000   23.13151088
 832.20000000   23.13133698
 832.30000000   23.13116303
 832.40000000   23.13098902
 832.50000000   23.13081495
 832.60000000   23.13064082
 832.70000000   23.13046664
 832.80000000   23.13029240
 832.90000000   23.13011811
 833.00000000   23.12994376
 833.10000000   23.12976935
 833.20000000   23.12959489
 833.30000000   23.12942036
 833.40000000   23.12924579
 833.50000000   23.12907115
 833.60000000   23.12889646
 833.70000000   23.12872172
 833.80000000   23.12854692
 833.90000000   23.12837206
 834.00000000   23.12819714
 834.10000000   23.12802217
 834.20000000   23.12784715
 834.30000000   23.12767206
 834.40000000   23.12749692
 834.50000000   23.12732173
 834.60000000   23.12714648
 834.70000000   23.12697117
 834.80000000   23.12679581
 834.90000000   23.12662039
 835.00000000   23.12644492
 835.10000000   23.12626939
 835.20000000   23.12609380
 835.30000000   23.12591816
 835.40000000   23.12574247
 835.50000000   23.12556671
 835.60000000   23.12539091
 835.70000000   23.12521504
 835.80000000   23.12503912
 835.90000000   23.12486315
 836.00000000   23.12468712
 836.10000000   23.12451103
 836.20000000   23.12433489
 836.30000000   23.12415870
 836.40000000   23.12398245
 836.50000000   23.12380614
 836.60000000   23.12362978
 836.70000000   23.12345336
 836.80000000   23.12327689
 836.90000000   23.12310036
 837.00000000   23.12292378
 837.10000000   23.12274714
 837.20000000   23.12257045
 837.30000000   23.12239370
 837.40000000   23.12221690
 837.50000000   23.12204005
 837.60000000   23.12186313
 837.70000000   23.12168617
 837.80000000   23.12150915
 837.90000000   23.12133207
 838.00000000   23.12115494
 838.10000000   23.12097775
 838.20000000   23.12080051
 838.30000000   23.12062322
 838.40000000   23.12044587
 838.50000000   23.12026847
 838.60000000   23.12009101
 838.70000000   23.11991350
 838.80000000   23.11973593
 838.90000000   23.11955831
 839.00000000   23.11938063
 839.10000000   23.11920290
 839.20000000   23.11902512
 839.30000000   23.11884728
 839.40000000   23.11866939
 839.50000000   23.11849144
 839.60000000   23.11831344
 839.70000000   23.11813538
 839.80000000   23.11795727
 839.90000000   23.11777911
 840.00000000   23.11760089
 840.10000000   23.11742262
 840.20000000   23.11724430
 840.30000000   23.11706592
 840.40000000   23.11688749
 840.50000000   23.11670900
 840.60000000   23.11653046
 840.70000000   23.11635186
 840.80000000   23.11617322
 840.90000000   23.11599452
 841.00000000   23.11581576
 841.10000000   23.11563695
 841.20000000   23.11545809
 841.30000000   23.11527917
 841.40000000   23.11510020
 841.50000000   23.11492118
 841.60000000   23.11474210
 841.70000000   23.11456297
 841.80000000   23.11438379
 841.90000000   23.11420455
 842.00000000   23.11402527
 842.10000000   23.11384592
 842.20000000   23.11366653
 842.30000000   23.11348708
 842.40000000   23.11330757
 842.50000000   23.11312802
 842.60000000   23.11294841
 842.70000000   23.11276875
 842.80000000   23.11258903
 842.90000000   23.11240927
 843.00000000   23.11222944
 843.10000000   23.11204957
 843.20000000   23.11186964
 843.30000000   23.11168967
 843.40000000   23.11150963
 843.50000000   23.11132955
 843.60000000   23.11114941
 843.70000000   23.11096922
 843.80000000   23.11078898
 843.90000000   23.11060868
 844.00000000   23.11042833
 844.10000000   23.11024793
 844.20000000   23.11006748
 844.30000000   23.10988697
 844.40000000   23.10970642
 844.50000000   23.10952580
 844.60000000   23.10934514
 844.70000000   23.10916443
 844.80000000   23.10898366
 844.90000000   23.10880284
 845.00000000   23.10862197
 845.10000000   23.10844104
 845.20000000   23.10826007
 845.30000000   23.10807904
 845.40000000   23.10789796
 845.50000000   23.10771682
 845.60000000   23.10753564
 845.70000000   23.10735440
 845.80000000   23.10717311
 845.90000000   23.10699177
 846.00000000   23.10681038
 846.10000000   23.10662893
 846.20000000   23.10644744
 846.30000000   23.10626589
 846.40000000   23.10608429
 846.50000000   23.10590264
 846.60000000   23.10572093
 846.70000000   23.10553918
 846.80000000   23.10535737
 846.90000000   23.10517551
 847.00000000   23.10499360
 847.10000000   23.10481164
 847.20000000   23.10462963
 847.30000000   23.10444756
 847.40000000   23.10426545
 847.50000000   23.10408328
 847.60000000   23.10390106
 847.70000000   23.10371879
 847.80000000   23.10353647
 847.90000000   23.10335410
 848.00000000   23.10317167
 848.10000000   23.10298920
 848.20000000   23.10280667
 848.30000000   23.10262410
 848.40000000   23.10244147
 848.50000000   23.10225879
 848.60000000   23.10207606
 848.70000000   23.10189328
 848.80000000   23.10171044
 848.90000000   23.10152756
 849.00000000   23.10134463
 849.10000000   23.10116164
 849.20000000   23.10097860
 849.30000000   23.10079552
 849.40000000   23.10061238
 849.50000000   23.10042919
 849.60000000   23.10024595
 849.70000000   23.10006266
 849.80000000   23.09987932
 849.90000000   23.09969593
 850.00000000   23.09951249
 850.10000000   23.09932900
 850.20000000   23.09914546
 850.30000000   23.09896187
 850.40000000   23.09877822
 850.50000000   23.09859453
 850.60000000   23.09841079
 850.70000000   23.09822699
 850.80000000   23.09804315
 850.90000000   23.09785925
 851.00000000   23.09767531
 851.10000000   23.09749131
 851.20000000   23.09730727
 851.30000000   23.09712317
 851.40000000   23.09693903
 851.50000000   23.09675483
 851.60000000   23.09657059
 851.70000000   23.09638629
 851.80000000   23.09620195
 851.90000000   23.09601755
 852.00000000   23.09583311
 852.10000000   23.09564861
 852.20000000   23.09546407
 852.30000000   23.09527947
 852.40000000   23.09509483
 852.50000000   23.09491013
 852.60000000   23.09472539
 852.70000000   23.09454060
 852.80000000   23.09435575
 852.90000000   23.09417086
 853.00000000   23.09398592
 853.10000000   23.09380093
 853.20000000   23.09361588
 853.30000000   23.09343079
 853.40000000   23.09324565
 853.50000000   23.09306047
 853.60000000   23.09287523
 853.70000000   23.09268994
 853.80000000   23.09250460
 853.90000000   23.09231921
 854.00000000   23.09213378
 854.10000000   23.09194829
 854.20000000   23.09176276
 854.30000000   23.09157718
 854.40000000   23.09139154
 854.50000000   23.09120586
 854.60000000   23.09102013
 854.70000000   23.09083435
 854.80000000   23.09064852
 854.90000000   23.09046265
 855.00000000   23.09027672
 855.10000000   23.09009075
 855.20000000   23.08990472
 855.30000000   23.08971865
 855.40000000   23.08953253
 855.50000000   23.08934636
 855.60000000   23.08916014
 855.70000000   23.08897387
 855.80000000   23.08878755
 855.90000000   23.08860119
 856.00000000   23.08841478
 856.10000000   23.08822831
 856.20000000   23.08804180
 856.30000000   23.08785525
 856.40000000   23.08766864
 856.50000000   23.08748198
 856.60000000   23.08729528
 856.70000000   23.08710853
 856.80000000   23.08692173
 856.90000000   23.08673488
 857.00000000   23.08654798
 857.10000000   23.08636103
 857.20000000   23.08617404
 857.30000000   23.08598700
 857.40000000   23.08579991
 857.50000000   23.08561277
 857.60000000   23.08542558
 857.70000000   23.08523835
 857.80000000   23.08505107
 857.90000000   23.08486374
 858.00000000   23.08467636
 858.10000000   23.08448894
 858.20000000   23.08430146
 858.30000000   23.08411394
 858.40000000   23.08392637
 858.50000000   23.08373875
 858.60000000   23.08355109
 858.70000000   23.08336338
 858.80000000   23.08317562
 858.90000000   23.08298781
 859.00000000   23.08279995
 859.10000000   23.08261205
 859.20000000   23.08242410
 859.30000000   23.08223610
 859.40000000   23.08204806
 859.50000000   23.08185997
 859.60000000   23.08167183
 859.70000000   23.08148364
 859.80000000   23.08129540
 859.90000000   23.08110712
 860.00000000   23.08091879
 860.10000000   23.08073041
 860.20000000   23.08054199
 860.30000000   23.08035352
 860.40000000   23.08016500
 860.50000000   23.07997644
 860.60000000   23.07978782
 860.70000000   23.07959916
 860.80000000   23.07941046
 860.90000000   23.07922170
 861.00000000   23.07903290
 861.10000000   23.07884406
 861.20000000   23.07865516
 861.30000000   23.07846622
 861.40000000   23.07827723
 861.50000000   23.07808820
 861.60000000   23.07789912
 861.70000000   23.07770999
 861.80000000   23.07752081
 861.90000000   23.07733159
 862.00000000   23.07714232
 862.10000000   23.07695301
 862.20000000   23.07676365
 862.30000000   23.07657424
 862.40000000   23.07638478
 862.50000000   23.07619528
 862.60000000   23.07600574
 862.70000000   23.07581614
 862.80000000   23.07562650
 862.90000000   23.07543682
 863.00000000   23.07524708
 863.10000000   23.07505730
 863.20000000   23.07486748
 863.30000000   23.07467761
 863.40000000   23.07448769
 863.50000000   23.07429772
 863.60000000   23.07410771
 863.70000000   23.07391766
 863.80000000   23.07372755
 863.90000000   23.07353741
 864.00000000   23.07334721
 864.10000000   23.07315697
 864.20000000   23.07296668
 864.30000000   23.07277635
 864.40000000   23.07258597
 864.50000000   23.07239555
 864.60000000   23.07220508
 864.70000000   23.07201456
 864.80000000   23.07182400
 864.90000000   23.07163340
 865.00000000   23.07144274
 865.10000000   23.07125204
 865.20000000   23.07106130
 865.30000000   23.07087051
 865.40000000   23.07067967
 865.50000000   23.07048879
 865.60000000   23.07029787
 865.70000000   23.07010690
 865.80000000   23.06991588
 865.90000000   23.06972481
 866.00000000   23.06953371
 866.10000000   23.06934255
 866.20000000   23.06915135
 866.30000000   23.06896011
 866.40000000   23.06876882
 866.50000000   23.06857749
 866.60000000   23.06838611
 866.70000000   23.06819468
 866.80000000   23.06800321
 866.90000000   23.06781169
 867.00000000   23.06762013
 867.10000000   23.06742853
 867.20000000   23.06723688
 867.30000000   23.06704518
 867.40000000   23.06685344
 867.50000000   23.06666166
 867.60000000   23.06646983
 867.70000000   23.06627795
 867.80000000   23.06608603
 867.90000000   23.06589407
 868.00000000   23.06570206
 868.10000000   23.06551000
 868.20000000   23.06531790
 868.30000000   23.06512576
 868.40000000   23.06493357
 868.50000000   23.06474134
 868.60000000   23.06454906
 868.70000000   23.06435674
 868.80000000   23.06416437
 868.90000000   23.06397196
 869.00000000   23.06377951
 869.10000000   23.06358701
 869.20000000   23.06339446
 869.30000000   23.06320187
 869.40000000   23.06300924
 869.50000000   23.06281656
 869.60000000   23.06262384
 869.70000000   23.06243107
 869.80000000   23.06223826
 869.90000000   23.06204541
 870.00000000   23.06185251
 870.10000000   23.06165957
 870.20000000   23.06146658
 870.30000000   23.06127355
 870.40000000   23.06108047
 870.50000000   23.06088735
 870.60000000   23.06069419
 870.70000000   23.06050098
 870.80000000   23.06030773
 870.90000000   23.06011444
 871.00000000   23.05992110
 871.10000000   23.05972772
 871.20000000   23.05953429
 871.30000000   23.05934082
 871.40000000   23.05914731
 871.50000000   23.05895375
 871.60000000   23.05876015
 871.70000000   23.05856650
 871.80000000   23.05837281
 871.90000000   23.05817908
 872.00000000   23.05798531
 872.10000000   23.05779149
 872.20000000   23.05759763
 872.30000000   23.05740372
 872.40000000   23.05720977
 872.50000000   23.05701578
 872.60000000   23.05682174
 872.70000000   23.05662766
 872.80000000   23.05643354
 872.90000000   23.05623937
 873.00000000   23.05604516
 873.10000000   23.05585091
 873.20000000   23.05565661
 873.30000000   23.05546227
 873.40000000   23.05526789
 873.50000000   23.05507346
 873.60000000   23.05487900
 873.70000000   23.05468448
 873.80000000   23.05448993
 873.90000000   23.05429533
 874.00000000   23.05410069
 874.10000000   23.05390601
 874.20000000   23.05371128
 874.30000000   23.05351651
 874.40000000   23.05332170
 874.50000000   23.05312684
 874.60000000   23.05293195
 874.70000000   23.05273701
 874.80000000   23.05254202
 874.90000000   23.05234700
 875.00000000   23.05215193
 875.10000000   23.05195682
 875.20000000   23.05176166
 875.30000000   23.05156647
 875.40000000   23.05137123
 875.50000000   23.05117595
 875.60000000   23.05098062
 875.70000000   23.05078525
 875.80000000   23.05058985
 875.90000000   23.05039439
 876.00000000   23.05019890
 876.10000000   23.05000336
 876.20000000   23.04980779
 876.30000000   23.04961217
 876.40000000   23.04941650
 876.50000000   23.04922080
 876.60000000   23.04902505
 876.70000000   23.04882926
 876.80000000   23.04863343
 876.90000000   23.04843755
 877.00000000   23.04824164
 877.10000000   23.04804568
 877.20000000   23.04784968
 877.30000000   23.04765364
 877.40000000   23.04745755
 877.50000000   23.04726143
 877.60000000   23.04706526
 877.70000000   23.04686905
 877.80000000   23.04667280
 877.90000000   23.04647651
 878.00000000   23.04628017
 878.10000000   23.04608379
 878.20000000   23.04588738
 878.30000000   23.04569092
 878.40000000   23.04549441
 878.50000000   23.04529787
 878.60000000   23.04510128
 878.70000000   23.04490466
 878.80000000   23.04470799
 878.90000000   23.04451128
 879.00000000   23.04431453
 879.10000000   23.04411774
 879.20000000   23.04392090
 879.30000000   23.04372403
 879.40000000   23.04352711
 879.50000000   23.04333015
 879.60000000   23.04313315
 879.70000000   23.04293611
 879.80000000   23.04273903
 879.90000000   23.04254190
 880.00000000   23.04234474
 880.10000000   23.04214753
 880.20000000   23.04195028
 880.30000000   23.04175300
 880.40000000   23.04155567
 880.50000000   23.04135830
 880.60000000   23.04116089
 880.70000000   23.04096343
 880.80000000   23.04076594
 880.90000000   23.04056840
 881.00000000   23.04037083
 881.10000000   23.04017321
 881.20000000   23.03997556
 881.30000000   23.03977786
 881.40000000   23.03958012
 881.50000000   23.03938234
 881.60000000   23.03918452
 881.70000000   23.03898666
 881.80000000   23.03878876
 881.90000000   23.03859081
 882.00000000   23.03839283
 882.10000000   23.03819481
 882.20000000   23.03799674
 882.30000000   23.03779864
 882.40000000   23.03760049
 882.50000000   23.03740231
 882.60000000   23.03720408
 882.70000000   23.03700581
 882.80000000   23.03680751
 882.90000000   23.03660916
 883.00000000   23.03641077
 883.10000000   23.03621234
 883.20000000   23.03601388
 883.30000000   23.03581537
 883.40000000   23.03561682
 883.50000000   23.03541823
 883.60000000   23.03521960
 883.70000000   23.03502093
 883.80000000   23.03482222
 883.90000000   23.03462347
 884.00000000   23.03442468
 884.10000000   23.03422585
 884.20000000   23.03402698
 884.30000000   23.03382807
 884.40000000   23.03362912
 884.50000000   23.03343013
 884.60000000   23.03323110
 884.70000000   23.03303203
 884.80000000   23.03283292
 884.90000000   23.03263377
 885.00000000   23.03243458
 885.10000000   23.03223536
 885.20000000   23.03203609
 885.30000000   23.03183678
 885.40000000   23.03163743
 885.50000000   23.03143804
 885.60000000   23.03123862
 885.70000000   23.03103915
 885.80000000   23.03083964
 885.90000000   23.03064010
 886.00000000   23.03044051
 886.10000000   23.03024089
 886.20000000   23.03004122
 886.30000000   23.02984152
 886.40000000   23.02964178
 886.50000000   23.02944199
 886.60000000   23.02924217
 886.70000000   23.02904231
 886.80000000   23.02884241
 886.90000000   23.02864247
 887.00000000   23.02844249
 887.10000000   23.02824247
 887.20000000   23.02804242
 887.30000000   23.02784232
 887.40000000   23.02764219
 887.50000000   23.02744201
 887.60000000   23.02724180
 887.70000000   23.02704154
 887.80000000   23.02684125
 887.90000000   23.02664092
 888.00000000   23.02644055
 888.10000000   23.02624014
 888.20000000   23.02603970
 888.30000000   23.02583921
 888.40000000   23.02563869
 888.50000000   23.02543812
 888.60000000   23.02523752
 888.70000000   23.02503688
 888.80000000   23.02483620
 888.90000000   23.02463548
 889.00000000   23.02443472
 889.10000000   23.02423392
 889.20000000   23.02403309
 889.30000000   23.02383222
 889.40000000   23.02363130
 889.50000000   23.02343035
 889.60000000   23.02322936
 889.70000000   23.02302834
 889.80000000   23.02282727
 889.90000000   23.02262617
 890.00000000   23.02242502
 890.10000000   23.02222384
 890.20000000   23.02202262
 890.30000000   23.02182136
 890.40000000   23.02162007
 890.50000000   23.02141873
 890.60000000   23.02121736
 890.70000000   23.02101595
 890.80000000   23.02081450
 890.90000000   23.02061301
 891.00000000   23.02041149
 891.10000000   23.02020992
 891.20000000   23.02000832
 891.30000000   23.01980668
 891.40000000   23.01960500
 891.50000000   23.01940329
 891.60000000   23.01920153
 891.70000000   23.01899974
 891.80000000   23.01879791
 891.90000000   23.01859605
 892.00000000   23.01839414
 892.10000000   23.01819220
 892.20000000   23.01799022
 892.30000000   23.01778820
 892.40000000   23.01758614
 892.50000000   23.01738405
 892.60000000   23.01718192
 892.70000000   23.01697975
 892.80000000   23.01677754
 892.90000000   23.01657529
 893.00000000   23.01637301
 893.10000000   23.01617069
 893.20000000   23.01596834
 893.30000000   23.01576594
 893.40000000   23.01556351
 893.50000000   23.01536104
 893.60000000   23.01515853
 893.70000000   23.01495599
 893.80000000   23.01475340
 893.90000000   23.01455078
 894.00000000   23.01434813
 894.10000000   23.01414543
 894.20000000   23.01394270
 894.30000000   23.01373993
 894.40000000   23.01353713
 894.50000000   23.01333429
 894.60000000   23.01313141
 894.70000000   23.01292849
 894.80000000   23.01272553
 894.90000000   23.01252254
 895.00000000   23.01231951
 895.10000000   23.01211645
 895.20000000   23.01191335
 895.30000000   23.01171021
 895.40000000   23.01150703
 895.50000000   23.01130382
 895.60000000   23.01110057
 895.70000000   23.01089728
 895.80000000   23.01069396
 895.90000000   23.01049059
 896.00000000   23.01028720
 896.10000000   23.01008376
 896.20000000   23.00988029
 896.30000000   23.00967678
 896.40000000   23.00947324
 896.50000000   23.00926966
 896.60000000   23.00906604
 896.70000000   23.00886239
 896.80000000   23.00865870
 896.90000000   23.00845497
 897.00000000   23.00825120
 897.10000000   23.00804740
 897.20000000   23.00784357
 897.30000000   23.00763969
 897.40000000   23.00743578
 897.50000000   23.00723184
 897.60000000   23.00702786
 897.70000000   23.00682384
 897.80000000   23.00661978
 897.90000000   23.00641569
 898.00000000   23.00621156
 898.10000000   23.00600740
 898.20000000   23.00580320
 898.30000000   23.00559896
 898.40000000   23.00539469
 898.50000000   23.00519038
 898.60000000   23.00498604
 898.70000000   23.00478166
 898.80000000   23.00457724
 898.90000000   23.00437279
 899.00000000   23.00416830
 899.10000000   23.00396377
 899.20000000   23.00375921
 899.30000000   23.00355462
 899.40000000   23.00334998
 899.50000000   23.00314531
 899.60000000   23.00294061
 899.70000000   23.00273587
 899.80000000   23.00253109
 899.90000000   23.00232628
 900.00000000   23.00212144
 900.10000000   23.00191655
 900.20000000   23.00171163
 900.30000000   23.00150668
 900.40000000   23.00130169
 900.50000000   23.00109666
 900.60000000   23.00089160
 900.70000000   23.00068651
 900.80000000   23.00048137
 900.90000000   23.00027621
 901.00000000   23.00007100
 901.10000000   22.99986576
 901.20000000   22.99966049
 901.30000000   22.99945518
 901.40000000   22.99924984
 901.50000000   22.99904446
 901.60000000   22.99883904
 901.70000000   22.99863359
 901.80000000   22.99842810
 901.90000000   22.99822258
 902.00000000   22.99801703
 902.10000000   22.99781143
 902.20000000   22.99760581
 902.30000000   22.99740014
 902.40000000   22.99719445
 902.50000000   22.99698872
 902.60000000   22.99678295
 902.70000000   22.99657715
 902.80000000   22.99637131
 902.90000000   22.99616544
 903.00000000   22.99595953
 903.10000000   22.99575359
 903.20000000   22.99554761
 903.30000000   22.99534160
 903.40000000   22.99513555
 903.50000000   22.99492947
 903.60000000   22.99472335
 903.70000000   22.99451720
 903.80000000   22.99431101
 903.90000000   22.99410479
 904.00000000   22.99389854
 904.10000000   22.99369225
 904.20000000   22.99348592
 904.30000000   22.99327956
 904.40000000   22.99307317
 904.50000000   22.99286674
 904.60000000   22.99266028
 904.70000000   22.99245378
 904.80000000   22.99224725
 904.90000000   22.99204068
 905.00000000   22.99183408
 905.10000000   22.99162744
 905.20000000   22.99142077
 905.30000000   22.99121407
 905.40000000   22.99100733
 905.50000000   22.99080056
 905.60000000   22.99059375
 905.70000000   22.99038691
 905.80000000   22.99018003
 905.90000000   22.98997312
 906.00000000   22.98976618
 906.10000000   22.98955920
 906.20000000   22.98935219
 906.30000000   22.98914514
 906.40000000   22.98893806
 906.50000000   22.98873095
 906.60000000   22.98852380
 906.70000000   22.98831661
 906.80000000   22.98810940
 906.90000000   22.98790215
 907.00000000   22.98769486
 907.10000000   22.98748754
 907.20000000   22.98728019
 907.30000000   22.98707280
 907.40000000   22.98686538
 907.50000000   22.98665793
 907.60000000   22.98645044
 907.70000000   22.98624292
 907.80000000   22.98603536
 907.90000000   22.98582777
 908.00000000   22.98562015
 908.10000000   22.98541249
 908.20000000   22.98520480
 908.30000000   22.98499708
 908.40000000   22.98478932
 908.50000000   22.98458153
 908.60000000   22.98437371
 908.70000000   22.98416585
 908.80000000   22.98395796
 908.90000000   22.98375003
 909.00000000   22.98354207
 909.10000000   22.98333408
 909.20000000   22.98312606
 909.30000000   22.98291800
 909.40000000   22.98270991
 909.50000000   22.98250178
 909.60000000   22.98229362
 909.70000000   22.98208543
 909.80000000   22.98187720
 909.90000000   22.98166895
 910.00000000   22.98146065
 910.10000000   22.98125233
 910.20000000   22.98104397
 910.30000000   22.98083558
 910.40000000   22.98062716
 910.50000000   22.98041870
 910.60000000   22.98021021
 910.70000000   22.98000169
 910.80000000   22.97979313
 910.90000000   22.97958454
 911.00000000   22.97937592
 911.10000000   22.97916726
 911.20000000   22.97895857
 911.30000000   22.97874985
 911.40000000   22.97854110
 911.50000000   22.97833231
 911.60000000   22.97812349
 911.70000000   22.97791464
 911.80000000   22.97770576
 911.90000000   22.97749684
 912.00000000   22.97728789
 912.10000000   22.97707891
 912.20000000   22.97686989
 912.30000000   22.97666084
 912.40000000   22.97645176
 912.50000000   22.97624265
 912.60000000   22.97603350
 912.70000000   22.97582432
 912.80000000   22.97561511
 912.90000000   22.97540587
 913.00000000   22.97519659
 913.10000000   22.97498728
 913.20000000   22.97477794
 913.30000000   22.97456857
 913.40000000   22.97435916
 913.50000000   22.97414972
 913.60000000   22.97394025
 913.70000000   22.97373075
 913.80000000   22.97352122
 913.90000000   22.97331165
 914.00000000   22.97310205
 914.10000000   22.97289242
 914.20000000   22.97268275
 914.30000000   22.97247306
 914.40000000   22.97226333
 914.50000000   22.97205357
 914.60000000   22.97184378
 914.70000000   22.97163395
 914.80000000   22.97142410
 914.90000000   22.97121421
 915.00000000   22.97100429
 915.10000000   22.97079433
 915.20000000   22.97058435
 915.30000000   22.97037433
 915.40000000   22.97016429
 915.50000000   22.96995421
 915.60000000   22.96974409
 915.70000000   22.96953395
 915.80000000   22.96932378
 915.90000000   22.96911357
 916.00000000   22.96890333
 916.10000000   22.96869306
 916.20000000   22.96848276
 916.30000000   22.96827242
 916.40000000   22.96806206
 916.50000000   22.96785166
 916.60000000   22.96764123
 916.70000000   22.96743077
 916.80000000   22.96722028
 916.90000000   22.96700976
 917.00000000   22.96679920
 917.10000000   22.96658861
 917.20000000   22.96637800
 917.30000000   22.96616735
 917.40000000   22.96595667
 917.50000000   22.96574595
 917.60000000   22.96553521
 917.70000000   22.96532444
 917.80000000   22.96511363
 917.90000000   22.96490279
 918.00000000   22.96469192
 918.10000000   22.96448103
 918.20000000   22.96427009
 918.30000000   22.96405913
 918.40000000   22.96384814
 918.50000000   22.96363711
 918.60000000   22.96342606
 918.70000000   22.96321497
 918.80000000   22.96300385
 918.90000000   22.96279270
 919.00000000   22.96258152
 919.10000000   22.96237031
 919.20000000   22.96215907
 919.30000000   22.96194780
 919.40000000   22.96173650
 919.50000000   22.96152516
 919.60000000   22.96131380
 919.70000000   22.96110240
 919.80000000   22.96089097
 919.90000000   22.96067951
 920.00000000   22.96046802
 920.10000000   22.96025650
 920.20000000   22.96004495
 920.30000000   22.95983337
 920.40000000   22.95962176
 920.50000000   22.95941012
 920.60000000   22.95919845
 920.70000000   22.95898674
 920.80000000   22.95877501
 920.90000000   22.95856324
 921.00000000   22.95835145
 921.10000000   22.95813962
 921.20000000   22.95792776
 921.30000000   22.95771588
 921.40000000   22.95750396
 921.50000000   22.95729201
 921.60000000   22.95708003
 921.70000000   22.95686803
 921.80000000   22.95665599
 921.90000000   22.95644392
 922.00000000   22.95623182
 922.10000000   22.95601969
 922.20000000   22.95580753
 922.30000000   22.95559534
 922.40000000   22.95538312
 922.50000000   22.95517086
 922.60000000   22.95495858
 922.70000000   22.95474627
 922.80000000   22.95453393
 922.90000000   22.95432156
 923.00000000   22.95410916
 923.10000000   22.95389673
 923.20000000   22.95368426
 923.30000000   22.95347177
 923.40000000   22.95325925
 923.50000000   22.95304670
 923.60000000   22.95283412
 923.70000000   22.95262150
 923.80000000   22.95240886
 923.90000000   22.95219619
 924.00000000   22.95198349
 924.10000000   22.95177076
 924.20000000   22.95155800
 924.30000000   22.95134521
 924.40000000   22.95113239
 924.50000000   22.95091954
 924.60000000   22.95070666
 924.70000000   22.95049375
 924.80000000   22.95028081
 924.90000000   22.95006784
 925.00000000   22.94985484
 925.10000000   22.94964181
 925.20000000   22.94942875
 925.30000000   22.94921567
 925.40000000   22.94900255
 925.50000000   22.94878940
 925.60000000   22.94857623
 925.70000000   22.94836302
 925.80000000   22.94814979
 925.90000000   22.94793652
 926.00000000   22.94772323
 926.10000000   22.94750990
 926.20000000   22.94729655
 926.30000000   22.94708317
 926.40000000   22.94686976
 926.50000000   22.94665632
 926.60000000   22.94644285
 926.70000000   22.94622935
 926.80000000   22.94601582
 926.90000000   22.94580226
 927.00000000   22.94558868
 927.10000000   22.94537506
 927.20000000   22.94516142
 927.30000000   22.94494774
 927.40000000   22.94473404
 927.50000000   22.94452031
 927.60000000   22.94430655
 927.70000000   22.94409276
 927.80000000   22.94387894
 927.90000000   22.94366509
 928.00000000   22.94345121
 928.10000000   22.94323731
 928.20000000   22.94302337
 928.30000000   22.94280941
 928.40000000   22.94259542
 928.50000000   22.94238139
 928.60000000   22.94216734
 928.70000000   22.94195326
 928.80000000   22.94173916
 928.90000000   22.94152502
 929.00000000   22.94131085
 929.10000000   22.94109666
 929.20000000   22.94088244
 929.30000000   22.94066819
 929.40000000   22.94045391
 929.50000000   22.94023960
 929.60000000   22.94002526
 929.70000000   22.93981089
 929.80000000   22.93959650
 929.90000000   22.93938208
 930.00000000   22.93916763
 930.10000000   22.93895315
 930.20000000   22.93873864
 930.30000000   22.93852410
 930.40000000   22.93830954
 930.50000000   22.93809494
 930.60000000   22.93788032
 930.70000000   22.93766567
 930.80000000   22.93745099
 930.90000000   22.93723629
 931.00000000   22.93702155
 931.10000000   22.93680679
 931.20000000   22.93659200
 931.30000000   22.93637718
 931.40000000   22.93616233
 931.50000000   22.93594745
 931.60000000   22.93573255
 931.70000000   22.93551761
 931.80000000   22.93530265
 931.90000000   22.93508767
 932.00000000   22.93487265
 932.10000000   22.93465760
 932.20000000   22.93444253
 932.30000000   22.93422743
 932.40000000   22.93401230
 932.50000000   22.93379714
 932.60000000   22.93358196
 932.70000000   22.93336675
 932.80000000   22.93315151
 932.90000000   22.93293624
 933.00000000   22.93272094
 933.10000000   22.93250562
 933.20000000   22.93229027
 933.30000000   22.93207489
 933.40000000   22.93185948
 933.50000000   22.93164405
 933.60000000   22.93142858
 933.70000000   22.93121309
 933.80000000   22.93099758
 933.90000000   22.93078203
 934.00000000   22.93056646
 934.10000000   22.93035086
 934.20000000   22.93013523
 934.30000000   22.92991957
 934.40000000   22.92970389
 934.50000000   22.92948818
 934.60000000   22.92927244
 934.70000000   22.92905667
 934.80000000   22.92884088
 934.90000000   22.92862506
 935.00000000   22.92840921
 935.10000000   22.92819333
 935.20000000   22.92797743
 935.30000000   22.92776150
 935.40000000   22.92754554
 935.50000000   22.92732956
 935.60000000   22.92711355
 935.70000000   22.92689751
 935.80000000   22.92668144
 935.90000000   22.92646535
 936.00000000   22.92624923
 936.10000000   22.92603308
 936.20000000   22.92581690
 936.30000000   22.92560070
 936.40000000   22.92538447
 936.50000000   22.92516821
 936.60000000   22.92495193
 936.70000000   22.92473562
 936.80000000   22.92451928
 936.90000000   22.92430292
 937.00000000   22.92408652
 937.10000000   22.92387011
 937.20000000   22.92365366
 937.30000000   22.92343719
 937.40000000   22.92322069
 937.50000000   22.92300416
 937.60000000   22.92278761
 937.70000000   22.92257103
 937.80000000   22.92235442
 937.90000000   22.92213779
 938.00000000   22.92192113
 938.10000000   22.92170444
 938.20000000   22.92148773
 938.30000000   22.92127099
 938.40000000   22.92105422
 938.50000000   22.92083743
 938.60000000   22.92062061
 938.70000000   22.92040376
 938.80000000   22.92018689
 938.90000000   22.91996999
 939.00000000   22.91975306
 939.10000000   22.91953611
 939.20000000   22.91931913
 939.30000000   22.91910212
 939.40000000   22.91888509
 939.50000000   22.91866803
 939.60000000   22.91845095
 939.70000000   22.91823383
 939.80000000   22.91801670
 939.90000000   22.91779953
 940.00000000   22.91758234
 940.10000000   22.91736512
 940.20000000   22.91714788
 940.30000000   22.91693061
 940.40000000   22.91671331
 940.50000000   22.91649599
 940.60000000   22.91627864
 940.70000000   22.91606127
 940.80000000   22.91584387
 940.90000000   22.91562644
 941.00000000   22.91540899
 941.10000000   22.91519151
 941.20000000   22.91497401
 941.30000000   22.91475647
 941.40000000   22.91453892
 941.50000000   22.91432133
 941.60000000   22.91410372
 941.70000000   22.91388609
 941.80000000   22.91366843
 941.90000000   22.91345074
 942.00000000   22.91323303
 942.10000000   22.91301529
 942.20000000   22.91279753
 942.30000000   22.91257974
 942.40000000   22.91236192
 942.50000000   22.91214408
 942.60000000   22.91192621
 942.70000000   22.91170832
 942.80000000   22.91149040
 942.90000000   22.91127245
 943.00000000   22.91105448
 943.10000000   22.91083648
 943.20000000   22.91061846
 943.30000000   22.91040041
 943.40000000   22.91018234
 943.50000000   22.90996424
 943.60000000   22.90974612
 943.70000000   22.90952797
 943.80000000   22.90930979
 943.90000000   22.90909159
 944.00000000   22.90887336
 944.10000000   22.90865511
 944.20000000   22.90843683
 944.30000000   22.90821853
 944.40000000   22.90800020
 944.50000000   22.90778185
 944.60000000   22.90756347
 944.70000000   22.90734507
 944.80000000   22.90712664
 944.90000000   22.90690818
 945.00000000   22.90668970
 945.10000000   22.90647119
 945.20000000   22.90625266
 945.30000000   22.90603411
 945.40000000   22.90581553
 945.50000000   22.90559692
 945.60000000   22.90537829
 945.70000000   22.90515963
 945.80000000   22.90494095
 945.90000000   22.90472224
 946.00000000   22.90450351
 946.10000000   22.90428475
 946.20000000   22.90406597
 946.30000000   22.90384716
 946.40000000   22.90362833
 946.50000000   22.90340948
 946.60000000   22.90319059
 946.70000000   22.90297169
 946.80000000   22.90275275
 946.90000000   22.90253380
 947.00000000   22.90231482
 947.10000000   22.90209581
 947.20000000   22.90187678
 947.30000000   22.90165772
 947.40000000   22.90143864
 947.50000000   22.90121954
 947.60000000   22.90100041
 947.70000000   22.90078125
 947.80000000   22.90056207
 947.90000000   22.90034287
 948.00000000   22.90012364
 948.10000000   22.89990438
 948.20000000   22.89968510
 948.30000000   22.89946580
 948.40000000   22.89924647
 948.50000000   22.89902712
 948.60000000   22.89880774
 948.70000000   22.89858834
 948.80000000   22.89836892
 948.90000000   22.89814947
 949.00000000   22.89792999
 949.10000000   22.89771049
 949.20000000   22.89749097
 949.30000000   22.89727142
 949.40000000   22.89705185
 949.50000000   22.89683225
 949.60000000   22.89661263
 949.70000000   22.89639299
 949.80000000   22.89617332
 949.90000000   22.89595362
 950.00000000   22.89573390
 950.10000000   22.89551416
 950.20000000   22.89529439
 950.30000000   22.89507460
 950.40000000   22.89485479
 950.50000000   22.89463495
 950.60000000   22.89441509
 950.70000000   22.89419520
 950.80000000   22.89397529
 950.90000000   22.89375535
 951.00000000   22.89353539
 951.10000000   22.89331541
 951.20000000   22.89309540
 951.30000000   22.89287537
 951.40000000   22.89265531
 951.50000000   22.89243523
 951.60000000   22.89221513
 951.70000000   22.89199500
 951.80000000   22.89177485
 951.90000000   22.89155467
 952.00000000   22.89133447
 952.10000000   22.89111425
 952.20000000   22.89089400
 952.30000000   22.89067373
 952.40000000   22.89045344
 952.50000000   22.89023312
 952.60000000   22.89001278
 952.70000000   22.88979241
 952.80000000   22.88957202
 952.90000000   22.88935161
 953.00000000   22.88913117
 953.10000000   22.88891071
 953.20000000   22.88869023
 953.30000000   22.88846972
 953.40000000   22.88824919
 953.50000000   22.88802863
 953.60000000   22.88780806
 953.70000000   22.88758745
 953.80000000   22.88736683
 953.90000000   22.88714618
 954.00000000   22.88692551
 954.10000000   22.88670481
 954.20000000   22.88648409
 954.30000000   22.88626335
 954.40000000   22.88604258
 954.50000000   22.88582179
 954.60000000   22.88560098
 954.70000000   22.88538015
 954.80000000   22.88515929
 954.90000000   22.88493840
 955.00000000   22.88471750
 955.10000000   22.88449657
 955.20000000   22.88427562
 955.30000000   22.88405464
 955.40000000   22.88383364
 955.50000000   22.88361262
 955.60000000   22.88339157
 955.70000000   22.88317051
 955.80000000   22.88294941
 955.90000000   22.88272830
 956.00000000   22.88250716
 956.10000000   22.88228600
 956.20000000   22.88206482
 956.30000000   22.88184361
 956.40000000   22.88162238
 956.50000000   22.88140113
 956.60000000   22.88117985
 956.70000000   22.88095856
 956.80000000   22.88073723
 956.90000000   22.88051589
 957.00000000   22.88029452
 957.10000000   22.88007313
 957.20000000   22.87985172
 957.30000000   22.87963028
 957.40000000   22.87940883
 957.50000000   22.87918734
 957.60000000   22.87896584
 957.70000000   22.87874431
 957.80000000   22.87852276
 957.90000000   22.87830119
 958.00000000   22.87807960
 958.10000000   22.87785798
 958.20000000   22.87763634
 958.30000000   22.87741468
 958.40000000   22.87719299
 958.50000000   22.87697128
 958.60000000   22.87674955
 958.70000000   22.87652780
 958.80000000   22.87630602
 958.90000000   22.87608423
 959.00000000   22.87586241
 959.10000000   22.87564056
 959.20000000   22.87541870
 959.30000000   22.87519681
 959.40000000   22.87497490
 959.50000000   22.87475297
 959.60000000   22.87453101
 959.70000000   22.87430903
 959.80000000   22.87408703
 959.90000000   22.87386501
 960.00000000   22.87364297
 960.10000000   22.87342090
 960.20000000   22.87319881
 960.30000000   22.87297670
 960.40000000   22.87275457
 960.50000000   22.87253241
 960.60000000   22.87231023
 960.70000000   22.87208803
 960.80000000   22.87186581
 960.90000000   22.87164357
 961.00000000   22.87142130
 961.10000000   22.87119901
 961.20000000   22.87097670
 961.30000000   22.87075437
 961.40000000   22.87053201
 961.50000000   22.87030964
 961.60000000   22.87008724
 961.70000000   22.86986482
 961.80000000   22.86964237
 961.90000000   22.86941991
 962.00000000   22.86919742
 962.10000000   22.86897491
 962.20000000   22.86875238
 962.30000000   22.86852983
 962.40000000   22.86830726
 962.50000000   22.86808466
 962.60000000   22.86786204
 962.70000000   22.86763941
 962.80000000   22.86741674
 962.90000000   22.86719406
 963.00000000   22.86697136
 963.10000000   22.86674863
 963.20000000   22.86652588
 963.30000000   22.86630311
 963.40000000   22.86608032
 963.50000000   22.86585751
 963.60000000   22.86563467
 963.70000000   22.86541182
 963.80000000   22.86518894
 963.90000000   22.86496604
 964.00000000   22.86474312
 964.10000000   22.86452018
 964.20000000   22.86429721
 964.30000000   22.86407423
 964.40000000   22.86385122
 964.50000000   22.86362819
 964.60000000   22.86340514
 964.70000000   22.86318207
 964.80000000   22.86295898
 964.90000000   22.86273587
 965.00000000   22.86251273
 965.10000000   22.86228957
 965.20000000   22.86206640
 965.30000000   22.86184320
 965.40000000   22.86161998
 965.50000000   22.86139673
 965.60000000   22.86117347
 965.70000000   22.86095019
 965.80000000   22.86072688
 965.90000000   22.86050355
 966.00000000   22.86028021
 966.10000000   22.86005684
 966.20000000   22.85983345
 966.30000000   22.85961004
 966.40000000   22.85938660
 966.50000000   22.85916315
 966.60000000   22.85893968
 966.70000000   22.85871618
 966.80000000   22.85849266
 966.90000000   22.85826913
 967.00000000   22.85804557
 967.10000000   22.85782199
 967.20000000   22.85759839
 967.30000000   22.85737477
 967.40000000   22.85715112
 967.50000000   22.85692746
 967.60000000   22.85670378
 967.70000000   22.85648007
 967.80000000   22.85625635
 967.90000000   22.85603260
 968.00000000   22.85580883
 968.10000000   22.85558505
 968.20000000   22.85536124
 968.30000000   22.85513741
 968.40000000   22.85491356
 968.50000000   22.85468969
 968.60000000   22.85446579
 968.70000000   22.85424188
 968.80000000   22.85401795
 968.90000000   22.85379399
 969.00000000   22.85357002
 969.10000000   22.85334603
 969.20000000   22.85312201
 969.30000000   22.85289797
 969.40000000   22.85267392
 969.50000000   22.85244984
 969.60000000   22.85222574
 969.70000000   22.85200162
 969.80000000   22.85177749
 969.90000000   22.85155333
 970.00000000   22.85132915
 970.10000000   22.85110495
 970.20000000   22.85088073
 970.30000000   22.85065649
 970.40000000   22.85043223
 970.50000000   22.85020794
 970.60000000   22.84998364
 970.70000000   22.84975932
 970.80000000   22.84953498
 970.90000000   22.84931062
 971.00000000   22.84908623
 971.10000000   22.84886183
 971.20000000   22.84863741
 971.30000000   22.84841296
 971.40000000   22.84818850
 971.50000000   22.84796402
 971.60000000   22.84773951
 971.70000000   22.84751499
 971.80000000   22.84729044
 971.90000000   22.84706588
 972.00000000   22.84684129
 972.10000000   22.84661669
 972.20000000   22.84639207
 972.30000000   22.84616742
 972.40000000   22.84594276
 972.50000000   22.84571807
 972.60000000   22.84549337
 972.70000000   22.84526864
 972.80000000   22.84504390
 972.90000000   22.84481914
 973.00000000   22.84459435
 973.10000000   22.84436955
 973.20000000   22.84414472
 973.30000000   22.84391988
 973.40000000   22.84369502
 973.50000000   22.84347013
 973.60000000   22.84324523
 973.70000000   22.84302031
 973.80000000   22.84279536
 973.90000000   22.84257040
 974.00000000   22.84234542
 974.10000000   22.84212042
 974.20000000   22.84189540
 974.30000000   22.84167036
 974.40000000   22.84144529
 974.50000000   22.84122021
 974.60000000   22.84099511
 974.70000000   22.84076999
 974.80000000   22.84054486
 974.90000000   22.84031970
 975.00000000   22.84009452
 975.10000000   22.83986932
 975.20000000   22.83964410
 975.30000000   22.83941887
 975.40000000   22.83919361
 975.50000000   22.83896833
 975.60000000   22.83874304
 975.70000000   22.83851773
 975.80000000   22.83829239
 975.90000000   22.83806704
 976.00000000   22.83784167
 976.10000000   22.83761627
 976.20000000   22.83739086
 976.30000000   22.83716543
 976.40000000   22.83693998
 976.50000000   22.83671451
 976.60000000   22.83648902
 976.70000000   22.83626352
 976.80000000   22.83603799
 976.90000000   22.83581244
 977.00000000   22.83558688
 977.10000000   22.83536129
 977.20000000   22.83513569
 977.30000000   22.83491007
 977.40000000   22.83468442
 977.50000000   22.83445876
 977.60000000   22.83423308
 977.70000000   22.83400738
 977.80000000   22.83378167
 977.90000000   22.83355593
 978.00000000   22.83333017
 978.10000000   22.83310440
 978.20000000   22.83287860
 978.30000000   22.83265279
 978.40000000   22.83242696
 978.50000000   22.83220111
 978.60000000   22.83197524
 978.70000000   22.83174935
 978.80000000   22.83152344
 978.90000000   22.83129751
 979.00000000   22.83107157
 979.10000000   22.83084561
 979.20000000   22.83061962
 979.30000000   22.83039362
 979.40000000   22.83016760
 979.50000000   22.82994156
 979.60000000   22.82971550
 979.70000000   22.82948943
 979.80000000   22.82926333
 979.90000000   22.82903722
 980.00000000   22.82881108
 980.10000000   22.82858493
 980.20000000   22.82835876
 980.30000000   22.82813257
 980.40000000   22.82790637
 980.50000000   22.82768014
 980.60000000   22.82745390
 980.70000000   22.82722763
 980.80000000   22.82700135
 980.90000000   22.82677505
 981.00000000   22.82654873
 981.10000000   22.82632240
 981.20000000   22.82609604
 981.30000000   22.82586967
 981.40000000   22.82564327
 981.50000000   22.82541686
 981.60000000   22.82519044
 981.70000000   22.82496399
 981.80000000   22.82473752
 981.90000000   22.82451104
 982.00000000   22.82428454
 982.10000000   22.82405801
 982.20000000   22.82383148
 982.30000000   22.82360492
 982.40000000   22.82337834
 982.50000000   22.82315175
 982.60000000   22.82292514
 982.70000000   22.82269851
 982.80000000   22.82247186
 982.90000000   22.82224519
 983.00000000   22.82201851
 983.10000000   22.82179180
 983.20000000   22.82156508
 983.30000000   22.82133834
 983.40000000   22.82111159
 983.50000000   22.82088481
 983.60000000   22.82065802
 983.70000000   22.82043121
 983.80000000   22.82020438
 983.90000000   22.81997753
 984.00000000   22.81975067
 984.10000000   22.81952378
 984.20000000   22.81929688
 984.30000000   22.81906996
 984.40000000   22.81884302
 984.50000000   22.81861607
 984.60000000   22.81838910
 984.70000000   22.81816211
 984.80000000   22.81793510
 984.90000000   22.81770807
 985.00000000   22.81748103
 985.10000000   22.81725397
 985.20000000   22.81702689
 985.30000000   22.81679979
 985.40000000   22.81657267
 985.50000000   22.81634554
 985.60000000   22.81611839
 985.70000000   22.81589122
 985.80000000   22.81566403
 985.90000000   22.81543683
 986.00000000   22.81520961
 986.10000000   22.81498237
 986.20000000   22.81475511
 986.30000000   22.81452784
 986.40000000   22.81430055
 986.50000000   22.81407324
 986.60000000   22.81384591
 986.70000000   22.81361857
 986.80000000   22.81339121
 986.90000000   22.81316383
 987.00000000   22.81293643
 987.10000000   22.81270902
 987.20000000   22.81248158
 987.30000000   22.81225413
 987.40000000   22.81202667
 987.50000000   22.81179918
 987.60000000   22.81157168
 987.70000000   22.81134416
 987.80000000   22.81111663
 987.90000000   22.81088907
 988.00000000   22.81066150
 988.10000000   22.81043392
 988.20000000   22.81020631
 988.30000000   22.80997869
 988.40000000   22.80975105
 988.50000000   22.80952339
 988.60000000   22.80929572
 988.70000000   22.80906802
 988.80000000   22.80884032
 988.90000000   22.80861259
 989.00000000   22.80838485
 989.10000000   22.80815709
 989.20000000   22.80792931
 989.30000000   22.80770152
 989.40000000   22.80747370
 989.50000000   22.80724588
 989.60000000   22.80701803
 989.70000000   22.80679017
 989.80000000   22.80656229
 989.90000000   22.80633439
 990.00000000   22.80610648
 990.10000000   22.80587855
 990.20000000   22.80565060
 990.30000000   22.80542264
 990.40000000   22.80519465
 990.50000000   22.80496666
 990.60000000   22.80473864
 990.70000000   22.80451061
 990.80000000   22.80428256
 990.90000000   22.80405450
 991.00000000   22.80382641
 991.10000000   22.80359831
 991.20000000   22.80337020
 991.30000000   22.80314206
 991.40000000   22.80291392
 991.50000000   22.80268575
 991.60000000   22.80245757
 991.70000000   22.80222937
 991.80000000   22.80200115
 991.90000000   22.80177292
 992.00000000   22.80154467
 992.10000000   22.80131640
 992.20000000   22.80108812
 992.30000000   22.80085982
 992.40000000   22.80063150
 992.50000000   22.80040317
 992.60000000   22.80017482
 992.70000000   22.79994645
 992.80000000   22.79971807
 992.90000000   22.79948967
 993.00000000   22.79926126
 993.10000000   22.79903283
 993.20000000   22.79880438
 993.30000000   22.79857591
 993.40000000   22.79834743
 993.50000000   22.79811893
 993.60000000   22.79789042
 993.70000000   22.79766189
 993.80000000   22.79743334
 993.90000000   22.79720478
 994.00000000   22.79697620
 994.10000000   22.79674760
 994.20000000   22.79651899
 994.30000000   22.79629036
 994.40000000   22.79606172
 994.50000000   22.79583306
 994.60000000   22.79560438
 994.70000000   22.79537569
 994.80000000   22.79514698
 994.90000000   22.79491825
 995.00000000   22.79468951
 995.10000000   22.79446075
 995.20000000   22.79423198
 995.30000000   22.79400319
 995.40000000   22.79377438
 995.50000000   22.79354556
 995.60000000   22.79331672
 995.70000000   22.79308787
 995.80000000   22.79285900
 995.90000000   22.79263011
 996.00000000   22.79240121
 996.10000000   22.79217229
 996.20000000   22.79194335
 996.30000000   22.79171440
 996.40000000   22.79148544
 996.50000000   22.79125645
 996.60000000   22.79102745
 996.70000000   22.79079844
 996.80000000   22.79056941
 996.90000000   22.79034036
 997.00000000   22.79011130
 997.10000000   22.78988222
 997.20000000   22.78965313
 997.30000000   22.78942402
 997.40000000   22.78919490
 997.50000000   22.78896575
 997.60000000   22.78873660
 997.70000000   22.78850742
 997.80000000   22.78827824
 997.90000000   22.78804903
 998.00000000   22.78781981
 998.10000000   22.78759058
 998.20000000   22.78736133
 998.30000000   22.78713206
 998.40000000   22.78690278
 998.50000000   22.78667348
 998.60000000   22.78644417
 998.70000000   22.78621484
 998.80000000   22.78598549
 998.90000000   22.78575613
 999.00000000   22.78552676
 999.10000000   22.78529737
 999.20000000   22.78506796
 999.30000000   22.78483854
 999.40000000   22.78460910
 999.50000000   22.78437964
 999.60000000   22.78415018
 999.70000000   22.78392069
 999.80000000   22.78369119
 999.90000000   22.78346168
 1000.00000000   22.78323215
