   1.00000000  2417.90750239
   2.00000000  100.34390883
   3.00000000   53.66829328
   4.00000000   40.38226602
   5.00000000   34.36955300
   6.00000000   31.01478887
   7.00000000   28.90187457
   8.00000000   27.46058713
   9.00000000   26.41991500
  10.00000000   25.63566566
  11.00000000   25.02450766
  12.00000000   24.53511585
  13.00000000   24.13424414
  14.00000000   23.79946996
  15.00000000   23.51517020
  16.00000000   23.27016705
  17.00000000   23.05628608
  18.00000000   22.86743724
  19.00000000   22.69900953
  20.00000000   22.54746083
  21.00000000   22.41003373
  22.00000000   22.28455481
  23.00000000   22.16929060
  24.00000000   22.06284297
  25.00000000   21.96407207
  26.00000000   21.87203914
  27.00000000   21.78596350
  28.00000000   21.70519002
  29.00000000   21.62916417
  30.00000000   21.55741284
  31.00000000   21.48952931
  32.00000000   21.42516157
  33.00000000   21.36400295
  34.00000000   21.30578469
  35.00000000   21.25026999
  36.00000000   21.19724909
  37.00000000   21.14653534
  38.00000000   21.09796194
  39.00000000   21.05137917
  40.00000000   21.00665220
  41.00000000   20.96365912
  42.00000000   20.92228941
  43.00000000   20.88244250
  44.00000000   20.84402667
  45.00000000   20.80695802
  46.00000000   20.77115962
  47.00000000   20.73656076
  48.00000000   20.70309631
  49.00000000   20.67070615
  50.00000000   20.63933469
  51.00000000   20.60893040
  52.00000000   20.57944548
  53.00000000   20.55083548
  54.00000000   20.52305902
  55.00000000   20.49607751
  56.00000000   20.46985496
  57.00000000   20.44435768
  58.00000000   20.41955420
  59.00000000   20.39541502
  60.00000000   20.37191248
  61.00000000   20.34902066
  62.00000000   20.32671521
  63.00000000   20.30497327
  64.00000000   20.28377336
  65.00000000   20.26309527
  66.00000000   20.24292004
  67.00000000   20.22322982
  68.00000000   20.20400783
  69.00000000   20.18523828
  70.00000000   20.16690637
  71.00000000   20.14899816
  72.00000000   20.13150056
  73.00000000   20.11440129
  74.00000000   20.09768883
  75.00000000   20.08135239
  76.00000000   20.06538184
  77.00000000   20.04976771
  78.00000000   20.03450115
  79.00000000   20.01957389
  80.00000000   20.00497824
  81.00000000   19.99070699
  82.00000000   19.97675347
  83.00000000   19.96311148
  84.00000000   19.94977526
  85.00000000   19.93673949
  86.00000000   19.92399923
  87.00000000   19.91154996
  88.00000000   19.89938748
  89.00000000   19.88750797
  90.00000000   19.87590791
  91.00000000   19.86458409
  92.00000000   19.85353356
  93.00000000   19.84275367
  94.00000000   19.83224200
  95.00000000   19.82199636
  96.00000000   19.81201478
  97.00000000   19.80229549
  98.00000000   19.79283691
  99.00000000   19.78363761
 100.00000000   19.77469634
 101.00000000   19.76601198
 102.00000000   19.75758355
 103.00000000   19.74941017
 104.00000000   19.74149108
 105.00000000   19.73382561
 106.00000000   19.72641317
 107.00000000   19.71925326
 108.00000000   19.71234542
 109.00000000   19.70568926
 110.00000000   19.69928442
 111.00000000   19.69313060
 112.00000000   19.68722750
 113.00000000   19.68157488
 114.00000000   19.67617246
 115.00000000   19.67102002
 116.00000000   19.66611732
 117.00000000   19.66146410
 118.00000000   19.65706012
 119.00000000   19.65290510
 120.00000000   19.64899876
 121.00000000   19.64534077
 122.00000000   19.64193081
 123.00000000   19.63876849
 124.00000000   19.63585341
 125.00000000   19.63318512
 126.00000000   19.63076313
 127.00000000   19.62858692
 128.00000000   19.62665591
 129.00000000   19.62496948
 130.00000000   19.62352695
 131.00000000   19.62232761
 132.00000000   19.62137068
 133.00000000   19.62065534
 134.00000000   19.62018071
 135.00000000   19.61994585
 136.00000000   19.61994978
 137.00000000   19.62019147
 138.00000000   19.62066980
 139.00000000   19.62138364
 140.00000000   19.62233178
 141.00000000   19.62351295
 142.00000000   19.62492586
 143.00000000   19.62656913
 144.00000000   19.62844135
 145.00000000   19.63054104
 146.00000000   19.63286669
 147.00000000   19.63541674
 148.00000000   19.63818955
 149.00000000   19.64118347
 150.00000000   19.64439679
 151.00000000   19.64782774
 152.00000000   19.65147453
 153.00000000   19.65533530
 154.00000000   19.65940818
 155.00000000   19.66369124
 156.00000000   19.66818251
 157.00000000   19.67288000
 158.00000000   19.67778165
 159.00000000   19.68288541
 160.00000000   19.68818916
 161.00000000   19.69369077
 162.00000000   19.69938807
 163.00000000   19.70527886
 164.00000000   19.71136092
 165.00000000   19.71763200
 166.00000000   19.72408983
 167.00000000   19.73073210
 168.00000000   19.73755652
 169.00000000   19.74456072
 170.00000000   19.75174237
 171.00000000   19.75909909
 172.00000000   19.76662848
 173.00000000   19.77432814
 174.00000000   19.78219566
 175.00000000   19.79022861
 176.00000000   19.79842455
 177.00000000   19.80678103
 178.00000000   19.81529559
 179.00000000   19.82396577
 180.00000000   19.83278911
 181.00000000   19.84176313
 182.00000000   19.85088536
 183.00000000   19.86015330
 184.00000000   19.86956450
 185.00000000   19.87911646
 186.00000000   19.88880671
 187.00000000   19.89863277
 188.00000000   19.90859217
 189.00000000   19.91868243
 190.00000000   19.92890110
 191.00000000   19.93924571
 192.00000000   19.94971381
 193.00000000   19.96030296
 194.00000000   19.97101072
 195.00000000   19.98183465
 196.00000000   19.99277235
 197.00000000   20.00382140
 198.00000000   20.01497941
 199.00000000   20.02624398
 200.00000000   20.03761276
 201.00000000   20.04908337
 202.00000000   20.06065347
 203.00000000   20.07232073
 204.00000000   20.08408283
 205.00000000   20.09593748
 206.00000000   20.10788237
 207.00000000   20.11991524
 208.00000000   20.13203384
 209.00000000   20.14423594
 210.00000000   20.15651930
 211.00000000   20.16888173
 212.00000000   20.18132105
 213.00000000   20.19383509
 214.00000000   20.20642170
 215.00000000   20.21907876
 216.00000000   20.23180415
 217.00000000   20.24459580
 218.00000000   20.25745164
 219.00000000   20.27036960
 220.00000000   20.28334767
 221.00000000   20.29638385
 222.00000000   20.30947613
 223.00000000   20.32262256
 224.00000000   20.33582120
 225.00000000   20.34907011
 226.00000000   20.36236740
 227.00000000   20.37571119
 228.00000000   20.38909961
 229.00000000   20.40253083
 230.00000000   20.41600303
 231.00000000   20.42951442
 232.00000000   20.44306322
 233.00000000   20.45664768
 234.00000000   20.47026608
 235.00000000   20.48391671
 236.00000000   20.49759787
 237.00000000   20.51130791
 238.00000000   20.52504518
 239.00000000   20.53880806
 240.00000000   20.55259496
 241.00000000   20.56640429
 242.00000000   20.58023450
 243.00000000   20.59408405
 244.00000000   20.60795144
 245.00000000   20.62183516
 246.00000000   20.63573376
 247.00000000   20.64964578
 248.00000000   20.66356979
 249.00000000   20.67750439
 250.00000000   20.69144818
 251.00000000   20.70539982
 252.00000000   20.71935794
 253.00000000   20.73332123
 254.00000000   20.74728838
 255.00000000   20.76125811
 256.00000000   20.77522915
 257.00000000   20.78920027
 258.00000000   20.80317024
 259.00000000   20.81713786
 260.00000000   20.83110194
 261.00000000   20.84506132
 262.00000000   20.85901485
 263.00000000   20.87296141
 264.00000000   20.88689989
 265.00000000   20.90082921
 266.00000000   20.91474828
 267.00000000   20.92865608
 268.00000000   20.94255155
 269.00000000   20.95643369
 270.00000000   20.97030150
 271.00000000   20.98415400
 272.00000000   20.99799023
 273.00000000   21.01180925
 274.00000000   21.02561014
 275.00000000   21.03939197
 276.00000000   21.05315387
 277.00000000   21.06689495
 278.00000000   21.08061436
 279.00000000   21.09431126
 280.00000000   21.10798481
 281.00000000   21.12163422
 282.00000000   21.13525868
 283.00000000   21.14885742
 284.00000000   21.16242967
 285.00000000   21.17597470
 286.00000000   21.18949176
 287.00000000   21.20298014
 288.00000000   21.21643914
 289.00000000   21.22986806
 290.00000000   21.24326625
 291.00000000   21.25663303
 292.00000000   21.26996776
 293.00000000   21.28326982
 294.00000000   21.29653858
 295.00000000   21.30977345
 296.00000000   21.32297382
 297.00000000   21.33613914
 298.00000000   21.34926882
 299.00000000   21.36236232
 300.00000000   21.37541911
 301.00000000   21.38843865
 302.00000000   21.40142044
 303.00000000   21.41436397
 304.00000000   21.42726876
 305.00000000   21.44013432
 306.00000000   21.45296019
 307.00000000   21.46574593
 308.00000000   21.47849108
 309.00000000   21.49119521
 310.00000000   21.50385791
 311.00000000   21.51647877
 312.00000000   21.52905738
 313.00000000   21.54159337
 314.00000000   21.55408635
 315.00000000   21.56653596
 316.00000000   21.57894183
 317.00000000   21.59130363
 318.00000000   21.60362102
 319.00000000   21.61589366
 320.00000000   21.62812125
 321.00000000   21.64030347
 322.00000000   21.65244003
 323.00000000   21.66453063
 324.00000000   21.67657500
 325.00000000   21.68857285
 326.00000000   21.70052394
 327.00000000   21.71242801
 328.00000000   21.72428480
 329.00000000   21.73609408
 330.00000000   21.74785563
 331.00000000   21.75956922
 332.00000000   21.77123463
 333.00000000   21.78285166
 334.00000000   21.79442012
 335.00000000   21.80593981
 336.00000000   21.81741054
 337.00000000   21.82883215
 338.00000000   21.84020447
 339.00000000   21.85152733
 340.00000000   21.86280057
 341.00000000   21.87402406
 342.00000000   21.88519765
 343.00000000   21.89632120
 344.00000000   21.90739458
 345.00000000   21.91841769
 346.00000000   21.92939039
 347.00000000   21.94031259
 348.00000000   21.95118417
 349.00000000   21.96200504
 350.00000000   21.97277512
 351.00000000   21.98349430
 352.00000000   21.99416252
 353.00000000   22.00477970
 354.00000000   22.01534577
 355.00000000   22.02586067
 356.00000000   22.03632434
 357.00000000   22.04673672
 358.00000000   22.05709777
 359.00000000   22.06740745
 360.00000000   22.07766571
 361.00000000   22.08787252
 362.00000000   22.09802786
 363.00000000   22.10813170
 364.00000000   22.11818402
 365.00000000   22.12818481
 366.00000000   22.13813405
 367.00000000   22.14803174
 368.00000000   22.15787788
 369.00000000   22.16767246
 370.00000000   22.17741550
 371.00000000   22.18710700
 372.00000000   22.19674698
 373.00000000   22.20633546
 374.00000000   22.21587245
 375.00000000   22.22535799
 376.00000000   22.23479209
 377.00000000   22.24417480
 378.00000000   22.25350615
 379.00000000   22.26278617
 380.00000000   22.27201491
 381.00000000   22.28119242
 382.00000000   22.29031874
 383.00000000   22.29939393
 384.00000000   22.30841803
 385.00000000   22.31739112
 386.00000000   22.32631324
 387.00000000   22.33518447
 388.00000000   22.34400486
 389.00000000   22.35277449
 390.00000000   22.36149343
 391.00000000   22.37016176
 392.00000000   22.37877955
 393.00000000   22.38734687
 394.00000000   22.39586382
 395.00000000   22.40433048
 396.00000000   22.41274693
 397.00000000   22.42111327
 398.00000000   22.42942958
 399.00000000   22.43769595
 400.00000000   22.44591249
 401.00000000   22.45407929
 402.00000000   22.46219645
 403.00000000   22.47026408
 404.00000000   22.47828227
 405.00000000   22.48625113
 406.00000000   22.49417077
 407.00000000   22.50204130
 408.00000000   22.50986283
 409.00000000   22.51763547
 410.00000000   22.52535933
 411.00000000   22.53303454
 412.00000000   22.54066121
 413.00000000   22.54823946
 414.00000000   22.55576941
 415.00000000   22.56325118
 416.00000000   22.57068490
 417.00000000   22.57807069
 418.00000000   22.58540868
 419.00000000   22.59269899
 420.00000000   22.59994175
 421.00000000   22.60713710
 422.00000000   22.61428517
 423.00000000   22.62138608
 424.00000000   22.62843998
 425.00000000   22.63544699
 426.00000000   22.64240726
 427.00000000   22.64932092
 428.00000000   22.65618810
 429.00000000   22.66300896
 430.00000000   22.66978362
 431.00000000   22.67651223
 432.00000000   22.68319492
 433.00000000   22.68983186
 434.00000000   22.69642316
 435.00000000   22.70296899
 436.00000000   22.70946948
 437.00000000   22.71592479
 438.00000000   22.72233505
 439.00000000   22.72870042
 440.00000000   22.73502105
 441.00000000   22.74129707
 442.00000000   22.74752865
 443.00000000   22.75371593
 444.00000000   22.75985906
 445.00000000   22.76595819
 446.00000000   22.77201348
 447.00000000   22.77802507
 448.00000000   22.78399312
 449.00000000   22.78991779
 450.00000000   22.79579922
 451.00000000   22.80163757
 452.00000000   22.80743299
 453.00000000   22.81318564
 454.00000000   22.81889567
 455.00000000   22.82456325
 456.00000000   22.83018851
 457.00000000   22.83577163
 458.00000000   22.84131275
 459.00000000   22.84681204
 460.00000000   22.85226964
 461.00000000   22.85768573
 462.00000000   22.86306044
 463.00000000   22.86839395
 464.00000000   22.87368641
 465.00000000   22.87893797
 466.00000000   22.88414880
 467.00000000   22.88931905
 468.00000000   22.89444888
 469.00000000   22.89953845
 470.00000000   22.90458792
 471.00000000   22.90959745
 472.00000000   22.91456718
 473.00000000   22.91949730
 474.00000000   22.92438794
 475.00000000   22.92923928
 476.00000000   22.93405146
 477.00000000   22.93882465
 478.00000000   22.94355901
 479.00000000   22.94825469
 480.00000000   22.95291185
 481.00000000   22.95753066
 482.00000000   22.96211126
 483.00000000   22.96665383
 484.00000000   22.97115851
 485.00000000   22.97562547
 486.00000000   22.98005485
 487.00000000   22.98444683
 488.00000000   22.98880156
 489.00000000   22.99311920
 490.00000000   22.99739989
 491.00000000   23.00164381
 492.00000000   23.00585111
 493.00000000   23.01002194
 494.00000000   23.01415646
 495.00000000   23.01825483
 496.00000000   23.02231721
 497.00000000   23.02634374
 498.00000000   23.03033459
 499.00000000   23.03428992
 500.00000000   23.03820987
 501.00000000   23.04209461
 502.00000000   23.04594429
 503.00000000   23.04975906
 504.00000000   23.05353907
 505.00000000   23.05728449
 506.00000000   23.06099546
 507.00000000   23.06467215
 508.00000000   23.06831469
 509.00000000   23.07192325
 510.00000000   23.07549798
 511.00000000   23.07903903
 512.00000000   23.08254655
 513.00000000   23.08602070
 514.00000000   23.08946163
 515.00000000   23.09286948
 516.00000000   23.09624441
 517.00000000   23.09958656
 518.00000000   23.10289610
 519.00000000   23.10617317
 520.00000000   23.10941791
 521.00000000   23.11263048
 522.00000000   23.11581102
 523.00000000   23.11895969
 524.00000000   23.12207663
 525.00000000   23.12516199
 526.00000000   23.12821592
 527.00000000   23.13123856
 528.00000000   23.13423006
 529.00000000   23.13719056
 530.00000000   23.14012021
 531.00000000   23.14301916
 532.00000000   23.14588756
 533.00000000   23.14872553
 534.00000000   23.15153324
 535.00000000   23.15431082
 536.00000000   23.15705841
 537.00000000   23.15977616
 538.00000000   23.16246422
 539.00000000   23.16512271
 540.00000000   23.16775179
 541.00000000   23.17035160
 542.00000000   23.17292227
 543.00000000   23.17546395
 544.00000000   23.17797677
 545.00000000   23.18046087
 546.00000000   23.18291640
 547.00000000   23.18534349
 548.00000000   23.18774228
 549.00000000   23.19011290
 550.00000000   23.19245550
 551.00000000   23.19477021
 552.00000000   23.19705717
 553.00000000   23.19931650
 554.00000000   23.20154836
 555.00000000   23.20375287
 556.00000000   23.20593016
 557.00000000   23.20808037
 558.00000000   23.21020363
 559.00000000   23.21230008
 560.00000000   23.21436985
 561.00000000   23.21641307
 562.00000000   23.21842987
 563.00000000   23.22042038
 564.00000000   23.22238474
 565.00000000   23.22432307
 566.00000000   23.22623550
 567.00000000   23.22812216
 568.00000000   23.22998318
 569.00000000   23.23181869
 570.00000000   23.23362882
 571.00000000   23.23541369
 572.00000000   23.23717343
 573.00000000   23.23890816
 574.00000000   23.24061802
 575.00000000   23.24230312
 576.00000000   23.24396360
 577.00000000   23.24559957
 578.00000000   23.24721116
 579.00000000   23.24879850
 580.00000000   23.25036170
 581.00000000   23.25190089
 582.00000000   23.25341619
 583.00000000   23.25490773
 584.00000000   23.25637561
 585.00000000   23.25781997
 586.00000000   23.25924093
 587.00000000   23.26063859
 588.00000000   23.26201309
 589.00000000   23.26336454
 590.00000000   23.26469306
 591.00000000   23.26599877
 592.00000000   23.26728178
 593.00000000   23.26854220
 594.00000000   23.26978017
 595.00000000   23.27099579
 596.00000000   23.27218918
 597.00000000   23.27336044
 598.00000000   23.27450971
 599.00000000   23.27563709
 600.00000000   23.27674269
 601.00000000   23.27782662
 602.00000000   23.27888901
 603.00000000   23.27992996
 604.00000000   23.28094958
 605.00000000   23.28194798
 606.00000000   23.28292528
 607.00000000   23.28388158
 608.00000000   23.28481700
 609.00000000   23.28573164
 610.00000000   23.28662561
 611.00000000   23.28749902
 612.00000000   23.28835198
 613.00000000   23.28918460
 614.00000000   23.28999698
 615.00000000   23.29078922
 616.00000000   23.29156144
 617.00000000   23.29231374
 618.00000000   23.29304623
 619.00000000   23.29375900
 620.00000000   23.29445217
 621.00000000   23.29512583
 622.00000000   23.29578010
 623.00000000   23.29641506
 624.00000000   23.29703084
 625.00000000   23.29762752
 626.00000000   23.29820520
 627.00000000   23.29876400
 628.00000000   23.29930401
 629.00000000   23.29982533
 630.00000000   23.30032805
 631.00000000   23.30081229
 632.00000000   23.30127813
 633.00000000   23.30172568
 634.00000000   23.30215503
 635.00000000   23.30256628
 636.00000000   23.30295953
 637.00000000   23.30333487
 638.00000000   23.30369241
 639.00000000   23.30403222
 640.00000000   23.30435443
 641.00000000   23.30465910
 642.00000000   23.30494635
 643.00000000   23.30521626
 644.00000000   23.30546893
 645.00000000   23.30570444
 646.00000000   23.30592290
 647.00000000   23.30612440
 648.00000000   23.30630903
 649.00000000   23.30647687
 650.00000000   23.30662802
 651.00000000   23.30676257
 652.00000000   23.30688061
 653.00000000   23.30698223
 654.00000000   23.30706752
 655.00000000   23.30713657
 656.00000000   23.30718947
 657.00000000   23.30722629
 658.00000000   23.30724715
 659.00000000   23.30725210
 660.00000000   23.30724126
 661.00000000   23.30721470
 662.00000000   23.30717250
 663.00000000   23.30711476
 664.00000000   23.30704156
 665.00000000   23.30695299
 666.00000000   23.30684912
 667.00000000   23.30673004
 668.00000000   23.30659584
 669.00000000   23.30644660
 670.00000000   23.30628240
 671.00000000   23.30610333
 672.00000000   23.30590946
 673.00000000   23.30570088
 674.00000000   23.30547767
 675.00000000   23.30523990
 676.00000000   23.30498767
 677.00000000   23.30472105
 678.00000000   23.30444013
 679.00000000   23.30414497
 680.00000000   23.30383566
 681.00000000   23.30351227
 682.00000000   23.30317490
 683.00000000   23.30282360
 684.00000000   23.30245847
 685.00000000   23.30207957
 686.00000000   23.30168699
 687.00000000   23.30128081
 688.00000000   23.30086108
 689.00000000   23.30042790
 690.00000000   23.29998134
 691.00000000   23.29952148
 692.00000000   23.29904838
 693.00000000   23.29856212
 694.00000000   23.29806277
 695.00000000   23.29755042
 696.00000000   23.29702513
 697.00000000   23.29648697
 698.00000000   23.29593602
 699.00000000   23.29537235
 700.00000000   23.29479603
 701.00000000   23.29420714
 702.00000000   23.29360573
 703.00000000   23.29299190
 704.00000000   23.29236569
 705.00000000   23.29172719
 706.00000000   23.29107646
 707.00000000   23.29041358
 708.00000000   23.28973861
 709.00000000   23.28905162
 710.00000000   23.28835268
 711.00000000   23.28764186
 712.00000000   23.28691922
 713.00000000   23.28618484
 714.00000000   23.28543877
 715.00000000   23.28468109
 716.00000000   23.28391187
 717.00000000   23.28313116
 718.00000000   23.28233903
 719.00000000   23.28153556
 720.00000000   23.28072079
 721.00000000   23.27989481
 722.00000000   23.27905767
 723.00000000   23.27820944
 724.00000000   23.27735018
 725.00000000   23.27647995
 726.00000000   23.27559882
 727.00000000   23.27470685
 728.00000000   23.27380411
 729.00000000   23.27289065
 730.00000000   23.27196654
 731.00000000   23.27103183
 732.00000000   23.27008660
 733.00000000   23.26913090
 734.00000000   23.26816479
 735.00000000   23.26718833
 736.00000000   23.26620158
 737.00000000   23.26520461
 738.00000000   23.26419747
 739.00000000   23.26318022
 740.00000000   23.26215291
 741.00000000   23.26111562
 742.00000000   23.26006839
 743.00000000   23.25901129
 744.00000000   23.25794437
 745.00000000   23.25686769
 746.00000000   23.25578130
 747.00000000   23.25468528
 748.00000000   23.25357966
 749.00000000   23.25246450
 750.00000000   23.25133987
 751.00000000   23.25020582
 752.00000000   23.24906241
 753.00000000   23.24790968
 754.00000000   23.24674769
 755.00000000   23.24557651
 756.00000000   23.24439618
 757.00000000   23.24320676
 758.00000000   23.24200829
 759.00000000   23.24080084
 760.00000000   23.23958447
 761.00000000   23.23835921
 762.00000000   23.23712512
 763.00000000   23.23588226
 764.00000000   23.23463068
 765.00000000   23.23337044
 766.00000000   23.23210157
 767.00000000   23.23082414
 768.00000000   23.22953819
 769.00000000   23.22824378
 770.00000000   23.22694095
 771.00000000   23.22562977
 772.00000000   23.22431027
 773.00000000   23.22298250
 774.00000000   23.22164653
 775.00000000   23.22030239
 776.00000000   23.21895014
 777.00000000   23.21758982
 778.00000000   23.21622148
 779.00000000   23.21484518
 780.00000000   23.21346095
 781.00000000   23.21206886
 782.00000000   23.21066894
 783.00000000   23.20926124
 784.00000000   23.20784582
 785.00000000   23.20642271
 786.00000000   23.20499196
 787.00000000   23.20355363
 788.00000000   23.20210775
 789.00000000   23.20065438
 790.00000000   23.19919355
 791.00000000   23.19772532
 792.00000000   23.19624973
 793.00000000   23.19476683
 794.00000000   23.19327665
 795.00000000   23.19177925
 796.00000000   23.19027467
 797.00000000   23.18876296
 798.00000000   23.18724415
 799.00000000   23.18571829
 800.00000000   23.18418542
 801.00000000   23.18264560
 802.00000000   23.18109886
 803.00000000   23.17954524
 804.00000000   23.17798478
 805.00000000   23.17641754
 806.00000000   23.17484355
 807.00000000   23.17326285
 808.00000000   23.17167549
 809.00000000   23.17008151
 810.00000000   23.16848094
 811.00000000   23.16687384
 812.00000000   23.16526023
 813.00000000   23.16364017
 814.00000000   23.16201369
 815.00000000   23.16038083
 816.00000000   23.15874164
 817.00000000   23.15709615
 818.00000000   23.15544440
 819.00000000   23.15378643
 820.00000000   23.15212229
 821.00000000   23.15045201
 822.00000000   23.14877562
 823.00000000   23.14709318
 824.00000000   23.14540471
 825.00000000   23.14371026
 826.00000000   23.14200986
 827.00000000   23.14030356
 828.00000000   23.13859138
 829.00000000   23.13687337
 830.00000000   23.13514957
 831.00000000   23.13342001
 832.00000000   23.13168472
 833.00000000   23.12994376
 834.00000000   23.12819714
 835.00000000   23.12644492
 836.00000000   23.12468712
 837.00000000   23.12292378
 838.00000000   23.12115494
 839.00000000   23.11938063
 840.00000000   23.11760089
 841.00000000   23.11581576
 842.00000000   23.11402527
 843.00000000   23.11222944
 844.00000000   23.11042833
 845.00000000   23.10862197
 846.00000000   23.10681038
 847.00000000   23.10499360
 848.00000000   23.10317167
 849.00000000   23.10134463
 850.00000000   23.09951249
 851.00000000   23.09767531
 852.00000000   23.09583311
 853.00000000   23.09398592
 854.00000000   23.09213378
 855.00000000   23.09027672
 856.00000000   23.08841478
 857.00000000   23.08654798
 858.00000000   23.08467636
 859.00000000   23.08279995
 860.00000000   23.08091879
 861.00000000   23.07903290
 862.00000000   23.07714232
 863.00000000   23.07524708
 864.00000000   23.07334721
 865.00000000   23.07144274
 866.00000000   23.06953371
 867.00000000   23.06762013
 868.00000000   23.06570206
 869.00000000   23.06377951
 870.00000000   23.06185251
 871.00000000   23.05992110
 872.00000000   23.05798531
 873.00000000   23.05604516
 874.00000000   23.05410069
 875.00000000   23.05215193
 876.00000000   23.05019890
 877.00000000   23.04824164
 878.00000000   23.04628017
 879.00000000   23.04431453
 880.00000000   23.04234474
 881.00000000   23.04037083
 882.00000000   23.03839283
 883.00000000   23.03641077
 884.00000000   23.03442468
 885.00000000   23.03243458
 886.00000000   23.03044051
 887.00000000   23.02844249
 888.00000000   23.02644055
 889.00000000   23.02443472
 890.00000000   23.02242502
 891.00000000   23.02041149
 892.00000000   23.01839414
 893.00000000   23.01637301
 894.00000000   23.01434813
 895.00000000   23.01231951
 896.00000000   23.01028720
 897.00000000   23.00825120
 898.00000000   23.00621156
 899.00000000   23.00416830
 900.00000000   23.00212144
 901.00000000   23.00007100
 902.00000000   22.99801703
 903.00000000   22.99595953
 904.00000000   22.99389854
 905.00000000   22.99183408
 906.00000000   22.98976618
 907.00000000   22.98769486
 908.00000000   22.98562015
 909.00000000   22.98354207
 910.00000000   22.98146065
 911.00000000   22.97937592
 912.00000000   22.97728789
 913.00000000   22.97519659
 914.00000000   22.97310205
 915.00000000   22.97100429
 916.00000000   22.96890333
 917.00000000   22.96679920
 918.00000000   22.96469192
 919.00000000   22.96258152
 920.00000000   22.96046802
 921.00000000   22.95835145
 922.00000000   22.95623182
 923.00000000   22.95410916
 924.00000000   22.95198349
 925.00000000   22.94985484
 926.00000000   22.94772323
 927.00000000   22.94558868
 928.00000000   22.94345121
 929.00000000   22.94131085
 930.00000000   22.93916763
 931.00000000   22.93702155
 932.00000000   22.93487265
 933.00000000   22.93272094
 934.00000000   22.93056646
 935.00000000   22.92840921
 936.00000000   22.92624923
 937.00000000   22.92408652
 938.00000000   22.92192113
 939.00000000   22.91975306
 940.00000000   22.91758234
 941.00000000   22.91540899
 942.00000000   22.91323303
 943.00000000   22.91105448
 944.00000000   22.90887336
 945.00000000   22.90668970
 946.00000000   22.90450351
 947.00000000   22.90231482
 948.00000000   22.90012364
 949.00000000   22.89792999
 950.00000000   22.89573390
 951.00000000   22.89353539
 952.00000000   22.89133447
 953.00000000   22.88913117
 954.00000000   22.88692551
 955.00000000   22.88471750
 956.00000000   22.88250716
 957.00000000   22.88029452
 958.00000000   22.87807960
 959.00000000   22.87586241
 960.00000000   22.87364297
 961.00000000   22.87142130
 962.00000000   22.86919742
 963.00000000   22.86697136
 964.00000000   22.86474312
 965.00000000   22.86251273
 966.00000000   22.86028021
 967.00000000   22.85804557
 968.00000000   22.85580883
 969.00000000   22.85357002
 970.00000000   22.85132915
 971.00000000   22.84908623
 972.00000000   22.84684129
 973.00000000   22.84459435
 974.00000000   22.84234542
 975.00000000   22.84009452
 976.00000000   22.83784167
 977.00000000   22.83558688
 978.00000000   22.83333017
 979.00000000   22.83107157
 980.00000000   22.82881108
 981.00000000   22.82654873
 982.00000000   22.82428454
 983.00000000   22.82201851
 984.00000000   22.81975067
 985.00000000   22.81748103
 986.00000000   22.81520961
 987.00000000   22.81293643
 988.00000000   22.81066150
 989.00000000   22.80838485
 990.00000000   22.80610648
 991.00000000   22.80382641
 992.00000000   22.80154467
 993.00000000   22.79926126
 994.00000000   22.79697620
 995.00000000   22.79468951
 996.00000000   22.79240121
 997.00000000   22.79011130
 998.00000000   22.78781981
 999.00000000   22.78552676
 1000.00000000   22.78323215
 1001.00000000   22.78093600
 1002.00000000   22.77863833
 1003.00000000   22.77633916
 1004.00000000   22.77403850
 1005.00000000   22.77173636
 1006.00000000   22.76943276
 1007.00000000   22.76712771
 1008.00000000   22.76482124
 1009.00000000   22.76251335
 1010.00000000   22.76020406
 1011.00000000   22.75789339
 1012.00000000   22.75558134
 1013.00000000   22.75326794
 1014.00000000   22.75095320
 1015.00000000   22.74863713
 1016.00000000   22.74631975
 1017.00000000   22.74400108
 1018.00000000   22.74168111
 1019.00000000   22.73935988
 1020.00000000   22.73703740
 1021.00000000   22.73471367
 1022.00000000   22.73238871
 1023.00000000   22.73006254
 1024.00000000   22.72773518
 1025.00000000   22.72540662
 1026.00000000   22.72307690
 1027.00000000   22.72074602
 1028.00000000   22.71841399
 1029.00000000   22.71608083
 1030.00000000   22.71374655
 1031.00000000   22.71141117
 1032.00000000   22.70907470
 1033.00000000   22.70673715
 1034.00000000   22.70439853
 1035.00000000   22.70205887
 1036.00000000   22.69971816
 1037.00000000   22.69737643
 1038.00000000   22.69503369
 1039.00000000   22.69268995
 1040.00000000   22.69034522
 1041.00000000   22.68799951
 1042.00000000   22.68565284
 1043.00000000   22.68330523
 1044.00000000   22.68095668
 1045.00000000   22.67860720
 1046.00000000   22.67625681
 1047.00000000   22.67390552
 1048.00000000   22.67155334
 1049.00000000   22.66920029
 1050.00000000   22.66684638
 1051.00000000   22.66449161
 1052.00000000   22.66213601
 1053.00000000   22.65977957
 1054.00000000   22.65742233
 1055.00000000   22.65506427
 1056.00000000   22.65270543
 1057.00000000   22.65034581
 1058.00000000   22.64798542
 1059.00000000   22.64562427
 1060.00000000   22.64326237
 1061.00000000   22.64089974
 1062.00000000   22.63853639
 1063.00000000   22.63617233
 1064.00000000   22.63380757
 1065.00000000   22.63144212
 1066.00000000   22.62907599
 1067.00000000   22.62670919
 1068.00000000   22.62434174
 1069.00000000   22.62197364
 1070.00000000   22.61960491
 1071.00000000   22.61723556
 1072.00000000   22.61486559
 1073.00000000   22.61249503
 1074.00000000   22.61012387
 1075.00000000   22.60775213
 1076.00000000   22.60537983
 1077.00000000   22.60300696
 1078.00000000   22.60063355
 1079.00000000   22.59825960
 1080.00000000   22.59588512
 1081.00000000   22.59351012
 1082.00000000   22.59113462
 1083.00000000   22.58875861
 1084.00000000   22.58638213
 1085.00000000   22.58400516
 1086.00000000   22.58162773
 1087.00000000   22.57924984
 1088.00000000   22.57687151
 1089.00000000   22.57449274
 1090.00000000   22.57211354
 1091.00000000   22.56973392
 1092.00000000   22.56735390
 1093.00000000   22.56497348
 1094.00000000   22.56259267
 1095.00000000   22.56021148
 1096.00000000   22.55782992
 1097.00000000   22.55544800
 1098.00000000   22.55306574
 1099.00000000   22.55068313
 1100.00000000   22.54830019
 1101.00000000   22.54591693
 1102.00000000   22.54353335
 1103.00000000   22.54114948
 1104.00000000   22.53876530
 1105.00000000   22.53638084
 1106.00000000   22.53399611
 1107.00000000   22.53161110
 1108.00000000   22.52922584
 1109.00000000   22.52684033
 1110.00000000   22.52445458
 1111.00000000   22.52206859
 1112.00000000   22.51968239
 1113.00000000   22.51729596
 1114.00000000   22.51490934
 1115.00000000   22.51252251
 1116.00000000   22.51013550
 1117.00000000   22.50774830
 1118.00000000   22.50536094
 1119.00000000   22.50297341
 1120.00000000   22.50058572
 1121.00000000   22.49819789
 1122.00000000   22.49580992
 1123.00000000   22.49342182
 1124.00000000   22.49103360
 1125.00000000   22.48864527
 1126.00000000   22.48625683
 1127.00000000   22.48386829
 1128.00000000   22.48147966
 1129.00000000   22.47909095
 1130.00000000   22.47670217
 1131.00000000   22.47431332
 1132.00000000   22.47192442
 1133.00000000   22.46953546
 1134.00000000   22.46714647
 1135.00000000   22.46475744
 1136.00000000   22.46236838
 1137.00000000   22.45997931
 1138.00000000   22.45759022
 1139.00000000   22.45520113
 1140.00000000   22.45281204
 1141.00000000   22.45042297
 1142.00000000   22.44803391
 1143.00000000   22.44564488
 1144.00000000   22.44325588
 1145.00000000   22.44086693
 1146.00000000   22.43847802
 1147.00000000   22.43608917
 1148.00000000   22.43370038
 1149.00000000   22.43131167
 1150.00000000   22.42892303
 1151.00000000   22.42653447
 1152.00000000   22.42414601
 1153.00000000   22.42175764
 1154.00000000   22.41936938
 1155.00000000   22.41698123
 1156.00000000   22.41459320
 1157.00000000   22.41220530
 1158.00000000   22.40981753
 1159.00000000   22.40742990
 1160.00000000   22.40504242
 1161.00000000   22.40265509
 1162.00000000   22.40026792
 1163.00000000   22.39788092
 1164.00000000   22.39549409
 1165.00000000   22.39310745
 1166.00000000   22.39072098
 1167.00000000   22.38833472
 1168.00000000   22.38594865
 1169.00000000   22.38356279
 1170.00000000   22.38117714
 1171.00000000   22.37879171
 1172.00000000   22.37640650
 1173.00000000   22.37402153
 1174.00000000   22.37163679
 1175.00000000   22.36925230
 1176.00000000   22.36686806
 1177.00000000   22.36448408
 1178.00000000   22.36210036
 1179.00000000   22.35971690
 1180.00000000   22.35733373
 1181.00000000   22.35495083
 1182.00000000   22.35256822
 1183.00000000   22.35018591
 1184.00000000   22.34780389
 1185.00000000   22.34542218
 1186.00000000   22.34304078
 1187.00000000   22.34065969
 1188.00000000   22.33827893
 1189.00000000   22.33589850
 1190.00000000   22.33351840
 1191.00000000   22.33113864
 1192.00000000   22.32875922
 1193.00000000   22.32638016
 1194.00000000   22.32400145
 1195.00000000   22.32162311
 1196.00000000   22.31924513
 1197.00000000   22.31686753
 1198.00000000   22.31449031
 1199.00000000   22.31211347
 1200.00000000   22.30973702
 1201.00000000   22.30736097
 1202.00000000   22.30498532
 1203.00000000   22.30261007
 1204.00000000   22.30023524
 1205.00000000   22.29786082
 1206.00000000   22.29548683
 1207.00000000   22.29311326
 1208.00000000   22.29074013
 1209.00000000   22.28836743
 1210.00000000   22.28599517
 1211.00000000   22.28362337
 1212.00000000   22.28125202
 1213.00000000   22.27888112
 1214.00000000   22.27651069
 1215.00000000   22.27414073
 1216.00000000   22.27177124
 1217.00000000   22.26940223
 1218.00000000   22.26703370
 1219.00000000   22.26466566
 1220.00000000   22.26229811
 1221.00000000   22.25993107
 1222.00000000   22.25756452
 1223.00000000   22.25519848
 1224.00000000   22.25283296
 1225.00000000   22.25046795
 1226.00000000   22.24810346
 1227.00000000   22.24573950
 1228.00000000   22.24337607
 1229.00000000   22.24101318
 1230.00000000   22.23865083
 1231.00000000   22.23628902
 1232.00000000   22.23392776
 1233.00000000   22.23156706
 1234.00000000   22.22920691
 1235.00000000   22.22684733
 1236.00000000   22.22448832
 1237.00000000   22.22212987
 1238.00000000   22.21977201
 1239.00000000   22.21741472
 1240.00000000   22.21505802
 1241.00000000   22.21270191
 1242.00000000   22.21034640
 1243.00000000   22.20799148
 1244.00000000   22.20563716
 1245.00000000   22.20328346
 1246.00000000   22.20093036
 1247.00000000   22.19857788
 1248.00000000   22.19622601
 1249.00000000   22.19387477
 1250.00000000   22.19152416
 1251.00000000   22.18917418
 1252.00000000   22.18682483
 1253.00000000   22.18447613
 1254.00000000   22.18212807
 1255.00000000   22.17978065
 1256.00000000   22.17743389
 1257.00000000   22.17508779
 1258.00000000   22.17274234
 1259.00000000   22.17039756
 1260.00000000   22.16805344
 1261.00000000   22.16571000
 1262.00000000   22.16336723
 1263.00000000   22.16102514
 1264.00000000   22.15868374
 1265.00000000   22.15634302
 1266.00000000   22.15400299
 1267.00000000   22.15166365
 1268.00000000   22.14932502
 1269.00000000   22.14698708
 1270.00000000   22.14464985
 1271.00000000   22.14231333
 1272.00000000   22.13997752
 1273.00000000   22.13764243
 1274.00000000   22.13530805
 1275.00000000   22.13297440
 1276.00000000   22.13064148
 1277.00000000   22.12830929
 1278.00000000   22.12597783
 1279.00000000   22.12364711
 1280.00000000   22.12131713
 1281.00000000   22.11898789
 1282.00000000   22.11665941
 1283.00000000   22.11433167
 1284.00000000   22.11200469
 1285.00000000   22.10967846
 1286.00000000   22.10735300
 1287.00000000   22.10502830
 1288.00000000   22.10270437
 1289.00000000   22.10038121
 1290.00000000   22.09805882
 1291.00000000   22.09573721
 1292.00000000   22.09341639
 1293.00000000   22.09109634
 1294.00000000   22.08877709
 1295.00000000   22.08645862
 1296.00000000   22.08414095
 1297.00000000   22.08182408
 1298.00000000   22.07950800
 1299.00000000   22.07719273
 1300.00000000   22.07487826
 1301.00000000   22.07256460
 1302.00000000   22.07025176
 1303.00000000   22.06793973
 1304.00000000   22.06562852
 1305.00000000   22.06331813
 1306.00000000   22.06100856
 1307.00000000   22.05869982
 1308.00000000   22.05639191
 1309.00000000   22.05408483
 1310.00000000   22.05177859
 1311.00000000   22.04947319
 1312.00000000   22.04716863
 1313.00000000   22.04486491
 1314.00000000   22.04256204
 1315.00000000   22.04026002
 1316.00000000   22.03795886
 1317.00000000   22.03565855
 1318.00000000   22.03335909
 1319.00000000   22.03106050
 1320.00000000   22.02876277
 1321.00000000   22.02646591
 1322.00000000   22.02416992
 1323.00000000   22.02187480
 1324.00000000   22.01958055
 1325.00000000   22.01728718
 1326.00000000   22.01499469
 1327.00000000   22.01270309
 1328.00000000   22.01041236
 1329.00000000   22.00812253
 1330.00000000   22.00583358
 1331.00000000   22.00354553
 1332.00000000   22.00125838
 1333.00000000   21.99897212
 1334.00000000   21.99668676
 1335.00000000   21.99440230
 1336.00000000   21.99211875
 1337.00000000   21.98983611
 1338.00000000   21.98755437
 1339.00000000   21.98527355
 1340.00000000   21.98299364
 1341.00000000   21.98071465
 1342.00000000   21.97843658
 1343.00000000   21.97615943
 1344.00000000   21.97388321
 1345.00000000   21.97160791
 1346.00000000   21.96933354
 1347.00000000   21.96706011
 1348.00000000   21.96478760
 1349.00000000   21.96251603
 1350.00000000   21.96024540
 1351.00000000   21.95797571
 1352.00000000   21.95570696
 1353.00000000   21.95343916
 1354.00000000   21.95117230
 1355.00000000   21.94890640
 1356.00000000   21.94664144
 1357.00000000   21.94437744
 1358.00000000   21.94211439
 1359.00000000   21.93985230
 1360.00000000   21.93759117
 1361.00000000   21.93533100
 1362.00000000   21.93307179
 1363.00000000   21.93081355
 1364.00000000   21.92855628
 1365.00000000   21.92629998
 1366.00000000   21.92404465
 1367.00000000   21.92179030
 1368.00000000   21.91953692
 1369.00000000   21.91728452
 1370.00000000   21.91503309
 1371.00000000   21.91278266
 1372.00000000   21.91053320
 1373.00000000   21.90828473
 1374.00000000   21.90603725
 1375.00000000   21.90379076
 1376.00000000   21.90154525
 1377.00000000   21.89930075
 1378.00000000   21.89705723
 1379.00000000   21.89481472
 1380.00000000   21.89257320
 1381.00000000   21.89033269
 1382.00000000   21.88809317
 1383.00000000   21.88585467
 1384.00000000   21.88361716
 1385.00000000   21.88138067
 1386.00000000   21.87914519
 1387.00000000   21.87691071
 1388.00000000   21.87467725
 1389.00000000   21.87244481
 1390.00000000   21.87021338
 1391.00000000   21.86798297
 1392.00000000   21.86575358
 1393.00000000   21.86352521
 1394.00000000   21.86129787
 1395.00000000   21.85907155
 1396.00000000   21.85684626
 1397.00000000   21.85462199
 1398.00000000   21.85239876
 1399.00000000   21.85017656
 1400.00000000   21.84795539
 1401.00000000   21.84573525
 1402.00000000   21.84351615
 1403.00000000   21.84129809
 1404.00000000   21.83908107
 1405.00000000   21.83686509
 1406.00000000   21.83465015
 1407.00000000   21.83243626
 1408.00000000   21.83022341
 1409.00000000   21.82801161
 1410.00000000   21.82580086
 1411.00000000   21.82359116
 1412.00000000   21.82138251
 1413.00000000   21.81917491
 1414.00000000   21.81696837
 1415.00000000   21.81476288
 1416.00000000   21.81255845
 1417.00000000   21.81035508
 1418.00000000   21.80815277
 1419.00000000   21.80595152
 1420.00000000   21.80375133
 1421.00000000   21.80155221
 1422.00000000   21.79935415
 1423.00000000   21.79715716
 1424.00000000   21.79496124
 1425.00000000   21.79276639
 1426.00000000   21.79057261
 1427.00000000   21.78837990
 1428.00000000   21.78618826
 1429.00000000   21.78399770
 1430.00000000   21.78180822
 1431.00000000   21.77961981
 1432.00000000   21.77743248
 1433.00000000   21.77524623
 1434.00000000   21.77306106
 1435.00000000   21.77087698
 1436.00000000   21.76869398
 1437.00000000   21.76651206
 1438.00000000   21.76433123
 1439.00000000   21.76215148
 1440.00000000   21.75997283
 1441.00000000   21.75779526
 1442.00000000   21.75561878
 1443.00000000   21.75344340
 1444.00000000   21.75126911
 1445.00000000   21.74909591
 1446.00000000   21.74692381
 1447.00000000   21.74475280
 1448.00000000   21.74258289
 1449.00000000   21.74041408
 1450.00000000   21.73824637
 1451.00000000   21.73607976
 1452.00000000   21.73391426
 1453.00000000   21.73174985
 1454.00000000   21.72958655
 1455.00000000   21.72742435
 1456.00000000   21.72526326
 1457.00000000   21.72310328
 1458.00000000   21.72094440
 1459.00000000   21.71878663
 1460.00000000   21.71662998
 1461.00000000   21.71447443
 1462.00000000   21.71231999
 1463.00000000   21.71016667
 1464.00000000   21.70801447
 1465.00000000   21.70586337
 1466.00000000   21.70371340
 1467.00000000   21.70156453
 1468.00000000   21.69941679
 1469.00000000   21.69727017
 1470.00000000   21.69512466
 1471.00000000   21.69298028
 1472.00000000   21.69083701
 1473.00000000   21.68869487
 1474.00000000   21.68655385
 1475.00000000   21.68441396
 1476.00000000   21.68227519
 1477.00000000   21.68013754
 1478.00000000   21.67800103
 1479.00000000   21.67586563
 1480.00000000   21.67373137
 1481.00000000   21.67159824
 1482.00000000   21.66946623
 1483.00000000   21.66733536
 1484.00000000   21.66520562
 1485.00000000   21.66307701
 1486.00000000   21.66094953
 1487.00000000   21.65882319
 1488.00000000   21.65669798
 1489.00000000   21.65457390
 1490.00000000   21.65245097
 1491.00000000   21.65032916
 1492.00000000   21.64820850
 1493.00000000   21.64608897
 1494.00000000   21.64397059
 1495.00000000   21.64185334
 1496.00000000   21.63973723
 1497.00000000   21.63762227
 1498.00000000   21.63550844
 1499.00000000   21.63339576
 1500.00000000   21.63128422
 1501.00000000   21.62917383
 1502.00000000   21.62706458
 1503.00000000   21.62495647
 1504.00000000   21.62284951
 1505.00000000   21.62074370
 1506.00000000   21.61863903
 1507.00000000   21.61653551
 1508.00000000   21.61443314
 1509.00000000   21.61233192
 1510.00000000   21.61023185
 1511.00000000   21.60813293
 1512.00000000   21.60603516
 1513.00000000   21.60393854
 1514.00000000   21.60184307
 1515.00000000   21.59974875
 1516.00000000   21.59765559
 1517.00000000   21.59556358
 1518.00000000   21.59347273
 1519.00000000   21.59138303
 1520.00000000   21.58929448
 1521.00000000   21.58720709
 1522.00000000   21.58512086
 1523.00000000   21.58303578
 1524.00000000   21.58095186
 1525.00000000   21.57886910
 1526.00000000   21.57678750
 1527.00000000   21.57470706
 1528.00000000   21.57262777
 1529.00000000   21.57054965
 1530.00000000   21.56847268
 1531.00000000   21.56639688
 1532.00000000   21.56432224
 1533.00000000   21.56224876
 1534.00000000   21.56017644
 1535.00000000   21.55810528
 1536.00000000   21.55603529
 1537.00000000   21.55396646
 1538.00000000   21.55189879
 1539.00000000   21.54983229
 1540.00000000   21.54776695
 1541.00000000   21.54570278
 1542.00000000   21.54363978
 1543.00000000   21.54157794
 1544.00000000   21.53951726
 1545.00000000   21.53745776
 1546.00000000   21.53539942
 1547.00000000   21.53334224
 1548.00000000   21.53128624
 1549.00000000   21.52923140
 1550.00000000   21.52717774
 1551.00000000   21.52512524
 1552.00000000   21.52307391
 1553.00000000   21.52102375
 1554.00000000   21.51897476
 1555.00000000   21.51692694
 1556.00000000   21.51488029
 1557.00000000   21.51283481
 1558.00000000   21.51079051
 1559.00000000   21.50874737
 1560.00000000   21.50670541
 1561.00000000   21.50466462
 1562.00000000   21.50262500
 1563.00000000   21.50058656
 1564.00000000   21.49854928
 1565.00000000   21.49651318
 1566.00000000   21.49447826
 1567.00000000   21.49244451
 1568.00000000   21.49041193
 1569.00000000   21.48838053
 1570.00000000   21.48635030
 1571.00000000   21.48432125
 1572.00000000   21.48229337
 1573.00000000   21.48026666
 1574.00000000   21.47824114
 1575.00000000   21.47621679
 1576.00000000   21.47419361
 1577.00000000   21.47217161
 1578.00000000   21.47015079
 1579.00000000   21.46813114
 1580.00000000   21.46611267
 1581.00000000   21.46409538
 1582.00000000   21.46207927
 1583.00000000   21.46006433
 1584.00000000   21.45805057
 1585.00000000   21.45603799
 1586.00000000   21.45402659
 1587.00000000   21.45201636
 1588.00000000   21.45000731
 1589.00000000   21.44799944
 1590.00000000   21.44599275
 1591.00000000   21.44398724
 1592.00000000   21.44198291
 1593.00000000   21.43997976
 1594.00000000   21.43797778
 1595.00000000   21.43597699
 1596.00000000   21.43397737
 1597.00000000   21.43197894
 1598.00000000   21.42998168
 1599.00000000   21.42798561
 1600.00000000   21.42599071
 1601.00000000   21.42399700
 1602.00000000   21.42200446
 1603.00000000   21.42001310
 1604.00000000   21.41802293
 1605.00000000   21.41603393
 1606.00000000   21.41404612
 1607.00000000   21.41205949
 1608.00000000   21.41007403
 1609.00000000   21.40808976
 1610.00000000   21.40610667
 1611.00000000   21.40412476
 1612.00000000   21.40214403
 1613.00000000   21.40016448
 1614.00000000   21.39818611
 1615.00000000   21.39620893
 1616.00000000   21.39423292
 1617.00000000   21.39225810
 1618.00000000   21.39028446
 1619.00000000   21.38831199
 1620.00000000   21.38634071
 1621.00000000   21.38437061
 1622.00000000   21.38240170
 1623.00000000   21.38043396
 1624.00000000   21.37846740
 1625.00000000   21.37650203
 1626.00000000   21.37453784
 1627.00000000   21.37257482
 1628.00000000   21.37061299
 1629.00000000   21.36865234
 1630.00000000   21.36669288
 1631.00000000   21.36473459
 1632.00000000   21.36277748
 1633.00000000   21.36082156
 1634.00000000   21.35886682
 1635.00000000   21.35691325
 1636.00000000   21.35496087
 1637.00000000   21.35300967
 1638.00000000   21.35105965
 1639.00000000   21.34911082
 1640.00000000   21.34716316
 1641.00000000   21.34521668
 1642.00000000   21.34327139
 1643.00000000   21.34132727
 1644.00000000   21.33938434
 1645.00000000   21.33744259
 1646.00000000   21.33550201
 1647.00000000   21.33356262
 1648.00000000   21.33162441
 1649.00000000   21.32968738
 1650.00000000   21.32775152
 1651.00000000   21.32581685
 1652.00000000   21.32388336
 1653.00000000   21.32195105
 1654.00000000   21.32001992
 1655.00000000   21.31808996
 1656.00000000   21.31616119
 1657.00000000   21.31423360
 1658.00000000   21.31230718
 1659.00000000   21.31038195
 1660.00000000   21.30845789
 1661.00000000   21.30653502
 1662.00000000   21.30461332
 1663.00000000   21.30269280
 1664.00000000   21.30077346
 1665.00000000   21.29885530
 1666.00000000   21.29693831
 1667.00000000   21.29502251
 1668.00000000   21.29310788
 1669.00000000   21.29119443
 1670.00000000   21.28928216
 1671.00000000   21.28737106
 1672.00000000   21.28546115
 1673.00000000   21.28355241
 1674.00000000   21.28164485
 1675.00000000   21.27973846
 1676.00000000   21.27783325
 1677.00000000   21.27592922
 1678.00000000   21.27402636
 1679.00000000   21.27212468
 1680.00000000   21.27022418
 1681.00000000   21.26832485
 1682.00000000   21.26642670
 1683.00000000   21.26452972
 1684.00000000   21.26263392
 1685.00000000   21.26073929
 1686.00000000   21.25884584
 1687.00000000   21.25695356
 1688.00000000   21.25506246
 1689.00000000   21.25317253
 1690.00000000   21.25128378
 1691.00000000   21.24939620
 1692.00000000   21.24750979
 1693.00000000   21.24562456
 1694.00000000   21.24374049
 1695.00000000   21.24185761
 1696.00000000   21.23997589
 1697.00000000   21.23809535
 1698.00000000   21.23621598
 1699.00000000   21.23433778
 1700.00000000   21.23246075
 1701.00000000   21.23058490
 1702.00000000   21.22871021
 1703.00000000   21.22683670
 1704.00000000   21.22496436
 1705.00000000   21.22309319
 1706.00000000   21.22122318
 1707.00000000   21.21935435
 1708.00000000   21.21748669
 1709.00000000   21.21562020
 1710.00000000   21.21375487
 1711.00000000   21.21189072
 1712.00000000   21.21002773
 1713.00000000   21.20816591
 1714.00000000   21.20630526
 1715.00000000   21.20444578
 1716.00000000   21.20258747
 1717.00000000   21.20073032
 1718.00000000   21.19887434
 1719.00000000   21.19701953
 1720.00000000   21.19516588
 1721.00000000   21.19331340
 1722.00000000   21.19146208
 1723.00000000   21.18961193
 1724.00000000   21.18776295
 1725.00000000   21.18591513
 1726.00000000   21.18406847
 1727.00000000   21.18222298
 1728.00000000   21.18037866
 1729.00000000   21.17853549
 1730.00000000   21.17669349
 1731.00000000   21.17485266
 1732.00000000   21.17301298
 1733.00000000   21.17117447
 1734.00000000   21.16933712
 1735.00000000   21.16750093
 1736.00000000   21.16566590
 1737.00000000   21.16383204
 1738.00000000   21.16199933
 1739.00000000   21.16016779
 1740.00000000   21.15833740
 1741.00000000   21.15650818
 1742.00000000   21.15468011
 1743.00000000   21.15285320
 1744.00000000   21.15102745
 1745.00000000   21.14920286
 1746.00000000   21.14737943
 1747.00000000   21.14555716
 1748.00000000   21.14373604
 1749.00000000   21.14191608
 1750.00000000   21.14009728
 1751.00000000   21.13827963
 1752.00000000   21.13646314
 1753.00000000   21.13464780
 1754.00000000   21.13283362
 1755.00000000   21.13102059
 1756.00000000   21.12920872
 1757.00000000   21.12739800
 1758.00000000   21.12558844
 1759.00000000   21.12378003
 1760.00000000   21.12197277
 1761.00000000   21.12016666
 1762.00000000   21.11836171
 1763.00000000   21.11655790
 1764.00000000   21.11475525
 1765.00000000   21.11295375
 1766.00000000   21.11115340
 1767.00000000   21.10935420
 1768.00000000   21.10755615
 1769.00000000   21.10575925
 1770.00000000   21.10396350
 1771.00000000   21.10216890
 1772.00000000   21.10037544
 1773.00000000   21.09858314
 1774.00000000   21.09679198
 1775.00000000   21.09500196
 1776.00000000   21.09321310
 1777.00000000   21.09142538
 1778.00000000   21.08963880
 1779.00000000   21.08785337
 1780.00000000   21.08606909
 1781.00000000   21.08428595
 1782.00000000   21.08250395
 1783.00000000   21.08072310
 1784.00000000   21.07894339
 1785.00000000   21.07716482
 1786.00000000   21.07538740
 1787.00000000   21.07361111
 1788.00000000   21.07183597
 1789.00000000   21.07006197
 1790.00000000   21.06828911
 1791.00000000   21.06651739
 1792.00000000   21.06474681
 1793.00000000   21.06297737
 1794.00000000   21.06120907
 1795.00000000   21.05944191
 1796.00000000   21.05767589
 1797.00000000   21.05591100
 1798.00000000   21.05414725
 1799.00000000   21.05238463
 1800.00000000   21.05062316
 1801.00000000   21.04886281
 1802.00000000   21.04710361
 1803.00000000   21.04534554
 1804.00000000   21.04358860
 1805.00000000   21.04183279
 1806.00000000   21.04007812
 1807.00000000   21.03832459
 1808.00000000   21.03657218
 1809.00000000   21.03482091
 1810.00000000   21.03307077
 1811.00000000   21.03132176
 1812.00000000   21.02957388
 1813.00000000   21.02782713
 1814.00000000   21.02608151
 1815.00000000   21.02433702
 1816.00000000   21.02259366
 1817.00000000   21.02085143
 1818.00000000   21.01911032
 1819.00000000   21.01737035
 1820.00000000   21.01563150
 1821.00000000   21.01389377
 1822.00000000   21.01215717
 1823.00000000   21.01042170
 1824.00000000   21.00868735
 1825.00000000   21.00695413
 1826.00000000   21.00522203
 1827.00000000   21.00349105
 1828.00000000   21.00176120
 1829.00000000   21.00003247
 1830.00000000   20.99830486
 1831.00000000   20.99657838
 1832.00000000   20.99485301
 1833.00000000   20.99312876
 1834.00000000   20.99140564
 1835.00000000   20.98968363
 1836.00000000   20.98796275
 1837.00000000   20.98624298
 1838.00000000   20.98452433
 1839.00000000   20.98280680
 1840.00000000   20.98109038
 1841.00000000   20.97937508
 1842.00000000   20.97766090
 1843.00000000   20.97594783
 1844.00000000   20.97423588
 1845.00000000   20.97252504
 1846.00000000   20.97081532
 1847.00000000   20.96910671
 1848.00000000   20.96739921
 1849.00000000   20.96569282
 1850.00000000   20.96398755
 1851.00000000   20.96228339
 1852.00000000   20.96058034
 1853.00000000   20.95887840
 1854.00000000   20.95717757
 1855.00000000   20.95547784
 1856.00000000   20.95377923
 1857.00000000   20.95208173
 1858.00000000   20.95038533
 1859.00000000   20.94869004
 1860.00000000   20.94699586
 1861.00000000   20.94530278
 1862.00000000   20.94361081
 1863.00000000   20.94191995
 1864.00000000   20.94023019
 1865.00000000   20.93854153
 1866.00000000   20.93685398
 1867.00000000   20.93516752
 1868.00000000   20.93348218
 1869.00000000   20.93179793
 1870.00000000   20.93011479
 1871.00000000   20.92843274
 1872.00000000   20.92675180
 1873.00000000   20.92507195
 1874.00000000   20.92339321
 1875.00000000   20.92171556
 1876.00000000   20.92003902
 1877.00000000   20.91836357
 1878.00000000   20.91668921
 1879.00000000   20.91501595
 1880.00000000   20.91334379
 1881.00000000   20.91167273
 1882.00000000   20.91000276
 1883.00000000   20.90833388
 1884.00000000   20.90666610
 1885.00000000   20.90499941
 1886.00000000   20.90333381
 1887.00000000   20.90166931
 1888.00000000   20.90000589
 1889.00000000   20.89834357
 1890.00000000   20.89668234
 1891.00000000   20.89502220
 1892.00000000   20.89336314
 1893.00000000   20.89170518
 1894.00000000   20.89004830
 1895.00000000   20.88839252
 1896.00000000   20.88673781
 1897.00000000   20.88508420
 1898.00000000   20.88343167
 1899.00000000   20.88178023
 1900.00000000   20.88012987
 1901.00000000   20.87848059
 1902.00000000   20.87683240
 1903.00000000   20.87518530
 1904.00000000   20.87353927
 1905.00000000   20.87189433
 1906.00000000   20.87025046
 1907.00000000   20.86860768
 1908.00000000   20.86696598
 1909.00000000   20.86532536
 1910.00000000   20.86368582
 1911.00000000   20.86204736
 1912.00000000   20.86040997
 1913.00000000   20.85877366
 1914.00000000   20.85713843
 1915.00000000   20.85550427
 1916.00000000   20.85387119
 1917.00000000   20.85223919
 1918.00000000   20.85060826
 1919.00000000   20.84897840
 1920.00000000   20.84734962
 1921.00000000   20.84572191
 1922.00000000   20.84409527
 1923.00000000   20.84246970
 1924.00000000   20.84084521
 1925.00000000   20.83922178
 1926.00000000   20.83759943
 1927.00000000   20.83597814
 1928.00000000   20.83435792
 1929.00000000   20.83273877
 1930.00000000   20.83112069
 1931.00000000   20.82950368
 1932.00000000   20.82788773
 1933.00000000   20.82627285
 1934.00000000   20.82465903
 1935.00000000   20.82304627
 1936.00000000   20.82143458
 1937.00000000   20.81982396
 1938.00000000   20.81821439
 1939.00000000   20.81660589
 1940.00000000   20.81499845
 1941.00000000   20.81339207
 1942.00000000   20.81178675
 1943.00000000   20.81018250
 1944.00000000   20.80857930
 1945.00000000   20.80697715
 1946.00000000   20.80537607
 1947.00000000   20.80377605
 1948.00000000   20.80217708
 1949.00000000   20.80057916
 1950.00000000   20.79898231
 1951.00000000   20.79738650
 1952.00000000   20.79579176
 1953.00000000   20.79419806
 1954.00000000   20.79260542
 1955.00000000   20.79101383
 1956.00000000   20.78942330
 1957.00000000   20.78783381
 1958.00000000   20.78624538
 1959.00000000   20.78465799
 1960.00000000   20.78307166
 1961.00000000   20.78148637
 1962.00000000   20.77990213
 1963.00000000   20.77831894
 1964.00000000   20.77673680
 1965.00000000   20.77515571
 1966.00000000   20.77357566
 1967.00000000   20.77199665
 1968.00000000   20.77041869
 1969.00000000   20.76884177
 1970.00000000   20.76726590
 1971.00000000   20.76569107
 1972.00000000   20.76411728
 1973.00000000   20.76254454
 1974.00000000   20.76097283
 1975.00000000   20.75940217
 1976.00000000   20.75783254
 1977.00000000   20.75626396
 1978.00000000   20.75469641
 1979.00000000   20.75312990
 1980.00000000   20.75156443
 1981.00000000   20.75000000
 1982.00000000   20.74843660
 1983.00000000   20.74687423
 1984.00000000   20.74531290
 1985.00000000   20.74375261
 1986.00000000   20.74219335
 1987.00000000   20.74063512
 1988.00000000   20.73907793
 1989.00000000   20.73752176
 1990.00000000   20.73596663
 1991.00000000   20.73441253
 1992.00000000   20.73285946
 1993.00000000   20.73130741
 1994.00000000   20.72975640
 1995.00000000   20.72820641
 1996.00000000   20.72665746
 1997.00000000   20.72510952
 1998.00000000   20.72356262
 1999.00000000   20.72201674
 2000.00000000   20.72047188
 2001.00000000   20.71892805
 2002.00000000   20.71738525
 2003.00000000   20.71584346
 2004.00000000   20.71430270
 2005.00000000   20.71276296
 2006.00000000   20.71122424
 2007.00000000   20.70968655
 2008.00000000   20.70814987
 2009.00000000   20.70661421
 2010.00000000   20.70507957
 2011.00000000   20.70354595
 2012.00000000   20.70201334
 2013.00000000   20.70048176
 2014.00000000   20.69895118
 2015.00000000   20.69742163
 2016.00000000   20.69589309
 2017.00000000   20.69436556
 2018.00000000   20.69283905
 2019.00000000   20.69131355
 2020.00000000   20.68978906
 2021.00000000   20.68826559
 2022.00000000   20.68674312
 2023.00000000   20.68522167
 2024.00000000   20.68370122
 2025.00000000   20.68218179
 2026.00000000   20.68066336
 2027.00000000   20.67914595
 2028.00000000   20.67762954
 2029.00000000   20.67611413
 2030.00000000   20.67459973
 2031.00000000   20.67308634
 2032.00000000   20.67157395
 2033.00000000   20.67006257
 2034.00000000   20.66855219
 2035.00000000   20.66704281
 2036.00000000   20.66553444
 2037.00000000   20.66402707
 2038.00000000   20.66252070
 2039.00000000   20.66101532
 2040.00000000   20.65951095
 2041.00000000   20.65800758
 2042.00000000   20.65650521
 2043.00000000   20.65500383
 2044.00000000   20.65350345
 2045.00000000   20.65200407
 2046.00000000   20.65050568
 2047.00000000   20.64900829
 2048.00000000   20.64751190
 2049.00000000   20.64601650
 2050.00000000   20.64452209
 2051.00000000   20.64302867
 2052.00000000   20.64153625
 2053.00000000   20.64004482
 2054.00000000   20.63855437
 2055.00000000   20.63706492
 2056.00000000   20.63557646
 2057.00000000   20.63408899
 2058.00000000   20.63260251
 2059.00000000   20.63111701
 2060.00000000   20.62963250
 2061.00000000   20.62814898
 2062.00000000   20.62666644
 2063.00000000   20.62518489
 2064.00000000   20.62370432
 2065.00000000   20.62222474
 2066.00000000   20.62074614
 2067.00000000   20.61926852
 2068.00000000   20.61779188
 2069.00000000   20.61631623
 2070.00000000   20.61484156
 2071.00000000   20.61336786
 2072.00000000   20.61189515
 2073.00000000   20.61042341
 2074.00000000   20.60895266
 2075.00000000   20.60748288
 2076.00000000   20.60601407
 2077.00000000   20.60454625
 2078.00000000   20.60307939
 2079.00000000   20.60161352
 2080.00000000   20.60014862
 2081.00000000   20.59868469
 2082.00000000   20.59722173
 2083.00000000   20.59575975
 2084.00000000   20.59429874
 2085.00000000   20.59283870
 2086.00000000   20.59137963
 2087.00000000   20.58992153
 2088.00000000   20.58846440
 2089.00000000   20.58700823
 2090.00000000   20.58555304
 2091.00000000   20.58409881
 2092.00000000   20.58264555
 2093.00000000   20.58119326
 2094.00000000   20.57974193
 2095.00000000   20.57829156
 2096.00000000   20.57684216
 2097.00000000   20.57539372
 2098.00000000   20.57394625
 2099.00000000   20.57249974
 2100.00000000   20.57105419
 2101.00000000   20.56960959
 2102.00000000   20.56816596
 2103.00000000   20.56672329
 2104.00000000   20.56528158
 2105.00000000   20.56384083
 2106.00000000   20.56240103
 2107.00000000   20.56096219
 2108.00000000   20.55952431
 2109.00000000   20.55808738
 2110.00000000   20.55665141
 2111.00000000   20.55521639
 2112.00000000   20.55378233
 2113.00000000   20.55234922
 2114.00000000   20.55091706
 2115.00000000   20.54948586
 2116.00000000   20.54805560
 2117.00000000   20.54662630
 2118.00000000   20.54519794
 2119.00000000   20.54377054
 2120.00000000   20.54234408
 2121.00000000   20.54091857
 2122.00000000   20.53949401
 2123.00000000   20.53807039
 2124.00000000   20.53664772
 2125.00000000   20.53522600
 2126.00000000   20.53380522
 2127.00000000   20.53238539
 2128.00000000   20.53096650
 2129.00000000   20.52954855
 2130.00000000   20.52813154
 2131.00000000   20.52671548
 2132.00000000   20.52530035
 2133.00000000   20.52388617
 2134.00000000   20.52247293
 2135.00000000   20.52106062
 2136.00000000   20.51964925
 2137.00000000   20.51823883
 2138.00000000   20.51682933
 2139.00000000   20.51542078
 2140.00000000   20.51401316
 2141.00000000   20.51260647
 2142.00000000   20.51120072
 2143.00000000   20.50979591
 2144.00000000   20.50839203
 2145.00000000   20.50698907
 2146.00000000   20.50558706
 2147.00000000   20.50418597
 2148.00000000   20.50278581
 2149.00000000   20.50138659
 2150.00000000   20.49998829
 2151.00000000   20.49859092
 2152.00000000   20.49719448
 2153.00000000   20.49579897
 2154.00000000   20.49440438
 2155.00000000   20.49301072
 2156.00000000   20.49161799
 2157.00000000   20.49022618
 2158.00000000   20.48883529
 2159.00000000   20.48744533
 2160.00000000   20.48605629
 2161.00000000   20.48466817
 2162.00000000   20.48328098
 2163.00000000   20.48189470
 2164.00000000   20.48050935
 2165.00000000   20.47912492
 2166.00000000   20.47774140
 2167.00000000   20.47635880
 2168.00000000   20.47497713
 2169.00000000   20.47359636
 2170.00000000   20.47221652
 2171.00000000   20.47083759
 2172.00000000   20.46945958
 2173.00000000   20.46808248
 2174.00000000   20.46670629
 2175.00000000   20.46533102
 2176.00000000   20.46395666
 2177.00000000   20.46258321
 2178.00000000   20.46121068
 2179.00000000   20.45983905
 2180.00000000   20.45846834
 2181.00000000   20.45709853
 2182.00000000   20.45572964
 2183.00000000   20.45436165
 2184.00000000   20.45299457
 2185.00000000   20.45162839
 2186.00000000   20.45026313
 2187.00000000   20.44889877
 2188.00000000   20.44753531
 2189.00000000   20.44617276
 2190.00000000   20.44481111
 2191.00000000   20.44345036
 2192.00000000   20.44209052
 2193.00000000   20.44073158
 2194.00000000   20.43937354
 2195.00000000   20.43801640
 2196.00000000   20.43666016
 2197.00000000   20.43530482
 2198.00000000   20.43395038
 2199.00000000   20.43259684
 2200.00000000   20.43124419
 2201.00000000   20.42989244
 2202.00000000   20.42854159
 2203.00000000   20.42719163
 2204.00000000   20.42584257
 2205.00000000   20.42449440
 2206.00000000   20.42314712
 2207.00000000   20.42180074
 2208.00000000   20.42045525
 2209.00000000   20.41911065
 2210.00000000   20.41776695
 2211.00000000   20.41642413
 2212.00000000   20.41508220
 2213.00000000   20.41374116
 2214.00000000   20.41240101
 2215.00000000   20.41106175
 2216.00000000   20.40972338
 2217.00000000   20.40838589
 2218.00000000   20.40704929
 2219.00000000   20.40571357
 2220.00000000   20.40437874
 2221.00000000   20.40304479
 2222.00000000   20.40171173
 2223.00000000   20.40037955
 2224.00000000   20.39904825
 2225.00000000   20.39771783
 2226.00000000   20.39638829
 2227.00000000   20.39505964
 2228.00000000   20.39373186
 2229.00000000   20.39240496
 2230.00000000   20.39107894
 2231.00000000   20.38975380
 2232.00000000   20.38842953
 2233.00000000   20.38710615
 2234.00000000   20.38578363
 2235.00000000   20.38446200
 2236.00000000   20.38314123
 2237.00000000   20.38182134
 2238.00000000   20.38050233
 2239.00000000   20.37918419
 2240.00000000   20.37786692
 2241.00000000   20.37655052
 2242.00000000   20.37523499
 2243.00000000   20.37392033
 2244.00000000   20.37260654
 2245.00000000   20.37129362
 2246.00000000   20.36998157
 2247.00000000   20.36867039
 2248.00000000   20.36736007
 2249.00000000   20.36605062
 2250.00000000   20.36474203
 2251.00000000   20.36343431
 2252.00000000   20.36212746
 2253.00000000   20.36082147
 2254.00000000   20.35951634
 2255.00000000   20.35821207
 2256.00000000   20.35690867
 2257.00000000   20.35560613
 2258.00000000   20.35430445
 2259.00000000   20.35300363
 2260.00000000   20.35170366
 2261.00000000   20.35040456
 2262.00000000   20.34910632
 2263.00000000   20.34780893
 2264.00000000   20.34651240
 2265.00000000   20.34521673
 2266.00000000   20.34392191
 2267.00000000   20.34262795
 2268.00000000   20.34133484
 2269.00000000   20.34004258
 2270.00000000   20.33875118
 2271.00000000   20.33746064
 2272.00000000   20.33617094
 2273.00000000   20.33488209
 2274.00000000   20.33359410
 2275.00000000   20.33230696
 2276.00000000   20.33102066
 2277.00000000   20.32973522
 2278.00000000   20.32845062
 2279.00000000   20.32716687
 2280.00000000   20.32588397
 2281.00000000   20.32460191
 2282.00000000   20.32332070
 2283.00000000   20.32204034
 2284.00000000   20.32076082
 2285.00000000   20.31948214
 2286.00000000   20.31820431
 2287.00000000   20.31692731
 2288.00000000   20.31565117
 2289.00000000   20.31437586
 2290.00000000   20.31310139
 2291.00000000   20.31182777
 2292.00000000   20.31055498
 2293.00000000   20.30928303
 2294.00000000   20.30801192
 2295.00000000   20.30674165
 2296.00000000   20.30547222
 2297.00000000   20.30420362
 2298.00000000   20.30293586
 2299.00000000   20.30166893
 2300.00000000   20.30040284
 2301.00000000   20.29913758
 2302.00000000   20.29787316
 2303.00000000   20.29660957
 2304.00000000   20.29534681
 2305.00000000   20.29408488
 2306.00000000   20.29282379
 2307.00000000   20.29156352
 2308.00000000   20.29030408
 2309.00000000   20.28904548
 2310.00000000   20.28778770
 2311.00000000   20.28653075
 2312.00000000   20.28527462
 2313.00000000   20.28401933
 2314.00000000   20.28276486
 2315.00000000   20.28151121
 2316.00000000   20.28025839
 2317.00000000   20.27900639
 2318.00000000   20.27775522
 2319.00000000   20.27650487
 2320.00000000   20.27525534
 2321.00000000   20.27400664
 2322.00000000   20.27275875
 2323.00000000   20.27151169
 2324.00000000   20.27026545
 2325.00000000   20.26902002
 2326.00000000   20.26777542
 2327.00000000   20.26653163
 2328.00000000   20.26528866
 2329.00000000   20.26404651
 2330.00000000   20.26280517
 2331.00000000   20.26156465
 2332.00000000   20.26032494
 2333.00000000   20.25908605
 2334.00000000   20.25784798
 2335.00000000   20.25661071
 2336.00000000   20.25537426
 2337.00000000   20.25413862
 2338.00000000   20.25290379
 2339.00000000   20.25166978
 2340.00000000   20.25043657
 2341.00000000   20.24920417
 2342.00000000   20.24797258
 2343.00000000   20.24674180
 2344.00000000   20.24551183
 2345.00000000   20.24428267
 2346.00000000   20.24305431
 2347.00000000   20.24182676
 2348.00000000   20.24060001
 2349.00000000   20.23937407
 2350.00000000   20.23814893
 2351.00000000   20.23692460
 2352.00000000   20.23570107
 2353.00000000   20.23447834
 2354.00000000   20.23325641
 2355.00000000   20.23203529
 2356.00000000   20.23081496
 2357.00000000   20.22959544
 2358.00000000   20.22837671
 2359.00000000   20.22715879
 2360.00000000   20.22594166
 2361.00000000   20.22472533
 2362.00000000   20.22350979
 2363.00000000   20.22229506
 2364.00000000   20.22108112
 2365.00000000   20.21986797
 2366.00000000   20.21865562
 2367.00000000   20.21744406
 2368.00000000   20.21623330
 2369.00000000   20.21502333
 2370.00000000   20.21381415
 2371.00000000   20.21260576
 2372.00000000   20.21139816
 2373.00000000   20.21019136
 2374.00000000   20.20898534
 2375.00000000   20.20778011
 2376.00000000   20.20657568
 2377.00000000   20.20537203
 2378.00000000   20.20416916
 2379.00000000   20.20296709
 2380.00000000   20.20176580
 2381.00000000   20.20056530
 2382.00000000   20.19936558
 2383.00000000   20.19816664
 2384.00000000   20.19696849
 2385.00000000   20.19577113
 2386.00000000   20.19457454
 2387.00000000   20.19337874
 2388.00000000   20.19218372
 2389.00000000   20.19098948
 2390.00000000   20.18979602
 2391.00000000   20.18860334
 2392.00000000   20.18741144
 2393.00000000   20.18622032
 2394.00000000   20.18502998
 2395.00000000   20.18384041
 2396.00000000   20.18265163
 2397.00000000   20.18146361
 2398.00000000   20.18027638
 2399.00000000   20.17908991
 2400.00000000   20.17790423
 2401.00000000   20.17671931
 2402.00000000   20.17553517
 2403.00000000   20.17435181
 2404.00000000   20.17316921
 2405.00000000   20.17198739
 2406.00000000   20.17080633
 2407.00000000   20.16962605
 2408.00000000   20.16844654
 2409.00000000   20.16726780
 2410.00000000   20.16608982
 2411.00000000   20.16491262
 2412.00000000   20.16373618
 2413.00000000   20.16256051
 2414.00000000   20.16138560
 2415.00000000   20.16021146
 2416.00000000   20.15903809
 2417.00000000   20.15786548
 2418.00000000   20.15669363
 2419.00000000   20.15552255
 2420.00000000   20.15435223
 2421.00000000   20.15318267
 2422.00000000   20.15201387
 2423.00000000   20.15084584
 2424.00000000   20.14967857
 2425.00000000   20.14851205
 2426.00000000   20.14734630
 2427.00000000   20.14618130
 2428.00000000   20.14501706
 2429.00000000   20.14385358
 2430.00000000   20.14269086
 2431.00000000   20.14152889
 2432.00000000   20.14036768
 2433.00000000   20.13920723
 2434.00000000   20.13804753
 2435.00000000   20.13688858
 2436.00000000   20.13573039
 2437.00000000   20.13457295
 2438.00000000   20.13341626
 2439.00000000   20.13226032
 2440.00000000   20.13110514
 2441.00000000   20.12995071
 2442.00000000   20.12879702
 2443.00000000   20.12764409
 2444.00000000   20.12649190
 2445.00000000   20.12534047
 2446.00000000   20.12418978
 2447.00000000   20.12303984
 2448.00000000   20.12189065
 2449.00000000   20.12074220
 2450.00000000   20.11959449
 2451.00000000   20.11844754
 2452.00000000   20.11730132
 2453.00000000   20.11615586
 2454.00000000   20.11501113
 2455.00000000   20.11386715
 2456.00000000   20.11272391
 2457.00000000   20.11158141
 2458.00000000   20.11043965
 2459.00000000   20.10929863
 2460.00000000   20.10815835
 2461.00000000   20.10701882
 2462.00000000   20.10588002
 2463.00000000   20.10474195
 2464.00000000   20.10360463
 2465.00000000   20.10246804
 2466.00000000   20.10133220
 2467.00000000   20.10019708
 2468.00000000   20.09906270
 2469.00000000   20.09792906
 2470.00000000   20.09679615
 2471.00000000   20.09566397
 2472.00000000   20.09453253
 2473.00000000   20.09340182
 2474.00000000   20.09227184
 2475.00000000   20.09114260
 2476.00000000   20.09001408
 2477.00000000   20.08888630
 2478.00000000   20.08775924
 2479.00000000   20.08663291
 2480.00000000   20.08550732
 2481.00000000   20.08438245
 2482.00000000   20.08325831
 2483.00000000   20.08213489
 2484.00000000   20.08101220
 2485.00000000   20.07989024
 2486.00000000   20.07876900
 2487.00000000   20.07764849
 2488.00000000   20.07652870
 2489.00000000   20.07540964
 2490.00000000   20.07429130
 2491.00000000   20.07317368
 2492.00000000   20.07205678
 2493.00000000   20.07094061
 2494.00000000   20.06982515
 2495.00000000   20.06871042
 2496.00000000   20.06759640
 2497.00000000   20.06648311
 2498.00000000   20.06537053
 2499.00000000   20.06425867
 2500.00000000   20.06314753
 2501.00000000   20.06203711
 2502.00000000   20.06092740
 2503.00000000   20.05981841
 2504.00000000   20.05871013
 2505.00000000   20.05760257
 2506.00000000   20.05649572
 2507.00000000   20.05538959
 2508.00000000   20.05428417
 2509.00000000   20.05317946
 2510.00000000   20.05207547
 2511.00000000   20.05097218
 2512.00000000   20.04986961
 2513.00000000   20.04876775
 2514.00000000   20.04766659
 2515.00000000   20.04656615
 2516.00000000   20.04546642
 2517.00000000   20.04436739
 2518.00000000   20.04326907
 2519.00000000   20.04217146
 2520.00000000   20.04107455
 2521.00000000   20.03997836
 2522.00000000   20.03888286
 2523.00000000   20.03778807
 2524.00000000   20.03669399
 2525.00000000   20.03560061
 2526.00000000   20.03450793
 2527.00000000   20.03341596
 2528.00000000   20.03232469
 2529.00000000   20.03123412
 2530.00000000   20.03014425
 2531.00000000   20.02905508
 2532.00000000   20.02796661
 2533.00000000   20.02687884
 2534.00000000   20.02579177
 2535.00000000   20.02470540
 2536.00000000   20.02361973
 2537.00000000   20.02253475
 2538.00000000   20.02145047
 2539.00000000   20.02036689
 2540.00000000   20.01928400
 2541.00000000   20.01820181
 2542.00000000   20.01712031
 2543.00000000   20.01603951
 2544.00000000   20.01495940
 2545.00000000   20.01387998
 2546.00000000   20.01280126
 2547.00000000   20.01172323
 2548.00000000   20.01064589
 2549.00000000   20.00956924
 2550.00000000   20.00849328
 2551.00000000   20.00741801
 2552.00000000   20.00634343
 2553.00000000   20.00526954
 2554.00000000   20.00419634
 2555.00000000   20.00312382
 2556.00000000   20.00205200
 2557.00000000   20.00098086
 2558.00000000   19.99991040
 2559.00000000   19.99884063
 2560.00000000   19.99777155
 2561.00000000   19.99670315
 2562.00000000   19.99563543
 2563.00000000   19.99456840
 2564.00000000   19.99350205
 2565.00000000   19.99243639
 2566.00000000   19.99137140
 2567.00000000   19.99030710
 2568.00000000   19.98924348
 2569.00000000   19.98818053
 2570.00000000   19.98711827
 2571.00000000   19.98605669
 2572.00000000   19.98499578
 2573.00000000   19.98393556
 2574.00000000   19.98287601
 2575.00000000   19.98181714
 2576.00000000   19.98075894
 2577.00000000   19.97970143
 2578.00000000   19.97864458
 2579.00000000   19.97758842
 2580.00000000   19.97653292
 2581.00000000   19.97547810
 2582.00000000   19.97442396
 2583.00000000   19.97337049
 2584.00000000   19.97231769
 2585.00000000   19.97126556
 2586.00000000   19.97021410
 2587.00000000   19.96916332
 2588.00000000   19.96811320
 2589.00000000   19.96706376
 2590.00000000   19.96601498
 2591.00000000   19.96496687
 2592.00000000   19.96391943
 2593.00000000   19.96287266
 2594.00000000   19.96182656
 2595.00000000   19.96078112
 2596.00000000   19.95973635
 2597.00000000   19.95869224
 2598.00000000   19.95764880
 2599.00000000   19.95660603
 2600.00000000   19.95556392
 2601.00000000   19.95452247
 2602.00000000   19.95348169
 2603.00000000   19.95244157
 2604.00000000   19.95140211
 2605.00000000   19.95036331
 2606.00000000   19.94932517
 2607.00000000   19.94828769
 2608.00000000   19.94725088
 2609.00000000   19.94621472
 2610.00000000   19.94517922
 2611.00000000   19.94414439
 2612.00000000   19.94311020
 2613.00000000   19.94207668
 2614.00000000   19.94104381
 2615.00000000   19.94001160
 2616.00000000   19.93898005
 2617.00000000   19.93794915
 2618.00000000   19.93691891
 2619.00000000   19.93588932
 2620.00000000   19.93486038
 2621.00000000   19.93383210
 2622.00000000   19.93280447
 2623.00000000   19.93177750
 2624.00000000   19.93075117
 2625.00000000   19.92972550
 2626.00000000   19.92870048
 2627.00000000   19.92767610
 2628.00000000   19.92665238
 2629.00000000   19.92562931
 2630.00000000   19.92460689
 2631.00000000   19.92358511
 2632.00000000   19.92256398
 2633.00000000   19.92154350
 2634.00000000   19.92052367
 2635.00000000   19.91950448
 2636.00000000   19.91848594
 2637.00000000   19.91746805
 2638.00000000   19.91645080
 2639.00000000   19.91543419
 2640.00000000   19.91441823
 2641.00000000   19.91340291
 2642.00000000   19.91238823
 2643.00000000   19.91137420
 2644.00000000   19.91036081
 2645.00000000   19.90934805
 2646.00000000   19.90833594
 2647.00000000   19.90732447
 2648.00000000   19.90631365
 2649.00000000   19.90530345
 2650.00000000   19.90429390
 2651.00000000   19.90328499
 2652.00000000   19.90227671
 2653.00000000   19.90126908
 2654.00000000   19.90026208
 2655.00000000   19.89925571
 2656.00000000   19.89824998
 2657.00000000   19.89724489
 2658.00000000   19.89624043
 2659.00000000   19.89523661
 2660.00000000   19.89423342
 2661.00000000   19.89323086
 2662.00000000   19.89222894
 2663.00000000   19.89122764
 2664.00000000   19.89022698
 2665.00000000   19.88922696
 2666.00000000   19.88822756
 2667.00000000   19.88722879
 2668.00000000   19.88623066
 2669.00000000   19.88523315
 2670.00000000   19.88423627
 2671.00000000   19.88324002
 2672.00000000   19.88224440
 2673.00000000   19.88124941
 2674.00000000   19.88025504
 2675.00000000   19.87926130
 2676.00000000   19.87826818
 2677.00000000   19.87727569
 2678.00000000   19.87628383
 2679.00000000   19.87529259
 2680.00000000   19.87430198
 2681.00000000   19.87331199
 2682.00000000   19.87232262
 2683.00000000   19.87133387
 2684.00000000   19.87034575
 2685.00000000   19.86935825
 2686.00000000   19.86837137
 2687.00000000   19.86738511
 2688.00000000   19.86639947
 2689.00000000   19.86541445
 2690.00000000   19.86443005
 2691.00000000   19.86344626
 2692.00000000   19.86246310
 2693.00000000   19.86148056
 2694.00000000   19.86049863
 2695.00000000   19.85951732
 2696.00000000   19.85853662
 2697.00000000   19.85755654
 2698.00000000   19.85657708
 2699.00000000   19.85559823
 2700.00000000   19.85462000
 2701.00000000   19.85364237
 2702.00000000   19.85266537
 2703.00000000   19.85168897
 2704.00000000   19.85071319
 2705.00000000   19.84973802
 2706.00000000   19.84876347
 2707.00000000   19.84778952
 2708.00000000   19.84681618
 2709.00000000   19.84584346
 2710.00000000   19.84487134
 2711.00000000   19.84389984
 2712.00000000   19.84292894
 2713.00000000   19.84195865
 2714.00000000   19.84098897
 2715.00000000   19.84001989
 2716.00000000   19.83905143
 2717.00000000   19.83808357
 2718.00000000   19.83711631
 2719.00000000   19.83614966
 2720.00000000   19.83518362
 2721.00000000   19.83421818
 2722.00000000   19.83325334
 2723.00000000   19.83228911
 2724.00000000   19.83132548
 2725.00000000   19.83036245
 2726.00000000   19.82940002
 2727.00000000   19.82843820
 2728.00000000   19.82747698
 2729.00000000   19.82651636
 2730.00000000   19.82555634
 2731.00000000   19.82459692
 2732.00000000   19.82363809
 2733.00000000   19.82267987
 2734.00000000   19.82172225
 2735.00000000   19.82076522
 2736.00000000   19.81980879
 2737.00000000   19.81885296
 2738.00000000   19.81789772
 2739.00000000   19.81694308
 2740.00000000   19.81598904
 2741.00000000   19.81503559
 2742.00000000   19.81408274
 2743.00000000   19.81313048
 2744.00000000   19.81217881
 2745.00000000   19.81122774
 2746.00000000   19.81027726
 2747.00000000   19.80932737
 2748.00000000   19.80837808
 2749.00000000   19.80742937
 2750.00000000   19.80648126
 2751.00000000   19.80553374
 2752.00000000   19.80458680
 2753.00000000   19.80364046
 2754.00000000   19.80269471
 2755.00000000   19.80174954
 2756.00000000   19.80080496
 2757.00000000   19.79986098
 2758.00000000   19.79891757
 2759.00000000   19.79797476
 2760.00000000   19.79703253
 2761.00000000   19.79609089
 2762.00000000   19.79514983
 2763.00000000   19.79420936
 2764.00000000   19.79326947
 2765.00000000   19.79233017
 2766.00000000   19.79139145
 2767.00000000   19.79045331
 2768.00000000   19.78951576
 2769.00000000   19.78857879
 2770.00000000   19.78764240
 2771.00000000   19.78670659
 2772.00000000   19.78577136
 2773.00000000   19.78483672
 2774.00000000   19.78390265
 2775.00000000   19.78296916
 2776.00000000   19.78203625
 2777.00000000   19.78110393
 2778.00000000   19.78017217
 2779.00000000   19.77924100
 2780.00000000   19.77831041
 2781.00000000   19.77738039
 2782.00000000   19.77645094
 2783.00000000   19.77552208
 2784.00000000   19.77459379
 2785.00000000   19.77366607
 2786.00000000   19.77273893
 2787.00000000   19.77181236
 2788.00000000   19.77088637
 2789.00000000   19.76996095
 2790.00000000   19.76903610
 2791.00000000   19.76811183
 2792.00000000   19.76718813
 2793.00000000   19.76626499
 2794.00000000   19.76534243
 2795.00000000   19.76442045
 2796.00000000   19.76349903
 2797.00000000   19.76257818
 2798.00000000   19.76165790
 2799.00000000   19.76073819
 2800.00000000   19.75981904
 2801.00000000   19.75890047
 2802.00000000   19.75798246
 2803.00000000   19.75706502
 2804.00000000   19.75614815
 2805.00000000   19.75523184
 2806.00000000   19.75431610
 2807.00000000   19.75340092
 2808.00000000   19.75248631
 2809.00000000   19.75157226
 2810.00000000   19.75065878
 2811.00000000   19.74974586
 2812.00000000   19.74883350
 2813.00000000   19.74792171
 2814.00000000   19.74701048
 2815.00000000   19.74609981
 2816.00000000   19.74518970
 2817.00000000   19.74428015
 2818.00000000   19.74337117
 2819.00000000   19.74246274
 2820.00000000   19.74155487
 2821.00000000   19.74064757
 2822.00000000   19.73974082
 2823.00000000   19.73883463
 2824.00000000   19.73792899
 2825.00000000   19.73702392
 2826.00000000   19.73611940
 2827.00000000   19.73521544
 2828.00000000   19.73431203
 2829.00000000   19.73340918
 2830.00000000   19.73250689
 2831.00000000   19.73160515
 2832.00000000   19.73070396
 2833.00000000   19.72980333
 2834.00000000   19.72890325
 2835.00000000   19.72800373
 2836.00000000   19.72710476
 2837.00000000   19.72620634
 2838.00000000   19.72530847
 2839.00000000   19.72441115
 2840.00000000   19.72351439
 2841.00000000   19.72261818
 2842.00000000   19.72172251
 2843.00000000   19.72082740
 2844.00000000   19.71993283
 2845.00000000   19.71903881
 2846.00000000   19.71814535
 2847.00000000   19.71725243
 2848.00000000   19.71636005
 2849.00000000   19.71546823
 2850.00000000   19.71457695
 2851.00000000   19.71368622
 2852.00000000   19.71279603
 2853.00000000   19.71190639
 2854.00000000   19.71101729
 2855.00000000   19.71012874
 2856.00000000   19.70924073
 2857.00000000   19.70835327
 2858.00000000   19.70746635
 2859.00000000   19.70657997
 2860.00000000   19.70569414
 2861.00000000   19.70480884
 2862.00000000   19.70392409
 2863.00000000   19.70303988
 2864.00000000   19.70215621
 2865.00000000   19.70127309
 2866.00000000   19.70039050
 2867.00000000   19.69950845
 2868.00000000   19.69862694
 2869.00000000   19.69774597
 2870.00000000   19.69686553
 2871.00000000   19.69598564
 2872.00000000   19.69510628
 2873.00000000   19.69422746
 2874.00000000   19.69334918
 2875.00000000   19.69247143
 2876.00000000   19.69159422
 2877.00000000   19.69071754
 2878.00000000   19.68984140
 2879.00000000   19.68896579
 2880.00000000   19.68809072
 2881.00000000   19.68721618
 2882.00000000   19.68634217
 2883.00000000   19.68546870
 2884.00000000   19.68459576
 2885.00000000   19.68372335
 2886.00000000   19.68285147
 2887.00000000   19.68198013
 2888.00000000   19.68110931
 2889.00000000   19.68023903
 2890.00000000   19.67936927
 2891.00000000   19.67850005
 2892.00000000   19.67763135
 2893.00000000   19.67676319
 2894.00000000   19.67589555
 2895.00000000   19.67502844
 2896.00000000   19.67416185
 2897.00000000   19.67329580
 2898.00000000   19.67243027
 2899.00000000   19.67156526
 2900.00000000   19.67070079
 2901.00000000   19.66983684
 2902.00000000   19.66897341
 2903.00000000   19.66811051
 2904.00000000   19.66724813
 2905.00000000   19.66638628
 2906.00000000   19.66552495
 2907.00000000   19.66466414
 2908.00000000   19.66380385
 2909.00000000   19.66294409
 2910.00000000   19.66208485
 2911.00000000   19.66122613
 2912.00000000   19.66036793
 2913.00000000   19.65951026
 2914.00000000   19.65865310
 2915.00000000   19.65779646
 2916.00000000   19.65694034
 2917.00000000   19.65608475
 2918.00000000   19.65522966
 2919.00000000   19.65437510
 2920.00000000   19.65352106
 2921.00000000   19.65266753
 2922.00000000   19.65181452
 2923.00000000   19.65096203
 2924.00000000   19.65011005
 2925.00000000   19.64925859
 2926.00000000   19.64840764
 2927.00000000   19.64755721
 2928.00000000   19.64670730
 2929.00000000   19.64585789
 2930.00000000   19.64500901
 2931.00000000   19.64416063
 2932.00000000   19.64331277
 2933.00000000   19.64246542
 2934.00000000   19.64161858
 2935.00000000   19.64077226
 2936.00000000   19.63992644
 2937.00000000   19.63908114
 2938.00000000   19.63823635
 2939.00000000   19.63739207
 2940.00000000   19.63654830
 2941.00000000   19.63570503
 2942.00000000   19.63486228
 2943.00000000   19.63402003
 2944.00000000   19.63317830
 2945.00000000   19.63233707
 2946.00000000   19.63149635
 2947.00000000   19.63065613
 2948.00000000   19.62981643
 2949.00000000   19.62897723
 2950.00000000   19.62813853
 2951.00000000   19.62730034
 2952.00000000   19.62646266
 2953.00000000   19.62562548
 2954.00000000   19.62478880
 2955.00000000   19.62395263
 2956.00000000   19.62311696
 2957.00000000   19.62228180
 2958.00000000   19.62144713
 2959.00000000   19.62061297
 2960.00000000   19.61977932
 2961.00000000   19.61894616
 2962.00000000   19.61811351
 2963.00000000   19.61728135
 2964.00000000   19.61644970
 2965.00000000   19.61561855
 2966.00000000   19.61478789
 2967.00000000   19.61395774
 2968.00000000   19.61312808
 2969.00000000   19.61229893
 2970.00000000   19.61147027
 2971.00000000   19.61064211
 2972.00000000   19.60981444
 2973.00000000   19.60898728
 2974.00000000   19.60816061
 2975.00000000   19.60733443
 2976.00000000   19.60650875
 2977.00000000   19.60568357
 2978.00000000   19.60485888
 2979.00000000   19.60403469
 2980.00000000   19.60321099
 2981.00000000   19.60238779
 2982.00000000   19.60156508
 2983.00000000   19.60074286
 2984.00000000   19.59992114
 2985.00000000   19.59909990
 2986.00000000   19.59827916
 2987.00000000   19.59745891
 2988.00000000   19.59663916
 2989.00000000   19.59581989
 2990.00000000   19.59500111
 2991.00000000   19.59418283
 2992.00000000   19.59336503
 2993.00000000   19.59254773
 2994.00000000   19.59173091
 2995.00000000   19.59091458
 2996.00000000   19.59009874
 2997.00000000   19.58928338
 2998.00000000   19.58846852
 2999.00000000   19.58765414
 3000.00000000   19.58684025
 3001.00000000   19.58602684
 3002.00000000   19.58521392
 3003.00000000   19.58440149
 3004.00000000   19.58358954
 3005.00000000   19.58277808
 3006.00000000   19.58196710
 3007.00000000   19.58115660
 3008.00000000   19.58034659
 3009.00000000   19.57953706
 3010.00000000   19.57872802
 3011.00000000   19.57791946
 3012.00000000   19.57711138
 3013.00000000   19.57630378
 3014.00000000   19.57549666
 3015.00000000   19.57469003
 3016.00000000   19.57388387
 3017.00000000   19.57307820
 3018.00000000   19.57227300
 3019.00000000   19.57146829
 3020.00000000   19.57066405
 3021.00000000   19.56986030
 3022.00000000   19.56905702
 3023.00000000   19.56825422
 3024.00000000   19.56745190
 3025.00000000   19.56665006
 3026.00000000   19.56584869
 3027.00000000   19.56504780
 3028.00000000   19.56424738
 3029.00000000   19.56344745
 3030.00000000   19.56264798
 3031.00000000   19.56184900
 3032.00000000   19.56105048
 3033.00000000   19.56025245
 3034.00000000   19.55945488
 3035.00000000   19.55865779
 3036.00000000   19.55786118
 3037.00000000   19.55706503
 3038.00000000   19.55626936
 3039.00000000   19.55547416
 3040.00000000   19.55467944
 3041.00000000   19.55388518
 3042.00000000   19.55309140
 3043.00000000   19.55229809
 3044.00000000   19.55150524
 3045.00000000   19.55071287
 3046.00000000   19.54992097
 3047.00000000   19.54912954
 3048.00000000   19.54833857
 3049.00000000   19.54754808
 3050.00000000   19.54675805
 3051.00000000   19.54596850
 3052.00000000   19.54517940
 3053.00000000   19.54439078
 3054.00000000   19.54360262
 3055.00000000   19.54281493
 3056.00000000   19.54202771
 3057.00000000   19.54124095
 3058.00000000   19.54045466
 3059.00000000   19.53966883
 3060.00000000   19.53888347
 3061.00000000   19.53809857
 3062.00000000   19.53731414
 3063.00000000   19.53653017
 3064.00000000   19.53574666
 3065.00000000   19.53496362
 3066.00000000   19.53418104
 3067.00000000   19.53339892
 3068.00000000   19.53261726
 3069.00000000   19.53183606
 3070.00000000   19.53105533
 3071.00000000   19.53027506
 3072.00000000   19.52949524
 3073.00000000   19.52871589
 3074.00000000   19.52793700
 3075.00000000   19.52715856
 3076.00000000   19.52638059
 3077.00000000   19.52560307
 3078.00000000   19.52482602
 3079.00000000   19.52404942
 3080.00000000   19.52327328
 3081.00000000   19.52249759
 3082.00000000   19.52172237
 3083.00000000   19.52094760
 3084.00000000   19.52017328
 3085.00000000   19.51939942
 3086.00000000   19.51862602
 3087.00000000   19.51785307
 3088.00000000   19.51708058
 3089.00000000   19.51630854
 3090.00000000   19.51553696
 3091.00000000   19.51476583
 3092.00000000   19.51399515
 3093.00000000   19.51322493
 3094.00000000   19.51245516
 3095.00000000   19.51168584
 3096.00000000   19.51091698
 3097.00000000   19.51014856
 3098.00000000   19.50938060
 3099.00000000   19.50861309
 3100.00000000   19.50784603
 3101.00000000   19.50707942
 3102.00000000   19.50631326
 3103.00000000   19.50554755
 3104.00000000   19.50478229
 3105.00000000   19.50401748
 3106.00000000   19.50325311
 3107.00000000   19.50248920
 3108.00000000   19.50172573
 3109.00000000   19.50096271
 3110.00000000   19.50020014
 3111.00000000   19.49943801
 3112.00000000   19.49867634
 3113.00000000   19.49791510
 3114.00000000   19.49715432
 3115.00000000   19.49639398
 3116.00000000   19.49563408
 3117.00000000   19.49487463
 3118.00000000   19.49411563
 3119.00000000   19.49335707
 3120.00000000   19.49259895
 3121.00000000   19.49184127
 3122.00000000   19.49108404
 3123.00000000   19.49032726
 3124.00000000   19.48957091
 3125.00000000   19.48881501
 3126.00000000   19.48805955
 3127.00000000   19.48730453
 3128.00000000   19.48654995
 3129.00000000   19.48579581
 3130.00000000   19.48504211
 3131.00000000   19.48428886
 3132.00000000   19.48353604
 3133.00000000   19.48278366
 3134.00000000   19.48203172
 3135.00000000   19.48128022
 3136.00000000   19.48052916
 3137.00000000   19.47977854
 3138.00000000   19.47902836
 3139.00000000   19.47827861
 3140.00000000   19.47752930
 3141.00000000   19.47678042
 3142.00000000   19.47603199
 3143.00000000   19.47528399
 3144.00000000   19.47453642
 3145.00000000   19.47378929
 3146.00000000   19.47304260
 3147.00000000   19.47229634
 3148.00000000   19.47155052
 3149.00000000   19.47080512
 3150.00000000   19.47006017
 3151.00000000   19.46931565
 3152.00000000   19.46857156
 3153.00000000   19.46782790
 3154.00000000   19.46708467
 3155.00000000   19.46634188
 3156.00000000   19.46559952
 3157.00000000   19.46485759
 3158.00000000   19.46411610
 3159.00000000   19.46337503
 3160.00000000   19.46263439
 3161.00000000   19.46189419
 3162.00000000   19.46115441
 3163.00000000   19.46041506
 3164.00000000   19.45967615
 3165.00000000   19.45893766
 3166.00000000   19.45819960
 3167.00000000   19.45746197
 3168.00000000   19.45672477
 3169.00000000   19.45598799
 3170.00000000   19.45525164
 3171.00000000   19.45451572
 3172.00000000   19.45378023
 3173.00000000   19.45304516
 3174.00000000   19.45231052
 3175.00000000   19.45157630
 3176.00000000   19.45084251
 3177.00000000   19.45010914
 3178.00000000   19.44937620
 3179.00000000   19.44864368
 3180.00000000   19.44791159
 3181.00000000   19.44717992
 3182.00000000   19.44644868
 3183.00000000   19.44571785
 3184.00000000   19.44498745
 3185.00000000   19.44425748
 3186.00000000   19.44352792
 3187.00000000   19.44279879
 3188.00000000   19.44207008
 3189.00000000   19.44134179
 3190.00000000   19.44061392
 3191.00000000   19.43988647
 3192.00000000   19.43915944
 3193.00000000   19.43843283
 3194.00000000   19.43770664
 3195.00000000   19.43698087
 3196.00000000   19.43625552
 3197.00000000   19.43553059
 3198.00000000   19.43480607
 3199.00000000   19.43408198
 3200.00000000   19.43335830
 3201.00000000   19.43263504
 3202.00000000   19.43191219
 3203.00000000   19.43118977
 3204.00000000   19.43046776
 3205.00000000   19.42974616
 3206.00000000   19.42902498
 3207.00000000   19.42830422
 3208.00000000   19.42758387
 3209.00000000   19.42686394
 3210.00000000   19.42614442
 3211.00000000   19.42542531
 3212.00000000   19.42470662
 3213.00000000   19.42398835
 3214.00000000   19.42327048
 3215.00000000   19.42255303
 3216.00000000   19.42183599
 3217.00000000   19.42111937
 3218.00000000   19.42040315
 3219.00000000   19.41968735
 3220.00000000   19.41897196
 3221.00000000   19.41825698
 3222.00000000   19.41754241
 3223.00000000   19.41682825
 3224.00000000   19.41611451
 3225.00000000   19.41540117
 3226.00000000   19.41468824
 3227.00000000   19.41397572
 3228.00000000   19.41326361
 3229.00000000   19.41255191
 3230.00000000   19.41184061
 3231.00000000   19.41112973
 3232.00000000   19.41041925
 3233.00000000   19.40970918
 3234.00000000   19.40899952
 3235.00000000   19.40829026
 3236.00000000   19.40758141
 3237.00000000   19.40687297
 3238.00000000   19.40616493
 3239.00000000   19.40545730
 3240.00000000   19.40475007
 3241.00000000   19.40404325
 3242.00000000   19.40333683
 3243.00000000   19.40263082
 3244.00000000   19.40192521
 3245.00000000   19.40122000
 3246.00000000   19.40051520
 3247.00000000   19.39981080
 3248.00000000   19.39910680
 3249.00000000   19.39840321
 3250.00000000   19.39770002
 3251.00000000   19.39699723
 3252.00000000   19.39629484
 3253.00000000   19.39559285
 3254.00000000   19.39489127
 3255.00000000   19.39419008
 3256.00000000   19.39348930
 3257.00000000   19.39278891
 3258.00000000   19.39208893
 3259.00000000   19.39138934
 3260.00000000   19.39069016
 3261.00000000   19.38999137
 3262.00000000   19.38929298
 3263.00000000   19.38859499
 3264.00000000   19.38789740
 3265.00000000   19.38720020
 3266.00000000   19.38650341
 3267.00000000   19.38580701
 3268.00000000   19.38511100
 3269.00000000   19.38441540
 3270.00000000   19.38372019
 3271.00000000   19.38302537
 3272.00000000   19.38233095
 3273.00000000   19.38163693
 3274.00000000   19.38094330
 3275.00000000   19.38025007
 3276.00000000   19.37955723
 3277.00000000   19.37886478
 3278.00000000   19.37817273
 3279.00000000   19.37748107
 3280.00000000   19.37678980
 3281.00000000   19.37609893
 3282.00000000   19.37540845
 3283.00000000   19.37471837
 3284.00000000   19.37402867
 3285.00000000   19.37333937
 3286.00000000   19.37265045
 3287.00000000   19.37196193
 3288.00000000   19.37127380
 3289.00000000   19.37058606
 3290.00000000   19.36989872
 3291.00000000   19.36921176
 3292.00000000   19.36852519
 3293.00000000   19.36783901
 3294.00000000   19.36715322
 3295.00000000   19.36646781
 3296.00000000   19.36578280
 3297.00000000   19.36509818
 3298.00000000   19.36441394
 3299.00000000   19.36373009
 3300.00000000   19.36304663
 3301.00000000   19.36236355
 3302.00000000   19.36168086
 3303.00000000   19.36099856
 3304.00000000   19.36031664
 3305.00000000   19.35963512
 3306.00000000   19.35895397
 3307.00000000   19.35827321
 3308.00000000   19.35759284
 3309.00000000   19.35691285
 3310.00000000   19.35623324
 3311.00000000   19.35555402
 3312.00000000   19.35487519
 3313.00000000   19.35419673
 3314.00000000   19.35351867
 3315.00000000   19.35284098
 3316.00000000   19.35216368
 3317.00000000   19.35148675
 3318.00000000   19.35081021
 3319.00000000   19.35013406
 3320.00000000   19.34945828
 3321.00000000   19.34878289
 3322.00000000   19.34810787
 3323.00000000   19.34743324
 3324.00000000   19.34675899
 3325.00000000   19.34608512
 3326.00000000   19.34541163
 3327.00000000   19.34473851
 3328.00000000   19.34406578
 3329.00000000   19.34339343
 3330.00000000   19.34272145
 3331.00000000   19.34204985
 3332.00000000   19.34137864
 3333.00000000   19.34070780
 3334.00000000   19.34003733
 3335.00000000   19.33936725
 3336.00000000   19.33869754
 3337.00000000   19.33802821
 3338.00000000   19.33735925
 3339.00000000   19.33669067
 3340.00000000   19.33602247
 3341.00000000   19.33535464
 3342.00000000   19.33468719
 3343.00000000   19.33402011
 3344.00000000   19.33335341
 3345.00000000   19.33268708
 3346.00000000   19.33202113
 3347.00000000   19.33135555
 3348.00000000   19.33069035
 3349.00000000   19.33002551
 3350.00000000   19.32936105
 3351.00000000   19.32869697
 3352.00000000   19.32803326
 3353.00000000   19.32736991
 3354.00000000   19.32670694
 3355.00000000   19.32604435
 3356.00000000   19.32538212
 3357.00000000   19.32472027
 3358.00000000   19.32405878
 3359.00000000   19.32339767
 3360.00000000   19.32273693
 3361.00000000   19.32207656
 3362.00000000   19.32141655
 3363.00000000   19.32075692
 3364.00000000   19.32009766
 3365.00000000   19.31943876
 3366.00000000   19.31878023
 3367.00000000   19.31812208
 3368.00000000   19.31746429
 3369.00000000   19.31680687
 3370.00000000   19.31614981
 3371.00000000   19.31549313
 3372.00000000   19.31483681
 3373.00000000   19.31418085
 3374.00000000   19.31352527
 3375.00000000   19.31287005
 3376.00000000   19.31221519
 3377.00000000   19.31156071
 3378.00000000   19.31090658
 3379.00000000   19.31025283
 3380.00000000   19.30959943
 3381.00000000   19.30894641
 3382.00000000   19.30829374
 3383.00000000   19.30764144
 3384.00000000   19.30698951
 3385.00000000   19.30633794
 3386.00000000   19.30568673
 3387.00000000   19.30503588
 3388.00000000   19.30438540
 3389.00000000   19.30373528
 3390.00000000   19.30308552
 3391.00000000   19.30243612
 3392.00000000   19.30178709
 3393.00000000   19.30113842
 3394.00000000   19.30049010
 3395.00000000   19.29984215
 3396.00000000   19.29919456
 3397.00000000   19.29854733
 3398.00000000   19.29790046
 3399.00000000   19.29725395
 3400.00000000   19.29660780
 3401.00000000   19.29596201
 3402.00000000   19.29531658
 3403.00000000   19.29467150
 3404.00000000   19.29402679
 3405.00000000   19.29338243
 3406.00000000   19.29273843
 3407.00000000   19.29209479
 3408.00000000   19.29145151
 3409.00000000   19.29080858
 3410.00000000   19.29016601
 3411.00000000   19.28952380
 3412.00000000   19.28888194
 3413.00000000   19.28824044
 3414.00000000   19.28759929
 3415.00000000   19.28695851
 3416.00000000   19.28631807
 3417.00000000   19.28567799
 3418.00000000   19.28503827
 3419.00000000   19.28439890
 3420.00000000   19.28375988
 3421.00000000   19.28312122
 3422.00000000   19.28248291
 3423.00000000   19.28184496
 3424.00000000   19.28120736
 3425.00000000   19.28057011
 3426.00000000   19.27993322
 3427.00000000   19.27929667
 3428.00000000   19.27866048
 3429.00000000   19.27802464
 3430.00000000   19.27738916
 3431.00000000   19.27675402
 3432.00000000   19.27611924
 3433.00000000   19.27548480
 3434.00000000   19.27485072
 3435.00000000   19.27421699
 3436.00000000   19.27358360
 3437.00000000   19.27295057
 3438.00000000   19.27231789
 3439.00000000   19.27168555
 3440.00000000   19.27105357
 3441.00000000   19.27042193
 3442.00000000   19.26979064
 3443.00000000   19.26915971
 3444.00000000   19.26852911
 3445.00000000   19.26789887
 3446.00000000   19.26726898
 3447.00000000   19.26663943
 3448.00000000   19.26601023
 3449.00000000   19.26538137
 3450.00000000   19.26475286
 3451.00000000   19.26412470
 3452.00000000   19.26349688
 3453.00000000   19.26286941
 3454.00000000   19.26224229
 3455.00000000   19.26161551
 3456.00000000   19.26098908
 3457.00000000   19.26036299
 3458.00000000   19.25973724
 3459.00000000   19.25911184
 3460.00000000   19.25848678
 3461.00000000   19.25786207
 3462.00000000   19.25723770
 3463.00000000   19.25661367
 3464.00000000   19.25598999
 3465.00000000   19.25536665
 3466.00000000   19.25474365
 3467.00000000   19.25412099
 3468.00000000   19.25349868
 3469.00000000   19.25287671
 3470.00000000   19.25225507
 3471.00000000   19.25163378
 3472.00000000   19.25101284
 3473.00000000   19.25039223
 3474.00000000   19.24977196
 3475.00000000   19.24915203
 3476.00000000   19.24853244
 3477.00000000   19.24791320
 3478.00000000   19.24729429
 3479.00000000   19.24667572
 3480.00000000   19.24605749
 3481.00000000   19.24543959
 3482.00000000   19.24482204
 3483.00000000   19.24420483
 3484.00000000   19.24358795
 3485.00000000   19.24297141
 3486.00000000   19.24235521
 3487.00000000   19.24173934
 3488.00000000   19.24112381
 3489.00000000   19.24050862
 3490.00000000   19.23989377
 3491.00000000   19.23927925
 3492.00000000   19.23866507
 3493.00000000   19.23805122
 3494.00000000   19.23743771
 3495.00000000   19.23682453
 3496.00000000   19.23621169
 3497.00000000   19.23559919
 3498.00000000   19.23498702
 3499.00000000   19.23437518
 3500.00000000   19.23376368
 3501.00000000   19.23315251
 3502.00000000   19.23254167
 3503.00000000   19.23193117
 3504.00000000   19.23132100
 3505.00000000   19.23071116
 3506.00000000   19.23010166
 3507.00000000   19.22949248
 3508.00000000   19.22888364
 3509.00000000   19.22827514
 3510.00000000   19.22766696
 3511.00000000   19.22705911
 3512.00000000   19.22645160
 3513.00000000   19.22584442
 3514.00000000   19.22523757
 3515.00000000   19.22463104
 3516.00000000   19.22402485
 3517.00000000   19.22341899
 3518.00000000   19.22281346
 3519.00000000   19.22220825
 3520.00000000   19.22160338
 3521.00000000   19.22099883
 3522.00000000   19.22039462
 3523.00000000   19.21979073
 3524.00000000   19.21918717
 3525.00000000   19.21858394
 3526.00000000   19.21798104
 3527.00000000   19.21737846
 3528.00000000   19.21677621
 3529.00000000   19.21617429
 3530.00000000   19.21557269
 3531.00000000   19.21497142
 3532.00000000   19.21437048
 3533.00000000   19.21376987
 3534.00000000   19.21316958
 3535.00000000   19.21256961
 3536.00000000   19.21196997
 3537.00000000   19.21137066
 3538.00000000   19.21077167
 3539.00000000   19.21017300
 3540.00000000   19.20957466
 3541.00000000   19.20897665
 3542.00000000   19.20837895
 3543.00000000   19.20778159
 3544.00000000   19.20718454
 3545.00000000   19.20658782
 3546.00000000   19.20599142
 3547.00000000   19.20539534
 3548.00000000   19.20479959
 3549.00000000   19.20420416
 3550.00000000   19.20360905
 3551.00000000   19.20301426
 3552.00000000   19.20241980
 3553.00000000   19.20182565
 3554.00000000   19.20123183
 3555.00000000   19.20063833
 3556.00000000   19.20004515
 3557.00000000   19.19945228
 3558.00000000   19.19885974
 3559.00000000   19.19826752
 3560.00000000   19.19767562
 3561.00000000   19.19708404
 3562.00000000   19.19649278
 3563.00000000   19.19590183
 3564.00000000   19.19531121
 3565.00000000   19.19472090
 3566.00000000   19.19413091
 3567.00000000   19.19354124
 3568.00000000   19.19295189
 3569.00000000   19.19236286
 3570.00000000   19.19177414
 3571.00000000   19.19118574
 3572.00000000   19.19059766
 3573.00000000   19.19000989
 3574.00000000   19.18942245
 3575.00000000   19.18883531
 3576.00000000   19.18824850
 3577.00000000   19.18766199
 3578.00000000   19.18707581
 3579.00000000   19.18648994
 3580.00000000   19.18590438
 3581.00000000   19.18531914
 3582.00000000   19.18473422
 3583.00000000   19.18414961
 3584.00000000   19.18356531
 3585.00000000   19.18298133
 3586.00000000   19.18239766
 3587.00000000   19.18181430
 3588.00000000   19.18123126
 3589.00000000   19.18064853
 3590.00000000   19.18006612
 3591.00000000   19.17948401
 3592.00000000   19.17890222
 3593.00000000   19.17832074
 3594.00000000   19.17773957
 3595.00000000   19.17715872
 3596.00000000   19.17657818
 3597.00000000   19.17599794
 3598.00000000   19.17541802
 3599.00000000   19.17483841
 3600.00000000   19.17425911
 3601.00000000   19.17368012
 3602.00000000   19.17310144
 3603.00000000   19.17252307
 3604.00000000   19.17194501
 3605.00000000   19.17136726
 3606.00000000   19.17078982
 3607.00000000   19.17021269
 3608.00000000   19.16963587
 3609.00000000   19.16905935
 3610.00000000   19.16848315
 3611.00000000   19.16790725
 3612.00000000   19.16733166
 3613.00000000   19.16675638
 3614.00000000   19.16618140
 3615.00000000   19.16560673
 3616.00000000   19.16503237
 3617.00000000   19.16445832
 3618.00000000   19.16388457
 3619.00000000   19.16331113
 3620.00000000   19.16273800
 3621.00000000   19.16216517
 3622.00000000   19.16159265
 3623.00000000   19.16102043
 3624.00000000   19.16044852
 3625.00000000   19.15987691
 3626.00000000   19.15930561
 3627.00000000   19.15873461
 3628.00000000   19.15816392
 3629.00000000   19.15759353
 3630.00000000   19.15702344
 3631.00000000   19.15645366
 3632.00000000   19.15588418
 3633.00000000   19.15531501
 3634.00000000   19.15474614
 3635.00000000   19.15417757
 3636.00000000   19.15360931
 3637.00000000   19.15304134
 3638.00000000   19.15247368
 3639.00000000   19.15190632
 3640.00000000   19.15133926
 3641.00000000   19.15077251
 3642.00000000   19.15020605
 3643.00000000   19.14963990
 3644.00000000   19.14907405
 3645.00000000   19.14850850
 3646.00000000   19.14794325
 3647.00000000   19.14737830
 3648.00000000   19.14681365
 3649.00000000   19.14624930
 3650.00000000   19.14568524
 3651.00000000   19.14512149
 3652.00000000   19.14455804
 3653.00000000   19.14399489
 3654.00000000   19.14343203
 3655.00000000   19.14286948
 3656.00000000   19.14230722
 3657.00000000   19.14174526
 3658.00000000   19.14118360
 3659.00000000   19.14062223
 3660.00000000   19.14006117
 3661.00000000   19.13950040
 3662.00000000   19.13893992
 3663.00000000   19.13837975
 3664.00000000   19.13781987
 3665.00000000   19.13726029
 3666.00000000   19.13670100
 3667.00000000   19.13614201
 3668.00000000   19.13558332
 3669.00000000   19.13502492
 3670.00000000   19.13446682
 3671.00000000   19.13390901
 3672.00000000   19.13335150
 3673.00000000   19.13279428
 3674.00000000   19.13223735
 3675.00000000   19.13168072
 3676.00000000   19.13112439
 3677.00000000   19.13056835
 3678.00000000   19.13001260
 3679.00000000   19.12945715
 3680.00000000   19.12890198
 3681.00000000   19.12834712
 3682.00000000   19.12779254
 3683.00000000   19.12723826
 3684.00000000   19.12668427
 3685.00000000   19.12613057
 3686.00000000   19.12557717
 3687.00000000   19.12502405
 3688.00000000   19.12447123
 3689.00000000   19.12391870
 3690.00000000   19.12336646
 3691.00000000   19.12281451
 3692.00000000   19.12226285
 3693.00000000   19.12171149
 3694.00000000   19.12116041
 3695.00000000   19.12060962
 3696.00000000   19.12005912
 3697.00000000   19.11950892
 3698.00000000   19.11895900
 3699.00000000   19.11840937
 3700.00000000   19.11786003
 3701.00000000   19.11731098
 3702.00000000   19.11676222
 3703.00000000   19.11621375
 3704.00000000   19.11566556
 3705.00000000   19.11511767
 3706.00000000   19.11457006
 3707.00000000   19.11402274
 3708.00000000   19.11347570
 3709.00000000   19.11292896
 3710.00000000   19.11238250
 3711.00000000   19.11183633
 3712.00000000   19.11129044
 3713.00000000   19.11074484
 3714.00000000   19.11019953
 3715.00000000   19.10965450
 3716.00000000   19.10910976
 3717.00000000   19.10856530
 3718.00000000   19.10802113
 3719.00000000   19.10747725
 3720.00000000   19.10693365
 3721.00000000   19.10639034
 3722.00000000   19.10584731
 3723.00000000   19.10530456
 3724.00000000   19.10476210
 3725.00000000   19.10421992
 3726.00000000   19.10367803
 3727.00000000   19.10313642
 3728.00000000   19.10259509
 3729.00000000   19.10205405
 3730.00000000   19.10151329
 3731.00000000   19.10097281
 3732.00000000   19.10043262
 3733.00000000   19.09989270
 3734.00000000   19.09935307
 3735.00000000   19.09881372
 3736.00000000   19.09827466
 3737.00000000   19.09773587
 3738.00000000   19.09719737
 3739.00000000   19.09665915
 3740.00000000   19.09612121
 3741.00000000   19.09558355
 3742.00000000   19.09504617
 3743.00000000   19.09450907
 3744.00000000   19.09397225
 3745.00000000   19.09343571
 3746.00000000   19.09289945
 3747.00000000   19.09236347
 3748.00000000   19.09182777
 3749.00000000   19.09129235
 3750.00000000   19.09075721
 3751.00000000   19.09022235
 3752.00000000   19.08968776
 3753.00000000   19.08915346
 3754.00000000   19.08861943
 3755.00000000   19.08808568
 3756.00000000   19.08755221
 3757.00000000   19.08701902
 3758.00000000   19.08648610
 3759.00000000   19.08595346
 3760.00000000   19.08542110
 3761.00000000   19.08488901
 3762.00000000   19.08435721
 3763.00000000   19.08382567
 3764.00000000   19.08329442
 3765.00000000   19.08276344
 3766.00000000   19.08223274
 3767.00000000   19.08170231
 3768.00000000   19.08117216
 3769.00000000   19.08064228
 3770.00000000   19.08011268
 3771.00000000   19.07958335
 3772.00000000   19.07905430
 3773.00000000   19.07852552
 3774.00000000   19.07799702
 3775.00000000   19.07746879
 3776.00000000   19.07694083
 3777.00000000   19.07641315
 3778.00000000   19.07588574
 3779.00000000   19.07535861
 3780.00000000   19.07483175
 3781.00000000   19.07430516
 3782.00000000   19.07377885
 3783.00000000   19.07325280
 3784.00000000   19.07272703
 3785.00000000   19.07220154
 3786.00000000   19.07167631
 3787.00000000   19.07115136
 3788.00000000   19.07062667
 3789.00000000   19.07010226
 3790.00000000   19.06957812
 3791.00000000   19.06905426
 3792.00000000   19.06853066
 3793.00000000   19.06800733
 3794.00000000   19.06748428
 3795.00000000   19.06696149
 3796.00000000   19.06643897
 3797.00000000   19.06591673
 3798.00000000   19.06539475
 3799.00000000   19.06487305
 3800.00000000   19.06435161
 3801.00000000   19.06383044
 3802.00000000   19.06330954
 3803.00000000   19.06278891
 3804.00000000   19.06226855
 3805.00000000   19.06174846
 3806.00000000   19.06122863
 3807.00000000   19.06070908
 3808.00000000   19.06018979
 3809.00000000   19.05967077
 3810.00000000   19.05915201
 3811.00000000   19.05863353
 3812.00000000   19.05811531
 3813.00000000   19.05759736
 3814.00000000   19.05707967
 3815.00000000   19.05656225
 3816.00000000   19.05604510
 3817.00000000   19.05552821
 3818.00000000   19.05501159
 3819.00000000   19.05449524
 3820.00000000   19.05397915
 3821.00000000   19.05346333
 3822.00000000   19.05294777
 3823.00000000   19.05243248
 3824.00000000   19.05191745
 3825.00000000   19.05140269
 3826.00000000   19.05088819
 3827.00000000   19.05037395
 3828.00000000   19.04985998
 3829.00000000   19.04934628
 3830.00000000   19.04883284
 3831.00000000   19.04831966
 3832.00000000   19.04780674
 3833.00000000   19.04729409
 3834.00000000   19.04678170
 3835.00000000   19.04626957
 3836.00000000   19.04575771
 3837.00000000   19.04524611
 3838.00000000   19.04473477
 3839.00000000   19.04422370
 3840.00000000   19.04371288
 3841.00000000   19.04320233
 3842.00000000   19.04269204
 3843.00000000   19.04218201
 3844.00000000   19.04167224
 3845.00000000   19.04116273
 3846.00000000   19.04065348
 3847.00000000   19.04014450
 3848.00000000   19.03963577
 3849.00000000   19.03912731
 3850.00000000   19.03861910
 3851.00000000   19.03811116
 3852.00000000   19.03760347
 3853.00000000   19.03709605
 3854.00000000   19.03658888
 3855.00000000   19.03608197
 3856.00000000   19.03557533
 3857.00000000   19.03506894
 3858.00000000   19.03456281
 3859.00000000   19.03405694
 3860.00000000   19.03355132
 3861.00000000   19.03304597
 3862.00000000   19.03254087
 3863.00000000   19.03203603
 3864.00000000   19.03153145
 3865.00000000   19.03102712
 3866.00000000   19.03052306
 3867.00000000   19.03001925
 3868.00000000   19.02951569
 3869.00000000   19.02901240
 3870.00000000   19.02850936
 3871.00000000   19.02800657
 3872.00000000   19.02750405
 3873.00000000   19.02700177
 3874.00000000   19.02649976
 3875.00000000   19.02599800
 3876.00000000   19.02549649
 3877.00000000   19.02499525
 3878.00000000   19.02449425
 3879.00000000   19.02399351
 3880.00000000   19.02349303
 3881.00000000   19.02299280
 3882.00000000   19.02249282
 3883.00000000   19.02199310
 3884.00000000   19.02149363
 3885.00000000   19.02099442
 3886.00000000   19.02049546
 3887.00000000   19.01999676
 3888.00000000   19.01949830
 3889.00000000   19.01900010
 3890.00000000   19.01850216
 3891.00000000   19.01800447
 3892.00000000   19.01750702
 3893.00000000   19.01700984
 3894.00000000   19.01651290
 3895.00000000   19.01601622
 3896.00000000   19.01551978
 3897.00000000   19.01502360
 3898.00000000   19.01452768
 3899.00000000   19.01403200
 3900.00000000   19.01353657
 3901.00000000   19.01304140
 3902.00000000   19.01254647
 3903.00000000   19.01205180
 3904.00000000   19.01155738
 3905.00000000   19.01106321
 3906.00000000   19.01056929
 3907.00000000   19.01007561
 3908.00000000   19.00958219
 3909.00000000   19.00908902
 3910.00000000   19.00859610
 3911.00000000   19.00810342
 3912.00000000   19.00761100
 3913.00000000   19.00711882
 3914.00000000   19.00662690
 3915.00000000   19.00613522
 3916.00000000   19.00564379
 3917.00000000   19.00515261
 3918.00000000   19.00466168
 3919.00000000   19.00417099
 3920.00000000   19.00368056
 3921.00000000   19.00319037
 3922.00000000   19.00270043
 3923.00000000   19.00221073
 3924.00000000   19.00172129
 3925.00000000   19.00123208
 3926.00000000   19.00074313
 3927.00000000   19.00025442
 3928.00000000   18.99976596
 3929.00000000   18.99927775
 3930.00000000   18.99878978
 3931.00000000   18.99830206
 3932.00000000   18.99781458
 3933.00000000   18.99732735
 3934.00000000   18.99684037
 3935.00000000   18.99635363
 3936.00000000   18.99586713
 3937.00000000   18.99538088
 3938.00000000   18.99489488
 3939.00000000   18.99440912
 3940.00000000   18.99392360
 3941.00000000   18.99343833
 3942.00000000   18.99295330
 3943.00000000   18.99246852
 3944.00000000   18.99198398
 3945.00000000   18.99149968
 3946.00000000   18.99101563
 3947.00000000   18.99053182
 3948.00000000   18.99004825
 3949.00000000   18.98956493
 3950.00000000   18.98908185
 3951.00000000   18.98859901
 3952.00000000   18.98811642
 3953.00000000   18.98763406
 3954.00000000   18.98715195
 3955.00000000   18.98667008
 3956.00000000   18.98618845
 3957.00000000   18.98570707
 3958.00000000   18.98522592
 3959.00000000   18.98474502
 3960.00000000   18.98426436
 3961.00000000   18.98378393
 3962.00000000   18.98330375
 3963.00000000   18.98282381
 3964.00000000   18.98234411
 3965.00000000   18.98186465
 3966.00000000   18.98138543
 3967.00000000   18.98090645
 3968.00000000   18.98042772
 3969.00000000   18.97994922
 3970.00000000   18.97947095
 3971.00000000   18.97899293
 3972.00000000   18.97851515
 3973.00000000   18.97803761
 3974.00000000   18.97756030
 3975.00000000   18.97708324
 3976.00000000   18.97660641
 3977.00000000   18.97612982
 3978.00000000   18.97565347
 3979.00000000   18.97517736
 3980.00000000   18.97470148
 3981.00000000   18.97422585
 3982.00000000   18.97375045
 3983.00000000   18.97327528
 3984.00000000   18.97280036
 3985.00000000   18.97232567
 3986.00000000   18.97185122
 3987.00000000   18.97137700
 3988.00000000   18.97090302
 3989.00000000   18.97042928
 3990.00000000   18.96995578
 3991.00000000   18.96948251
 3992.00000000   18.96900947
 3993.00000000   18.96853668
 3994.00000000   18.96806411
 3995.00000000   18.96759179
 3996.00000000   18.96711969
 3997.00000000   18.96664784
 3998.00000000   18.96617622
 3999.00000000   18.96570483
 4000.00000000   18.96523368
 4001.00000000   18.96476276
 4002.00000000   18.96429207
 4003.00000000   18.96382162
 4004.00000000   18.96335141
 4005.00000000   18.96288143
 4006.00000000   18.96241168
 4007.00000000   18.96194216
 4008.00000000   18.96147288
 4009.00000000   18.96100383
 4010.00000000   18.96053502
 4011.00000000   18.96006644
 4012.00000000   18.95959809
 4013.00000000   18.95912997
 4014.00000000   18.95866208
 4015.00000000   18.95819443
 4016.00000000   18.95772701
 4017.00000000   18.95725982
 4018.00000000   18.95679286
 4019.00000000   18.95632614
 4020.00000000   18.95585965
 4021.00000000   18.95539338
 4022.00000000   18.95492735
 4023.00000000   18.95446155
 4024.00000000   18.95399598
 4025.00000000   18.95353064
 4026.00000000   18.95306553
 4027.00000000   18.95260065
 4028.00000000   18.95213601
 4029.00000000   18.95167159
 4030.00000000   18.95120740
 4031.00000000   18.95074344
 4032.00000000   18.95027971
 4033.00000000   18.94981621
 4034.00000000   18.94935294
 4035.00000000   18.94888990
 4036.00000000   18.94842709
 4037.00000000   18.94796450
 4038.00000000   18.94750215
 4039.00000000   18.94704002
 4040.00000000   18.94657812
 4041.00000000   18.94611645
 4042.00000000   18.94565501
 4043.00000000   18.94519380
 4044.00000000   18.94473281
 4045.00000000   18.94427205
 4046.00000000   18.94381152
 4047.00000000   18.94335122
 4048.00000000   18.94289114
 4049.00000000   18.94243129
 4050.00000000   18.94197167
 4051.00000000   18.94151227
 4052.00000000   18.94105310
 4053.00000000   18.94059415
 4054.00000000   18.94013544
 4055.00000000   18.93967694
 4056.00000000   18.93921868
 4057.00000000   18.93876064
 4058.00000000   18.93830282
 4059.00000000   18.93784523
 4060.00000000   18.93738787
 4061.00000000   18.93693073
 4062.00000000   18.93647381
 4063.00000000   18.93601713
 4064.00000000   18.93556066
 4065.00000000   18.93510442
 4066.00000000   18.93464840
 4067.00000000   18.93419261
 4068.00000000   18.93373704
 4069.00000000   18.93328170
 4070.00000000   18.93282658
 4071.00000000   18.93237168
 4072.00000000   18.93191701
 4073.00000000   18.93146256
 4074.00000000   18.93100833
 4075.00000000   18.93055433
 4076.00000000   18.93010055
 4077.00000000   18.92964699
 4078.00000000   18.92919365
 4079.00000000   18.92874054
 4080.00000000   18.92828765
 4081.00000000   18.92783498
 4082.00000000   18.92738253
 4083.00000000   18.92693031
 4084.00000000   18.92647830
 4085.00000000   18.92602652
 4086.00000000   18.92557496
 4087.00000000   18.92512362
 4088.00000000   18.92467250
 4089.00000000   18.92422160
 4090.00000000   18.92377093
 4091.00000000   18.92332047
 4092.00000000   18.92287023
 4093.00000000   18.92242022
 4094.00000000   18.92197042
 4095.00000000   18.92152085
 4096.00000000   18.92107149
 4097.00000000   18.92062235
 4098.00000000   18.92017344
 4099.00000000   18.91972474
 4100.00000000   18.91927626
 4101.00000000   18.91882800
 4102.00000000   18.91837996
 4103.00000000   18.91793214
 4104.00000000   18.91748454
 4105.00000000   18.91703716
 4106.00000000   18.91658999
 4107.00000000   18.91614304
 4108.00000000   18.91569631
 4109.00000000   18.91524980
 4110.00000000   18.91480351
 4111.00000000   18.91435743
 4112.00000000   18.91391158
 4113.00000000   18.91346594
 4114.00000000   18.91302051
 4115.00000000   18.91257530
 4116.00000000   18.91213031
 4117.00000000   18.91168554
 4118.00000000   18.91124099
 4119.00000000   18.91079665
 4120.00000000   18.91035252
 4121.00000000   18.90990862
 4122.00000000   18.90946492
 4123.00000000   18.90902145
 4124.00000000   18.90857819
 4125.00000000   18.90813515
 4126.00000000   18.90769232
 4127.00000000   18.90724970
 4128.00000000   18.90680731
 4129.00000000   18.90636512
 4130.00000000   18.90592315
 4131.00000000   18.90548140
 4132.00000000   18.90503986
 4133.00000000   18.90459854
 4134.00000000   18.90415743
 4135.00000000   18.90371653
 4136.00000000   18.90327585
 4137.00000000   18.90283538
 4138.00000000   18.90239513
 4139.00000000   18.90195509
 4140.00000000   18.90151526
 4141.00000000   18.90107565
 4142.00000000   18.90063625
 4143.00000000   18.90019706
 4144.00000000   18.89975809
 4145.00000000   18.89931932
 4146.00000000   18.89888078
 4147.00000000   18.89844244
 4148.00000000   18.89800431
 4149.00000000   18.89756640
 4150.00000000   18.89712870
 4151.00000000   18.89669121
 4152.00000000   18.89625394
 4153.00000000   18.89581687
 4154.00000000   18.89538002
 4155.00000000   18.89494338
 4156.00000000   18.89450695
 4157.00000000   18.89407073
 4158.00000000   18.89363472
 4159.00000000   18.89319892
 4160.00000000   18.89276333
 4161.00000000   18.89232796
 4162.00000000   18.89189279
 4163.00000000   18.89145784
 4164.00000000   18.89102309
 4165.00000000   18.89058855
 4166.00000000   18.89015423
 4167.00000000   18.88972011
 4168.00000000   18.88928620
 4169.00000000   18.88885251
 4170.00000000   18.88841902
 4171.00000000   18.88798574
 4172.00000000   18.88755267
 4173.00000000   18.88711981
 4174.00000000   18.88668715
 4175.00000000   18.88625471
 4176.00000000   18.88582247
 4177.00000000   18.88539045
 4178.00000000   18.88495863
 4179.00000000   18.88452701
 4180.00000000   18.88409561
 4181.00000000   18.88366441
 4182.00000000   18.88323343
 4183.00000000   18.88280265
 4184.00000000   18.88237207
 4185.00000000   18.88194171
 4186.00000000   18.88151155
 4187.00000000   18.88108159
 4188.00000000   18.88065185
 4189.00000000   18.88022231
 4190.00000000   18.87979298
 4191.00000000   18.87936385
 4192.00000000   18.87893493
 4193.00000000   18.87850622
 4194.00000000   18.87807771
 4195.00000000   18.87764941
 4196.00000000   18.87722131
 4197.00000000   18.87679342
 4198.00000000   18.87636573
 4199.00000000   18.87593825
 4200.00000000   18.87551098
 4201.00000000   18.87508391
 4202.00000000   18.87465704
 4203.00000000   18.87423038
 4204.00000000   18.87380393
 4205.00000000   18.87337768
 4206.00000000   18.87295163
 4207.00000000   18.87252579
 4208.00000000   18.87210015
 4209.00000000   18.87167471
 4210.00000000   18.87124948
 4211.00000000   18.87082445
 4212.00000000   18.87039963
 4213.00000000   18.86997501
 4214.00000000   18.86955059
 4215.00000000   18.86912638
 4216.00000000   18.86870237
 4217.00000000   18.86827856
 4218.00000000   18.86785495
 4219.00000000   18.86743155
 4220.00000000   18.86700835
 4221.00000000   18.86658535
 4222.00000000   18.86616255
 4223.00000000   18.86573996
 4224.00000000   18.86531757
 4225.00000000   18.86489538
 4226.00000000   18.86447339
 4227.00000000   18.86405160
 4228.00000000   18.86363002
 4229.00000000   18.86320863
 4230.00000000   18.86278745
 4231.00000000   18.86236647
 4232.00000000   18.86194568
 4233.00000000   18.86152510
 4234.00000000   18.86110472
 4235.00000000   18.86068454
 4236.00000000   18.86026456
 4237.00000000   18.85984478
 4238.00000000   18.85942520
 4239.00000000   18.85900582
 4240.00000000   18.85858664
 4241.00000000   18.85816766
 4242.00000000   18.85774888
 4243.00000000   18.85733030
 4244.00000000   18.85691192
 4245.00000000   18.85649374
 4246.00000000   18.85607576
 4247.00000000   18.85565797
 4248.00000000   18.85524038
 4249.00000000   18.85482300
 4250.00000000   18.85440581
 4251.00000000   18.85398882
 4252.00000000   18.85357203
 4253.00000000   18.85315543
 4254.00000000   18.85273904
 4255.00000000   18.85232284
 4256.00000000   18.85190684
 4257.00000000   18.85149103
 4258.00000000   18.85107543
 4259.00000000   18.85066002
 4260.00000000   18.85024481
 4261.00000000   18.84982979
 4262.00000000   18.84941498
 4263.00000000   18.84900036
 4264.00000000   18.84858593
 4265.00000000   18.84817171
 4266.00000000   18.84775768
 4267.00000000   18.84734384
 4268.00000000   18.84693020
 4269.00000000   18.84651676
 4270.00000000   18.84610351
 4271.00000000   18.84569046
 4272.00000000   18.84527761
 4273.00000000   18.84486495
 4274.00000000   18.84445249
 4275.00000000   18.84404022
 4276.00000000   18.84362814
 4277.00000000   18.84321627
 4278.00000000   18.84280458
 4279.00000000   18.84239309
 4280.00000000   18.84198180
 4281.00000000   18.84157070
 4282.00000000   18.84115979
 4283.00000000   18.84074908
 4284.00000000   18.84033857
 4285.00000000   18.83992824
 4286.00000000   18.83951811
 4287.00000000   18.83910818
 4288.00000000   18.83869844
 4289.00000000   18.83828889
 4290.00000000   18.83787953
 4291.00000000   18.83747037
 4292.00000000   18.83706140
 4293.00000000   18.83665263
 4294.00000000   18.83624405
 4295.00000000   18.83583566
 4296.00000000   18.83542746
 4297.00000000   18.83501945
 4298.00000000   18.83461164
 4299.00000000   18.83420402
 4300.00000000   18.83379659
 4301.00000000   18.83338936
 4302.00000000   18.83298231
 4303.00000000   18.83257546
 4304.00000000   18.83216880
 4305.00000000   18.83176233
 4306.00000000   18.83135605
 4307.00000000   18.83094997
 4308.00000000   18.83054407
 4309.00000000   18.83013837
 4310.00000000   18.82973285
 4311.00000000   18.82932753
 4312.00000000   18.82892240
 4313.00000000   18.82851745
 4314.00000000   18.82811270
 4315.00000000   18.82770814
 4316.00000000   18.82730377
 4317.00000000   18.82689959
 4318.00000000   18.82649560
 4319.00000000   18.82609180
 4320.00000000   18.82568818
 4321.00000000   18.82528476
 4322.00000000   18.82488153
 4323.00000000   18.82447849
 4324.00000000   18.82407563
 4325.00000000   18.82367297
 4326.00000000   18.82327049
 4327.00000000   18.82286820
 4328.00000000   18.82246610
 4329.00000000   18.82206419
 4330.00000000   18.82166247
 4331.00000000   18.82126093
 4332.00000000   18.82085959
 4333.00000000   18.82045843
 4334.00000000   18.82005746
 4335.00000000   18.81965668
 4336.00000000   18.81925608
 4337.00000000   18.81885568
 4338.00000000   18.81845546
 4339.00000000   18.81805543
 4340.00000000   18.81765558
 4341.00000000   18.81725592
 4342.00000000   18.81685645
 4343.00000000   18.81645717
 4344.00000000   18.81605807
 4345.00000000   18.81565916
 4346.00000000   18.81526043
 4347.00000000   18.81486190
 4348.00000000   18.81446354
 4349.00000000   18.81406538
 4350.00000000   18.81366740
 4351.00000000   18.81326961
 4352.00000000   18.81287200
 4353.00000000   18.81247458
 4354.00000000   18.81207734
 4355.00000000   18.81168029
 4356.00000000   18.81128342
 4357.00000000   18.81088674
 4358.00000000   18.81049024
 4359.00000000   18.81009393
 4360.00000000   18.80969781
 4361.00000000   18.80930186
 4362.00000000   18.80890611
 4363.00000000   18.80851053
 4364.00000000   18.80811515
 4365.00000000   18.80771994
 4366.00000000   18.80732492
 4367.00000000   18.80693008
 4368.00000000   18.80653543
 4369.00000000   18.80614096
 4370.00000000   18.80574668
 4371.00000000   18.80535258
 4372.00000000   18.80495866
 4373.00000000   18.80456492
 4374.00000000   18.80417137
 4375.00000000   18.80377800
 4376.00000000   18.80338482
 4377.00000000   18.80299181
 4378.00000000   18.80259899
 4379.00000000   18.80220636
 4380.00000000   18.80181390
 4381.00000000   18.80142163
 4382.00000000   18.80102954
 4383.00000000   18.80063763
 4384.00000000   18.80024590
 4385.00000000   18.79985435
 4386.00000000   18.79946299
 4387.00000000   18.79907181
 4388.00000000   18.79868081
 4389.00000000   18.79828999
 4390.00000000   18.79789935
 4391.00000000   18.79750890
 4392.00000000   18.79711862
 4393.00000000   18.79672853
 4394.00000000   18.79633861
 4395.00000000   18.79594888
 4396.00000000   18.79555933
 4397.00000000   18.79516995
 4398.00000000   18.79478076
 4399.00000000   18.79439175
 4400.00000000   18.79400292
 4401.00000000   18.79361427
 4402.00000000   18.79322580
 4403.00000000   18.79283750
 4404.00000000   18.79244939
 4405.00000000   18.79206146
 4406.00000000   18.79167370
 4407.00000000   18.79128613
 4408.00000000   18.79089874
 4409.00000000   18.79051152
 4410.00000000   18.79012448
 4411.00000000   18.78973763
 4412.00000000   18.78935095
 4413.00000000   18.78896445
 4414.00000000   18.78857812
 4415.00000000   18.78819198
 4416.00000000   18.78780601
 4417.00000000   18.78742023
 4418.00000000   18.78703462
 4419.00000000   18.78664919
 4420.00000000   18.78626393
 4421.00000000   18.78587886
 4422.00000000   18.78549396
 4423.00000000   18.78510924
 4424.00000000   18.78472469
 4425.00000000   18.78434033
 4426.00000000   18.78395614
 4427.00000000   18.78357212
 4428.00000000   18.78318829
 4429.00000000   18.78280463
 4430.00000000   18.78242115
 4431.00000000   18.78203784
 4432.00000000   18.78165472
 4433.00000000   18.78127176
 4434.00000000   18.78088899
 4435.00000000   18.78050639
 4436.00000000   18.78012396
 4437.00000000   18.77974171
 4438.00000000   18.77935964
 4439.00000000   18.77897775
 4440.00000000   18.77859602
 4441.00000000   18.77821448
 4442.00000000   18.77783311
 4443.00000000   18.77745191
 4444.00000000   18.77707089
 4445.00000000   18.77669005
 4446.00000000   18.77630938
 4447.00000000   18.77592888
 4448.00000000   18.77554856
 4449.00000000   18.77516841
 4450.00000000   18.77478844
 4451.00000000   18.77440865
 4452.00000000   18.77402902
 4453.00000000   18.77364957
 4454.00000000   18.77327030
 4455.00000000   18.77289120
 4456.00000000   18.77251227
 4457.00000000   18.77213352
 4458.00000000   18.77175494
 4459.00000000   18.77137653
 4460.00000000   18.77099829
 4461.00000000   18.77062023
 4462.00000000   18.77024235
 4463.00000000   18.76986463
 4464.00000000   18.76948709
 4465.00000000   18.76910972
 4466.00000000   18.76873253
 4467.00000000   18.76835550
 4468.00000000   18.76797865
 4469.00000000   18.76760198
 4470.00000000   18.76722547
 4471.00000000   18.76684914
 4472.00000000   18.76647297
 4473.00000000   18.76609698
 4474.00000000   18.76572117
 4475.00000000   18.76534552
 4476.00000000   18.76497004
 4477.00000000   18.76459474
 4478.00000000   18.76421961
 4479.00000000   18.76384465
 4480.00000000   18.76346986
 4481.00000000   18.76309524
 4482.00000000   18.76272079
 4483.00000000   18.76234651
 4484.00000000   18.76197241
 4485.00000000   18.76159847
 4486.00000000   18.76122471
 4487.00000000   18.76085111
 4488.00000000   18.76047769
 4489.00000000   18.76010443
 4490.00000000   18.75973135
 4491.00000000   18.75935844
 4492.00000000   18.75898569
 4493.00000000   18.75861312
 4494.00000000   18.75824071
 4495.00000000   18.75786848
 4496.00000000   18.75749641
 4497.00000000   18.75712451
 4498.00000000   18.75675279
 4499.00000000   18.75638123
 4500.00000000   18.75600984
 4501.00000000   18.75563862
 4502.00000000   18.75526757
 4503.00000000   18.75489669
 4504.00000000   18.75452597
 4505.00000000   18.75415542
 4506.00000000   18.75378505
 4507.00000000   18.75341484
 4508.00000000   18.75304480
 4509.00000000   18.75267492
 4510.00000000   18.75230522
 4511.00000000   18.75193568
 4512.00000000   18.75156631
 4513.00000000   18.75119711
 4514.00000000   18.75082808
 4515.00000000   18.75045921
 4516.00000000   18.75009051
 4517.00000000   18.74972198
 4518.00000000   18.74935361
 4519.00000000   18.74898541
 4520.00000000   18.74861738
 4521.00000000   18.74824952
 4522.00000000   18.74788182
 4523.00000000   18.74751429
 4524.00000000   18.74714692
 4525.00000000   18.74677972
 4526.00000000   18.74641269
 4527.00000000   18.74604583
 4528.00000000   18.74567913
 4529.00000000   18.74531259
 4530.00000000   18.74494622
 4531.00000000   18.74458002
 4532.00000000   18.74421398
 4533.00000000   18.74384811
 4534.00000000   18.74348241
 4535.00000000   18.74311687
 4536.00000000   18.74275149
 4537.00000000   18.74238628
 4538.00000000   18.74202123
 4539.00000000   18.74165635
 4540.00000000   18.74129164
 4541.00000000   18.74092709
 4542.00000000   18.74056270
 4543.00000000   18.74019848
 4544.00000000   18.73983442
 4545.00000000   18.73947053
 4546.00000000   18.73910680
 4547.00000000   18.73874324
 4548.00000000   18.73837983
 4549.00000000   18.73801660
 4550.00000000   18.73765352
 4551.00000000   18.73729061
 4552.00000000   18.73692787
 4553.00000000   18.73656529
 4554.00000000   18.73620287
 4555.00000000   18.73584061
 4556.00000000   18.73547852
 4557.00000000   18.73511659
 4558.00000000   18.73475482
 4559.00000000   18.73439322
 4560.00000000   18.73403178
 4561.00000000   18.73367050
 4562.00000000   18.73330938
 4563.00000000   18.73294843
 4564.00000000   18.73258764
 4565.00000000   18.73222701
 4566.00000000   18.73186654
 4567.00000000   18.73150624
 4568.00000000   18.73114610
 4569.00000000   18.73078611
 4570.00000000   18.73042630
 4571.00000000   18.73006664
 4572.00000000   18.72970714
 4573.00000000   18.72934781
 4574.00000000   18.72898863
 4575.00000000   18.72862962
 4576.00000000   18.72827077
 4577.00000000   18.72791208
 4578.00000000   18.72755355
 4579.00000000   18.72719518
 4580.00000000   18.72683698
 4581.00000000   18.72647893
 4582.00000000   18.72612104
 4583.00000000   18.72576332
 4584.00000000   18.72540575
 4585.00000000   18.72504835
 4586.00000000   18.72469110
 4587.00000000   18.72433402
 4588.00000000   18.72397709
 4589.00000000   18.72362033
 4590.00000000   18.72326372
 4591.00000000   18.72290728
 4592.00000000   18.72255099
 4593.00000000   18.72219486
 4594.00000000   18.72183890
 4595.00000000   18.72148309
 4596.00000000   18.72112744
 4597.00000000   18.72077195
 4598.00000000   18.72041662
 4599.00000000   18.72006145
 4600.00000000   18.71970643
 4601.00000000   18.71935158
 4602.00000000   18.71899688
 4603.00000000   18.71864234
 4604.00000000   18.71828797
 4605.00000000   18.71793374
 4606.00000000   18.71757968
 4607.00000000   18.71722578
 4608.00000000   18.71687203
 4609.00000000   18.71651844
 4610.00000000   18.71616501
 4611.00000000   18.71581173
 4612.00000000   18.71545862
 4613.00000000   18.71510566
 4614.00000000   18.71475286
 4615.00000000   18.71440021
 4616.00000000   18.71404773
 4617.00000000   18.71369540
 4618.00000000   18.71334323
 4619.00000000   18.71299121
 4620.00000000   18.71263935
 4621.00000000   18.71228765
 4622.00000000   18.71193610
 4623.00000000   18.71158471
 4624.00000000   18.71123348
 4625.00000000   18.71088240
 4626.00000000   18.71053148
 4627.00000000   18.71018072
 4628.00000000   18.70983011
 4629.00000000   18.70947966
 4630.00000000   18.70912936
 4631.00000000   18.70877922
 4632.00000000   18.70842924
 4633.00000000   18.70807941
 4634.00000000   18.70772973
 4635.00000000   18.70738021
 4636.00000000   18.70703085
 4637.00000000   18.70668164
 4638.00000000   18.70633259
 4639.00000000   18.70598369
 4640.00000000   18.70563495
 4641.00000000   18.70528636
 4642.00000000   18.70493792
 4643.00000000   18.70458964
 4644.00000000   18.70424152
 4645.00000000   18.70389355
 4646.00000000   18.70354573
 4647.00000000   18.70319807
 4648.00000000   18.70285056
 4649.00000000   18.70250321
 4650.00000000   18.70215601
 4651.00000000   18.70180896
 4652.00000000   18.70146207
 4653.00000000   18.70111533
 4654.00000000   18.70076874
 4655.00000000   18.70042231
 4656.00000000   18.70007603
 4657.00000000   18.69972991
 4658.00000000   18.69938394
 4659.00000000   18.69903812
 4660.00000000   18.69869245
 4661.00000000   18.69834694
 4662.00000000   18.69800158
 4663.00000000   18.69765637
 4664.00000000   18.69731131
 4665.00000000   18.69696641
 4666.00000000   18.69662166
 4667.00000000   18.69627706
 4668.00000000   18.69593262
 4669.00000000   18.69558832
 4670.00000000   18.69524418
 4671.00000000   18.69490019
 4672.00000000   18.69455635
 4673.00000000   18.69421267
 4674.00000000   18.69386913
 4675.00000000   18.69352575
 4676.00000000   18.69318252
 4677.00000000   18.69283944
 4678.00000000   18.69249651
 4679.00000000   18.69215373
 4680.00000000   18.69181110
 4681.00000000   18.69146863
 4682.00000000   18.69112630
 4683.00000000   18.69078413
 4684.00000000   18.69044211
 4685.00000000   18.69010023
 4686.00000000   18.68975851
 4687.00000000   18.68941694
 4688.00000000   18.68907552
 4689.00000000   18.68873425
 4690.00000000   18.68839313
 4691.00000000   18.68805216
 4692.00000000   18.68771134
 4693.00000000   18.68737067
 4694.00000000   18.68703015
 4695.00000000   18.68668977
 4696.00000000   18.68634955
 4697.00000000   18.68600948
 4698.00000000   18.68566956
 4699.00000000   18.68532979
 4700.00000000   18.68499016
 4701.00000000   18.68465069
 4702.00000000   18.68431136
 4703.00000000   18.68397218
 4704.00000000   18.68363316
 4705.00000000   18.68329428
 4706.00000000   18.68295555
 4707.00000000   18.68261697
 4708.00000000   18.68227853
 4709.00000000   18.68194025
 4710.00000000   18.68160211
 4711.00000000   18.68126412
 4712.00000000   18.68092628
 4713.00000000   18.68058859
 4714.00000000   18.68025105
 4715.00000000   18.67991365
 4716.00000000   18.67957640
 4717.00000000   18.67923930
 4718.00000000   18.67890235
 4719.00000000   18.67856554
 4720.00000000   18.67822889
 4721.00000000   18.67789238
 4722.00000000   18.67755601
 4723.00000000   18.67721980
 4724.00000000   18.67688373
 4725.00000000   18.67654781
 4726.00000000   18.67621203
 4727.00000000   18.67587640
 4728.00000000   18.67554092
 4729.00000000   18.67520559
 4730.00000000   18.67487040
 4731.00000000   18.67453536
 4732.00000000   18.67420046
 4733.00000000   18.67386571
 4734.00000000   18.67353111
 4735.00000000   18.67319665
 4736.00000000   18.67286234
 4737.00000000   18.67252818
 4738.00000000   18.67219416
 4739.00000000   18.67186028
 4740.00000000   18.67152656
 4741.00000000   18.67119297
 4742.00000000   18.67085954
 4743.00000000   18.67052625
 4744.00000000   18.67019310
 4745.00000000   18.66986010
 4746.00000000   18.66952724
 4747.00000000   18.66919453
 4748.00000000   18.66886197
 4749.00000000   18.66852955
 4750.00000000   18.66819727
 4751.00000000   18.66786514
 4752.00000000   18.66753315
 4753.00000000   18.66720131
 4754.00000000   18.66686961
 4755.00000000   18.66653806
 4756.00000000   18.66620665
 4757.00000000   18.66587539
 4758.00000000   18.66554426
 4759.00000000   18.66521329
 4760.00000000   18.66488246
 4761.00000000   18.66455177
 4762.00000000   18.66422122
 4763.00000000   18.66389082
 4764.00000000   18.66356056
 4765.00000000   18.66323045
 4766.00000000   18.66290047
 4767.00000000   18.66257065
 4768.00000000   18.66224096
 4769.00000000   18.66191142
 4770.00000000   18.66158202
 4771.00000000   18.66125277
 4772.00000000   18.66092365
 4773.00000000   18.66059468
 4774.00000000   18.66026586
 4775.00000000   18.65993717
 4776.00000000   18.65960863
 4777.00000000   18.65928023
 4778.00000000   18.65895197
 4779.00000000   18.65862386
 4780.00000000   18.65829588
 4781.00000000   18.65796805
 4782.00000000   18.65764036
 4783.00000000   18.65731282
 4784.00000000   18.65698541
 4785.00000000   18.65665815
 4786.00000000   18.65633103
 4787.00000000   18.65600405
 4788.00000000   18.65567721
 4789.00000000   18.65535051
 4790.00000000   18.65502395
 4791.00000000   18.65469754
 4792.00000000   18.65437126
 4793.00000000   18.65404513
 4794.00000000   18.65371914
 4795.00000000   18.65339329
 4796.00000000   18.65306758
 4797.00000000   18.65274201
 4798.00000000   18.65241658
 4799.00000000   18.65209129
 4800.00000000   18.65176615
 4801.00000000   18.65144114
 4802.00000000   18.65111627
 4803.00000000   18.65079155
 4804.00000000   18.65046696
 4805.00000000   18.65014251
 4806.00000000   18.64981821
 4807.00000000   18.64949404
 4808.00000000   18.64917001
 4809.00000000   18.64884613
 4810.00000000   18.64852238
 4811.00000000   18.64819877
 4812.00000000   18.64787530
 4813.00000000   18.64755197
 4814.00000000   18.64722878
 4815.00000000   18.64690573
 4816.00000000   18.64658282
 4817.00000000   18.64626005
 4818.00000000   18.64593742
 4819.00000000   18.64561492
 4820.00000000   18.64529257
 4821.00000000   18.64497035
 4822.00000000   18.64464827
 4823.00000000   18.64432633
 4824.00000000   18.64400453
 4825.00000000   18.64368287
 4826.00000000   18.64336134
 4827.00000000   18.64303995
 4828.00000000   18.64271871
 4829.00000000   18.64239760
 4830.00000000   18.64207662
 4831.00000000   18.64175579
 4832.00000000   18.64143509
 4833.00000000   18.64111453
 4834.00000000   18.64079411
 4835.00000000   18.64047383
 4836.00000000   18.64015368
 4837.00000000   18.63983367
 4838.00000000   18.63951380
 4839.00000000   18.63919407
 4840.00000000   18.63887447
 4841.00000000   18.63855501
 4842.00000000   18.63823568
 4843.00000000   18.63791650
 4844.00000000   18.63759745
 4845.00000000   18.63727854
 4846.00000000   18.63695976
 4847.00000000   18.63664112
 4848.00000000   18.63632262
 4849.00000000   18.63600425
 4850.00000000   18.63568602
 4851.00000000   18.63536792
 4852.00000000   18.63504997
 4853.00000000   18.63473214
 4854.00000000   18.63441446
 4855.00000000   18.63409691
 4856.00000000   18.63377949
 4857.00000000   18.63346222
 4858.00000000   18.63314507
 4859.00000000   18.63282806
 4860.00000000   18.63251119
 4861.00000000   18.63219446
 4862.00000000   18.63187786
 4863.00000000   18.63156139
 4864.00000000   18.63124506
 4865.00000000   18.63092886
 4866.00000000   18.63061280
 4867.00000000   18.63029688
 4868.00000000   18.62998109
 4869.00000000   18.62966543
 4870.00000000   18.62934991
 4871.00000000   18.62903452
 4872.00000000   18.62871927
 4873.00000000   18.62840415
 4874.00000000   18.62808917
 4875.00000000   18.62777432
 4876.00000000   18.62745961
 4877.00000000   18.62714503
 4878.00000000   18.62683058
 4879.00000000   18.62651627
 4880.00000000   18.62620209
 4881.00000000   18.62588805
 4882.00000000   18.62557413
 4883.00000000   18.62526036
 4884.00000000   18.62494671
 4885.00000000   18.62463320
 4886.00000000   18.62431983
 4887.00000000   18.62400658
 4888.00000000   18.62369347
 4889.00000000   18.62338050
 4890.00000000   18.62306765
 4891.00000000   18.62275494
 4892.00000000   18.62244236
 4893.00000000   18.62212992
 4894.00000000   18.62181761
 4895.00000000   18.62150543
 4896.00000000   18.62119338
 4897.00000000   18.62088146
 4898.00000000   18.62056968
 4899.00000000   18.62025803
 4900.00000000   18.61994652
 4901.00000000   18.61963513
 4902.00000000   18.61932388
 4903.00000000   18.61901276
 4904.00000000   18.61870177
 4905.00000000   18.61839091
 4906.00000000   18.61808019
 4907.00000000   18.61776959
 4908.00000000   18.61745913
 4909.00000000   18.61714880
 4910.00000000   18.61683861
 4911.00000000   18.61652854
 4912.00000000   18.61621860
 4913.00000000   18.61590880
 4914.00000000   18.61559913
 4915.00000000   18.61528958
 4916.00000000   18.61498017
 4917.00000000   18.61467089
 4918.00000000   18.61436175
 4919.00000000   18.61405273
 4920.00000000   18.61374384
 4921.00000000   18.61343508
 4922.00000000   18.61312646
 4923.00000000   18.61281796
 4924.00000000   18.61250960
 4925.00000000   18.61220136
 4926.00000000   18.61189326
 4927.00000000   18.61158529
 4928.00000000   18.61127744
 4929.00000000   18.61096973
 4930.00000000   18.61066214
 4931.00000000   18.61035469
 4932.00000000   18.61004737
 4933.00000000   18.60974017
 4934.00000000   18.60943311
 4935.00000000   18.60912617
 4936.00000000   18.60881937
 4937.00000000   18.60851269
 4938.00000000   18.60820615
 4939.00000000   18.60789973
 4940.00000000   18.60759344
 4941.00000000   18.60728728
 4942.00000000   18.60698125
 4943.00000000   18.60667535
 4944.00000000   18.60636958
 4945.00000000   18.60606394
 4946.00000000   18.60575842
 4947.00000000   18.60545304
 4948.00000000   18.60514778
 4949.00000000   18.60484265
 4950.00000000   18.60453765
 4951.00000000   18.60423278
 4952.00000000   18.60392804
 4953.00000000   18.60362342
 4954.00000000   18.60331894
 4955.00000000   18.60301458
 4956.00000000   18.60271035
 4957.00000000   18.60240624
 4958.00000000   18.60210227
 4959.00000000   18.60179842
 4960.00000000   18.60149470
 4961.00000000   18.60119111
 4962.00000000   18.60088765
 4963.00000000   18.60058431
 4964.00000000   18.60028110
 4965.00000000   18.59997802
 4966.00000000   18.59967506
 4967.00000000   18.59937224
 4968.00000000   18.59906954
 4969.00000000   18.59876696
 4970.00000000   18.59846452
 4971.00000000   18.59816220
 4972.00000000   18.59786000
 4973.00000000   18.59755794
 4974.00000000   18.59725600
 4975.00000000   18.59695419
 4976.00000000   18.59665250
 4977.00000000   18.59635094
 4978.00000000   18.59604951
 4979.00000000   18.59574820
 4980.00000000   18.59544702
 4981.00000000   18.59514597
 4982.00000000   18.59484504
 4983.00000000   18.59454424
 4984.00000000   18.59424356
 4985.00000000   18.59394301
 4986.00000000   18.59364258
 4987.00000000   18.59334228
 4988.00000000   18.59304211
 4989.00000000   18.59274206
 4990.00000000   18.59244214
 4991.00000000   18.59214234
 4992.00000000   18.59184267
 4993.00000000   18.59154313
 4994.00000000   18.59124370
 4995.00000000   18.59094441
 4996.00000000   18.59064524
 4997.00000000   18.59034619
 4998.00000000   18.59004727
 4999.00000000   18.58974847
 5000.00000000   18.58944980
 5001.00000000   18.58915126
 5002.00000000   18.58885283
 5003.00000000   18.58855454
 5004.00000000   18.58825636
 5005.00000000   18.58795831
 5006.00000000   18.58766039
 5007.00000000   18.58736259
 5008.00000000   18.58706491
 5009.00000000   18.58676736
 5010.00000000   18.58646993
 5011.00000000   18.58617263
 5012.00000000   18.58587545
 5013.00000000   18.58557839
 5014.00000000   18.58528146
 5015.00000000   18.58498465
 5016.00000000   18.58468797
 5017.00000000   18.58439140
 5018.00000000   18.58409497
 5019.00000000   18.58379865
 5020.00000000   18.58350246
 5021.00000000   18.58320639
 5022.00000000   18.58291045
 5023.00000000   18.58261462
 5024.00000000   18.58231892
 5025.00000000   18.58202335
 5026.00000000   18.58172790
 5027.00000000   18.58143256
 5028.00000000   18.58113736
 5029.00000000   18.58084227
 5030.00000000   18.58054731
 5031.00000000   18.58025247
 5032.00000000   18.57995775
 5033.00000000   18.57966316
 5034.00000000   18.57936868
 5035.00000000   18.57907433
 5036.00000000   18.57878011
 5037.00000000   18.57848600
 5038.00000000   18.57819202
 5039.00000000   18.57789815
 5040.00000000   18.57760441
 5041.00000000   18.57731079
 5042.00000000   18.57701730
 5043.00000000   18.57672392
 5044.00000000   18.57643067
 5045.00000000   18.57613754
 5046.00000000   18.57584453
 5047.00000000   18.57555164
 5048.00000000   18.57525887
 5049.00000000   18.57496622
 5050.00000000   18.57467370
 5051.00000000   18.57438129
 5052.00000000   18.57408901
 5053.00000000   18.57379685
 5054.00000000   18.57350481
 5055.00000000   18.57321289
 5056.00000000   18.57292109
 5057.00000000   18.57262941
 5058.00000000   18.57233785
 5059.00000000   18.57204641
 5060.00000000   18.57175509
 5061.00000000   18.57146390
 5062.00000000   18.57117282
 5063.00000000   18.57088187
 5064.00000000   18.57059103
 5065.00000000   18.57030031
 5066.00000000   18.57000972
 5067.00000000   18.56971924
 5068.00000000   18.56942889
 5069.00000000   18.56913865
 5070.00000000   18.56884853
 5071.00000000   18.56855854
 5072.00000000   18.56826866
 5073.00000000   18.56797890
 5074.00000000   18.56768926
 5075.00000000   18.56739975
 5076.00000000   18.56711035
 5077.00000000   18.56682107
 5078.00000000   18.56653191
 5079.00000000   18.56624287
 5080.00000000   18.56595394
 5081.00000000   18.56566514
 5082.00000000   18.56537646
 5083.00000000   18.56508789
 5084.00000000   18.56479944
 5085.00000000   18.56451112
 5086.00000000   18.56422291
 5087.00000000   18.56393482
 5088.00000000   18.56364684
 5089.00000000   18.56335899
 5090.00000000   18.56307126
 5091.00000000   18.56278364
 5092.00000000   18.56249614
 5093.00000000   18.56220876
 5094.00000000   18.56192150
 5095.00000000   18.56163435
 5096.00000000   18.56134733
 5097.00000000   18.56106042
 5098.00000000   18.56077363
 5099.00000000   18.56048696
 5100.00000000   18.56020040
 5101.00000000   18.55991397
 5102.00000000   18.55962765
 5103.00000000   18.55934145
 5104.00000000   18.55905536
 5105.00000000   18.55876939
 5106.00000000   18.55848354
 5107.00000000   18.55819781
 5108.00000000   18.55791220
 5109.00000000   18.55762670
 5110.00000000   18.55734132
 5111.00000000   18.55705605
 5112.00000000   18.55677091
 5113.00000000   18.55648588
 5114.00000000   18.55620096
 5115.00000000   18.55591617
 5116.00000000   18.55563149
 5117.00000000   18.55534692
 5118.00000000   18.55506248
 5119.00000000   18.55477815
 5120.00000000   18.55449393
 5121.00000000   18.55420983
 5122.00000000   18.55392585
 5123.00000000   18.55364199
 5124.00000000   18.55335824
 5125.00000000   18.55307461
 5126.00000000   18.55279109
 5127.00000000   18.55250769
 5128.00000000   18.55222440
 5129.00000000   18.55194123
 5130.00000000   18.55165818
 5131.00000000   18.55137524
 5132.00000000   18.55109242
 5133.00000000   18.55080971
 5134.00000000   18.55052712
 5135.00000000   18.55024464
 5136.00000000   18.54996228
 5137.00000000   18.54968004
 5138.00000000   18.54939791
 5139.00000000   18.54911589
 5140.00000000   18.54883399
 5141.00000000   18.54855221
 5142.00000000   18.54827054
 5143.00000000   18.54798898
 5144.00000000   18.54770754
 5145.00000000   18.54742621
 5146.00000000   18.54714500
 5147.00000000   18.54686391
 5148.00000000   18.54658292
 5149.00000000   18.54630206
 5150.00000000   18.54602130
 5151.00000000   18.54574066
 5152.00000000   18.54546014
 5153.00000000   18.54517973
 5154.00000000   18.54489943
 5155.00000000   18.54461925
 5156.00000000   18.54433918
 5157.00000000   18.54405923
 5158.00000000   18.54377939
 5159.00000000   18.54349966
 5160.00000000   18.54322005
 5161.00000000   18.54294055
 5162.00000000   18.54266117
 5163.00000000   18.54238189
 5164.00000000   18.54210274
 5165.00000000   18.54182369
 5166.00000000   18.54154476
 5167.00000000   18.54126594
 5168.00000000   18.54098724
 5169.00000000   18.54070865
 5170.00000000   18.54043017
 5171.00000000   18.54015180
 5172.00000000   18.53987355
 5173.00000000   18.53959541
 5174.00000000   18.53931738
 5175.00000000   18.53903947
 5176.00000000   18.53876167
 5177.00000000   18.53848398
 5178.00000000   18.53820640
 5179.00000000   18.53792894
 5180.00000000   18.53765159
 5181.00000000   18.53737435
 5182.00000000   18.53709722
 5183.00000000   18.53682021
 5184.00000000   18.53654331
 5185.00000000   18.53626652
 5186.00000000   18.53598984
 5187.00000000   18.53571328
 5188.00000000   18.53543682
 5189.00000000   18.53516048
 5190.00000000   18.53488425
 5191.00000000   18.53460813
 5192.00000000   18.53433213
 5193.00000000   18.53405623
 5194.00000000   18.53378045
 5195.00000000   18.53350478
 5196.00000000   18.53322922
 5197.00000000   18.53295377
 5198.00000000   18.53267843
 5199.00000000   18.53240321
 5200.00000000   18.53212809
 5201.00000000   18.53185309
 5202.00000000   18.53157820
 5203.00000000   18.53130341
 5204.00000000   18.53102874
 5205.00000000   18.53075418
 5206.00000000   18.53047973
 5207.00000000   18.53020540
 5208.00000000   18.52993117
 5209.00000000   18.52965705
 5210.00000000   18.52938305
 5211.00000000   18.52910915
 5212.00000000   18.52883537
 5213.00000000   18.52856169
 5214.00000000   18.52828813
 5215.00000000   18.52801467
 5216.00000000   18.52774133
 5217.00000000   18.52746809
 5218.00000000   18.52719497
 5219.00000000   18.52692196
 5220.00000000   18.52664905
 5221.00000000   18.52637626
 5222.00000000   18.52610357
 5223.00000000   18.52583100
 5224.00000000   18.52555853
 5225.00000000   18.52528618
 5226.00000000   18.52501393
 5227.00000000   18.52474180
 5228.00000000   18.52446977
 5229.00000000   18.52419785
 5230.00000000   18.52392605
 5231.00000000   18.52365435
 5232.00000000   18.52338276
 5233.00000000   18.52311128
 5234.00000000   18.52283991
 5235.00000000   18.52256865
 5236.00000000   18.52229749
 5237.00000000   18.52202645
 5238.00000000   18.52175551
 5239.00000000   18.52148469
 5240.00000000   18.52121397
 5241.00000000   18.52094336
 5242.00000000   18.52067286
 5243.00000000   18.52040247
 5244.00000000   18.52013218
 5245.00000000   18.51986201
 5246.00000000   18.51959194
 5247.00000000   18.51932198
 5248.00000000   18.51905213
 5249.00000000   18.51878239
 5250.00000000   18.51851276
 5251.00000000   18.51824323
 5252.00000000   18.51797381
 5253.00000000   18.51770450
 5254.00000000   18.51743530
 5255.00000000   18.51716621
 5256.00000000   18.51689722
 5257.00000000   18.51662834
 5258.00000000   18.51635957
 5259.00000000   18.51609091
 5260.00000000   18.51582235
 5261.00000000   18.51555390
 5262.00000000   18.51528556
 5263.00000000   18.51501733
 5264.00000000   18.51474920
 5265.00000000   18.51448118
 5266.00000000   18.51421327
 5267.00000000   18.51394546
 5268.00000000   18.51367776
 5269.00000000   18.51341017
 5270.00000000   18.51314269
 5271.00000000   18.51287531
 5272.00000000   18.51260804
 5273.00000000   18.51234088
 5274.00000000   18.51207382
 5275.00000000   18.51180687
 5276.00000000   18.51154002
 5277.00000000   18.51127329
 5278.00000000   18.51100665
 5279.00000000   18.51074013
 5280.00000000   18.51047371
 5281.00000000   18.51020740
 5282.00000000   18.50994119
 5283.00000000   18.50967509
 5284.00000000   18.50940910
 5285.00000000   18.50914321
 5286.00000000   18.50887743
 5287.00000000   18.50861175
 5288.00000000   18.50834618
 5289.00000000   18.50808072
 5290.00000000   18.50781536
 5291.00000000   18.50755010
 5292.00000000   18.50728496
 5293.00000000   18.50701991
 5294.00000000   18.50675498
 5295.00000000   18.50649015
 5296.00000000   18.50622542
 5297.00000000   18.50596080
 5298.00000000   18.50569629
 5299.00000000   18.50543188
 5300.00000000   18.50516757
 5301.00000000   18.50490337
 5302.00000000   18.50463928
 5303.00000000   18.50437529
 5304.00000000   18.50411140
 5305.00000000   18.50384762
 5306.00000000   18.50358394
 5307.00000000   18.50332037
 5308.00000000   18.50305691
 5309.00000000   18.50279355
 5310.00000000   18.50253029
 5311.00000000   18.50226714
 5312.00000000   18.50200409
 5313.00000000   18.50174115
 5314.00000000   18.50147831
 5315.00000000   18.50121557
 5316.00000000   18.50095294
 5317.00000000   18.50069041
 5318.00000000   18.50042799
 5319.00000000   18.50016567
 5320.00000000   18.49990346
 5321.00000000   18.49964135
 5322.00000000   18.49937934
 5323.00000000   18.49911744
 5324.00000000   18.49885564
 5325.00000000   18.49859394
 5326.00000000   18.49833235
 5327.00000000   18.49807086
 5328.00000000   18.49780948
 5329.00000000   18.49754819
 5330.00000000   18.49728702
 5331.00000000   18.49702594
 5332.00000000   18.49676497
 5333.00000000   18.49650410
 5334.00000000   18.49624333
 5335.00000000   18.49598267
 5336.00000000   18.49572211
 5337.00000000   18.49546166
 5338.00000000   18.49520130
 5339.00000000   18.49494105
 5340.00000000   18.49468091
 5341.00000000   18.49442086
 5342.00000000   18.49416092
 5343.00000000   18.49390108
 5344.00000000   18.49364134
 5345.00000000   18.49338171
 5346.00000000   18.49312218
 5347.00000000   18.49286275
 5348.00000000   18.49260342
 5349.00000000   18.49234420
 5350.00000000   18.49208507
 5351.00000000   18.49182605
 5352.00000000   18.49156713
 5353.00000000   18.49130832
 5354.00000000   18.49104960
 5355.00000000   18.49079099
 5356.00000000   18.49053248
 5357.00000000   18.49027407
 5358.00000000   18.49001577
 5359.00000000   18.48975756
 5360.00000000   18.48949946
 5361.00000000   18.48924146
 5362.00000000   18.48898356
 5363.00000000   18.48872576
 5364.00000000   18.48846806
 5365.00000000   18.48821046
 5366.00000000   18.48795297
 5367.00000000   18.48769558
 5368.00000000   18.48743829
 5369.00000000   18.48718110
 5370.00000000   18.48692401
 5371.00000000   18.48666702
 5372.00000000   18.48641013
 5373.00000000   18.48615334
 5374.00000000   18.48589666
 5375.00000000   18.48564007
 5376.00000000   18.48538359
 5377.00000000   18.48512721
 5378.00000000   18.48487092
 5379.00000000   18.48461474
 5380.00000000   18.48435866
 5381.00000000   18.48410268
 5382.00000000   18.48384680
 5383.00000000   18.48359102
 5384.00000000   18.48333534
 5385.00000000   18.48307976
 5386.00000000   18.48282428
 5387.00000000   18.48256890
 5388.00000000   18.48231362
 5389.00000000   18.48205844
 5390.00000000   18.48180336
 5391.00000000   18.48154839
 5392.00000000   18.48129351
 5393.00000000   18.48103873
 5394.00000000   18.48078405
 5395.00000000   18.48052947
 5396.00000000   18.48027499
 5397.00000000   18.48002061
 5398.00000000   18.47976633
 5399.00000000   18.47951215
 5400.00000000   18.47925807
 5401.00000000   18.47900408
 5402.00000000   18.47875020
 5403.00000000   18.47849642
 5404.00000000   18.47824273
 5405.00000000   18.47798915
 5406.00000000   18.47773566
 5407.00000000   18.47748227
 5408.00000000   18.47722899
 5409.00000000   18.47697580
 5410.00000000   18.47672271
 5411.00000000   18.47646972
 5412.00000000   18.47621682
 5413.00000000   18.47596403
 5414.00000000   18.47571134
 5415.00000000   18.47545874
 5416.00000000   18.47520624
 5417.00000000   18.47495384
 5418.00000000   18.47470154
 5419.00000000   18.47444934
 5420.00000000   18.47419724
 5421.00000000   18.47394523
 5422.00000000   18.47369332
 5423.00000000   18.47344151
 5424.00000000   18.47318980
 5425.00000000   18.47293819
 5426.00000000   18.47268668
 5427.00000000   18.47243526
 5428.00000000   18.47218394
 5429.00000000   18.47193272
 5430.00000000   18.47168160
 5431.00000000   18.47143057
 5432.00000000   18.47117964
 5433.00000000   18.47092881
 5434.00000000   18.47067808
 5435.00000000   18.47042745
 5436.00000000   18.47017691
 5437.00000000   18.46992647
 5438.00000000   18.46967613
 5439.00000000   18.46942588
 5440.00000000   18.46917574
 5441.00000000   18.46892569
 5442.00000000   18.46867573
 5443.00000000   18.46842588
 5444.00000000   18.46817612
 5445.00000000   18.46792646
 5446.00000000   18.46767689
 5447.00000000   18.46742742
 5448.00000000   18.46717805
 5449.00000000   18.46692878
 5450.00000000   18.46667960
 5451.00000000   18.46643052
 5452.00000000   18.46618154
 5453.00000000   18.46593265
 5454.00000000   18.46568386
 5455.00000000   18.46543516
 5456.00000000   18.46518656
 5457.00000000   18.46493806
 5458.00000000   18.46468966
 5459.00000000   18.46444135
 5460.00000000   18.46419314
 5461.00000000   18.46394502
 5462.00000000   18.46369700
 5463.00000000   18.46344908
 5464.00000000   18.46320125
 5465.00000000   18.46295352
 5466.00000000   18.46270588
 5467.00000000   18.46245834
 5468.00000000   18.46221090
 5469.00000000   18.46196355
 5470.00000000   18.46171629
 5471.00000000   18.46146914
 5472.00000000   18.46122208
 5473.00000000   18.46097511
 5474.00000000   18.46072824
 5475.00000000   18.46048146
 5476.00000000   18.46023478
 5477.00000000   18.45998820
 5478.00000000   18.45974171
 5479.00000000   18.45949532
 5480.00000000   18.45924902
 5481.00000000   18.45900282
 5482.00000000   18.45875671
 5483.00000000   18.45851069
 5484.00000000   18.45826478
 5485.00000000   18.45801895
 5486.00000000   18.45777322
 5487.00000000   18.45752759
 5488.00000000   18.45728205
 5489.00000000   18.45703661
 5490.00000000   18.45679126
 5491.00000000   18.45654601
 5492.00000000   18.45630085
 5493.00000000   18.45605578
 5494.00000000   18.45581081
 5495.00000000   18.45556593
 5496.00000000   18.45532115
 5497.00000000   18.45507646
 5498.00000000   18.45483187
 5499.00000000   18.45458737
 5500.00000000   18.45434296
 5501.00000000   18.45409865
 5502.00000000   18.45385444
 5503.00000000   18.45361031
 5504.00000000   18.45336629
 5505.00000000   18.45312235
 5506.00000000   18.45287851
 5507.00000000   18.45263476
 5508.00000000   18.45239111
 5509.00000000   18.45214755
 5510.00000000   18.45190408
 5511.00000000   18.45166071
 5512.00000000   18.45141743
 5513.00000000   18.45117425
 5514.00000000   18.45093115
 5515.00000000   18.45068816
 5516.00000000   18.45044525
 5517.00000000   18.45020244
 5518.00000000   18.44995972
 5519.00000000   18.44971710
 5520.00000000   18.44947456
 5521.00000000   18.44923212
 5522.00000000   18.44898978
 5523.00000000   18.44874753
 5524.00000000   18.44850537
 5525.00000000   18.44826330
 5526.00000000   18.44802132
 5527.00000000   18.44777944
 5528.00000000   18.44753766
 5529.00000000   18.44729596
 5530.00000000   18.44705436
 5531.00000000   18.44681285
 5532.00000000   18.44657143
 5533.00000000   18.44633010
 5534.00000000   18.44608887
 5535.00000000   18.44584773
 5536.00000000   18.44560668
 5537.00000000   18.44536572
 5538.00000000   18.44512486
 5539.00000000   18.44488409
 5540.00000000   18.44464341
 5541.00000000   18.44440282
 5542.00000000   18.44416233
 5543.00000000   18.44392193
 5544.00000000   18.44368161
 5545.00000000   18.44344140
 5546.00000000   18.44320127
 5547.00000000   18.44296123
 5548.00000000   18.44272129
 5549.00000000   18.44248144
 5550.00000000   18.44224168
 5551.00000000   18.44200201
 5552.00000000   18.44176243
 5553.00000000   18.44152295
 5554.00000000   18.44128355
 5555.00000000   18.44104425
 5556.00000000   18.44080504
 5557.00000000   18.44056592
 5558.00000000   18.44032689
 5559.00000000   18.44008795
 5560.00000000   18.43984911
 5561.00000000   18.43961035
 5562.00000000   18.43937169
 5563.00000000   18.43913312
 5564.00000000   18.43889463
 5565.00000000   18.43865624
 5566.00000000   18.43841794
 5567.00000000   18.43817973
 5568.00000000   18.43794161
 5569.00000000   18.43770359
 5570.00000000   18.43746565
 5571.00000000   18.43722780
 5572.00000000   18.43699005
 5573.00000000   18.43675238
 5574.00000000   18.43651481
 5575.00000000   18.43627732
 5576.00000000   18.43603993
 5577.00000000   18.43580263
 5578.00000000   18.43556541
 5579.00000000   18.43532829
 5580.00000000   18.43509126
 5581.00000000   18.43485432
 5582.00000000   18.43461746
 5583.00000000   18.43438070
 5584.00000000   18.43414403
 5585.00000000   18.43390745
 5586.00000000   18.43367095
 5587.00000000   18.43343455
 5588.00000000   18.43319824
 5589.00000000   18.43296202
 5590.00000000   18.43272588
 5591.00000000   18.43248984
 5592.00000000   18.43225389
 5593.00000000   18.43201802
 5594.00000000   18.43178225
 5595.00000000   18.43154656
 5596.00000000   18.43131097
 5597.00000000   18.43107546
 5598.00000000   18.43084004
 5599.00000000   18.43060472
 5600.00000000   18.43036948
 5601.00000000   18.43013433
 5602.00000000   18.42989927
 5603.00000000   18.42966430
 5604.00000000   18.42942941
 5605.00000000   18.42919462
 5606.00000000   18.42895992
 5607.00000000   18.42872530
 5608.00000000   18.42849078
 5609.00000000   18.42825634
 5610.00000000   18.42802199
 5611.00000000   18.42778773
 5612.00000000   18.42755356
 5613.00000000   18.42731948
 5614.00000000   18.42708548
 5615.00000000   18.42685158
 5616.00000000   18.42661776
 5617.00000000   18.42638403
 5618.00000000   18.42615039
 5619.00000000   18.42591684
 5620.00000000   18.42568338
 5621.00000000   18.42545000
 5622.00000000   18.42521672
 5623.00000000   18.42498352
 5624.00000000   18.42475041
 5625.00000000   18.42451738
 5626.00000000   18.42428445
 5627.00000000   18.42405160
 5628.00000000   18.42381885
 5629.00000000   18.42358617
 5630.00000000   18.42335359
 5631.00000000   18.42312110
 5632.00000000   18.42288869
 5633.00000000   18.42265637
 5634.00000000   18.42242414
 5635.00000000   18.42219199
 5636.00000000   18.42195994
 5637.00000000   18.42172797
 5638.00000000   18.42149609
 5639.00000000   18.42126429
 5640.00000000   18.42103259
 5641.00000000   18.42080097
 5642.00000000   18.42056943
 5643.00000000   18.42033799
 5644.00000000   18.42010663
 5645.00000000   18.41987536
 5646.00000000   18.41964418
 5647.00000000   18.41941308
 5648.00000000   18.41918207
 5649.00000000   18.41895115
 5650.00000000   18.41872031
 5651.00000000   18.41848956
 5652.00000000   18.41825890
 5653.00000000   18.41802833
 5654.00000000   18.41779784
 5655.00000000   18.41756743
 5656.00000000   18.41733712
 5657.00000000   18.41710689
 5658.00000000   18.41687675
 5659.00000000   18.41664669
 5660.00000000   18.41641672
 5661.00000000   18.41618684
 5662.00000000   18.41595705
 5663.00000000   18.41572734
 5664.00000000   18.41549771
 5665.00000000   18.41526817
 5666.00000000   18.41503872
 5667.00000000   18.41480936
 5668.00000000   18.41458008
 5669.00000000   18.41435089
 5670.00000000   18.41412178
 5671.00000000   18.41389276
 5672.00000000   18.41366382
 5673.00000000   18.41343497
 5674.00000000   18.41320621
 5675.00000000   18.41297753
 5676.00000000   18.41274894
 5677.00000000   18.41252043
 5678.00000000   18.41229201
 5679.00000000   18.41206368
 5680.00000000   18.41183543
 5681.00000000   18.41160726
 5682.00000000   18.41137919
 5683.00000000   18.41115119
 5684.00000000   18.41092328
 5685.00000000   18.41069546
 5686.00000000   18.41046772
 5687.00000000   18.41024007
 5688.00000000   18.41001251
 5689.00000000   18.40978502
 5690.00000000   18.40955763
 5691.00000000   18.40933032
 5692.00000000   18.40910309
 5693.00000000   18.40887595
 5694.00000000   18.40864889
 5695.00000000   18.40842192
 5696.00000000   18.40819503
 5697.00000000   18.40796823
 5698.00000000   18.40774151
 5699.00000000   18.40751488
 5700.00000000   18.40728833
 5701.00000000   18.40706187
 5702.00000000   18.40683549
 5703.00000000   18.40660920
 5704.00000000   18.40638299
 5705.00000000   18.40615686
 5706.00000000   18.40593082
 5707.00000000   18.40570486
 5708.00000000   18.40547899
 5709.00000000   18.40525320
 5710.00000000   18.40502750
 5711.00000000   18.40480188
 5712.00000000   18.40457634
 5713.00000000   18.40435089
 5714.00000000   18.40412552
 5715.00000000   18.40390024
 5716.00000000   18.40367504
 5717.00000000   18.40344993
 5718.00000000   18.40322489
 5719.00000000   18.40299995
 5720.00000000   18.40277508
 5721.00000000   18.40255030
 5722.00000000   18.40232560
 5723.00000000   18.40210099
 5724.00000000   18.40187646
 5725.00000000   18.40165201
 5726.00000000   18.40142765
 5727.00000000   18.40120337
 5728.00000000   18.40097918
 5729.00000000   18.40075506
 5730.00000000   18.40053104
 5731.00000000   18.40030709
 5732.00000000   18.40008323
 5733.00000000   18.39985945
 5734.00000000   18.39963575
 5735.00000000   18.39941214
 5736.00000000   18.39918861
 5737.00000000   18.39896516
 5738.00000000   18.39874180
 5739.00000000   18.39851852
 5740.00000000   18.39829532
 5741.00000000   18.39807220
 5742.00000000   18.39784917
 5743.00000000   18.39762622
 5744.00000000   18.39740335
 5745.00000000   18.39718057
 5746.00000000   18.39695787
 5747.00000000   18.39673525
 5748.00000000   18.39651271
 5749.00000000   18.39629026
 5750.00000000   18.39606789
 5751.00000000   18.39584560
 5752.00000000   18.39562339
 5753.00000000   18.39540127
 5754.00000000   18.39517922
 5755.00000000   18.39495726
 5756.00000000   18.39473539
 5757.00000000   18.39451359
 5758.00000000   18.39429188
 5759.00000000   18.39407025
 5760.00000000   18.39384870
 5761.00000000   18.39362723
 5762.00000000   18.39340585
 5763.00000000   18.39318454
 5764.00000000   18.39296332
 5765.00000000   18.39274218
 5766.00000000   18.39252112
 5767.00000000   18.39230015
 5768.00000000   18.39207925
 5769.00000000   18.39185844
 5770.00000000   18.39163771
 5771.00000000   18.39141706
 5772.00000000   18.39119649
 5773.00000000   18.39097600
 5774.00000000   18.39075560
 5775.00000000   18.39053527
 5776.00000000   18.39031503
 5777.00000000   18.39009487
 5778.00000000   18.38987479
 5779.00000000   18.38965479
 5780.00000000   18.38943487
 5781.00000000   18.38921504
 5782.00000000   18.38899528
 5783.00000000   18.38877561
 5784.00000000   18.38855601
 5785.00000000   18.38833650
 5786.00000000   18.38811707
 5787.00000000   18.38789772
 5788.00000000   18.38767845
 5789.00000000   18.38745926
 5790.00000000   18.38724015
 5791.00000000   18.38702113
 5792.00000000   18.38680218
 5793.00000000   18.38658331
 5794.00000000   18.38636453
 5795.00000000   18.38614582
 5796.00000000   18.38592720
 5797.00000000   18.38570866
 5798.00000000   18.38549019
 5799.00000000   18.38527181
 5800.00000000   18.38505351
 5801.00000000   18.38483528
 5802.00000000   18.38461714
 5803.00000000   18.38439908
 5804.00000000   18.38418110
 5805.00000000   18.38396320
 5806.00000000   18.38374538
 5807.00000000   18.38352763
 5808.00000000   18.38330997
 5809.00000000   18.38309239
 5810.00000000   18.38287489
 5811.00000000   18.38265747
 5812.00000000   18.38244013
 5813.00000000   18.38222287
 5814.00000000   18.38200568
 5815.00000000   18.38178858
 5816.00000000   18.38157156
 5817.00000000   18.38135462
 5818.00000000   18.38113775
 5819.00000000   18.38092097
 5820.00000000   18.38070426
 5821.00000000   18.38048764
 5822.00000000   18.38027109
 5823.00000000   18.38005463
 5824.00000000   18.37983824
 5825.00000000   18.37962193
 5826.00000000   18.37940570
 5827.00000000   18.37918956
 5828.00000000   18.37897349
 5829.00000000   18.37875750
 5830.00000000   18.37854158
 5831.00000000   18.37832575
 5832.00000000   18.37811000
 5833.00000000   18.37789432
 5834.00000000   18.37767873
 5835.00000000   18.37746321
 5836.00000000   18.37724777
 5837.00000000   18.37703242
 5838.00000000   18.37681714
 5839.00000000   18.37660193
 5840.00000000   18.37638681
 5841.00000000   18.37617177
 5842.00000000   18.37595680
 5843.00000000   18.37574192
 5844.00000000   18.37552711
 5845.00000000   18.37531238
 5846.00000000   18.37509773
 5847.00000000   18.37488315
 5848.00000000   18.37466866
 5849.00000000   18.37445424
 5850.00000000   18.37423991
 5851.00000000   18.37402565
 5852.00000000   18.37381146
 5853.00000000   18.37359736
 5854.00000000   18.37338334
 5855.00000000   18.37316939
 5856.00000000   18.37295552
 5857.00000000   18.37274173
 5858.00000000   18.37252802
 5859.00000000   18.37231438
 5860.00000000   18.37210082
 5861.00000000   18.37188735
 5862.00000000   18.37167394
 5863.00000000   18.37146062
 5864.00000000   18.37124738
 5865.00000000   18.37103421
 5866.00000000   18.37082112
 5867.00000000   18.37060810
 5868.00000000   18.37039517
 5869.00000000   18.37018231
 5870.00000000   18.36996953
 5871.00000000   18.36975683
 5872.00000000   18.36954420
 5873.00000000   18.36933165
 5874.00000000   18.36911918
 5875.00000000   18.36890679
 5876.00000000   18.36869447
 5877.00000000   18.36848224
 5878.00000000   18.36827007
 5879.00000000   18.36805799
 5880.00000000   18.36784598
 5881.00000000   18.36763405
 5882.00000000   18.36742220
 5883.00000000   18.36721042
 5884.00000000   18.36699872
 5885.00000000   18.36678710
 5886.00000000   18.36657555
 5887.00000000   18.36636409
 5888.00000000   18.36615269
 5889.00000000   18.36594138
 5890.00000000   18.36573014
 5891.00000000   18.36551898
 5892.00000000   18.36530789
 5893.00000000   18.36509688
 5894.00000000   18.36488595
 5895.00000000   18.36467510
 5896.00000000   18.36446432
 5897.00000000   18.36425362
 5898.00000000   18.36404299
 5899.00000000   18.36383244
 5900.00000000   18.36362197
 5901.00000000   18.36341157
 5902.00000000   18.36320125
 5903.00000000   18.36299100
 5904.00000000   18.36278083
 5905.00000000   18.36257074
 5906.00000000   18.36236072
 5907.00000000   18.36215078
 5908.00000000   18.36194092
 5909.00000000   18.36173113
 5910.00000000   18.36152142
 5911.00000000   18.36131178
 5912.00000000   18.36110222
 5913.00000000   18.36089274
 5914.00000000   18.36068333
 5915.00000000   18.36047399
 5916.00000000   18.36026474
 5917.00000000   18.36005555
 5918.00000000   18.35984645
 5919.00000000   18.35963742
 5920.00000000   18.35942846
 5921.00000000   18.35921958
 5922.00000000   18.35901078
 5923.00000000   18.35880205
 5924.00000000   18.35859339
 5925.00000000   18.35838482
 5926.00000000   18.35817631
 5927.00000000   18.35796789
 5928.00000000   18.35775953
 5929.00000000   18.35755126
 5930.00000000   18.35734305
 5931.00000000   18.35713493
 5932.00000000   18.35692688
 5933.00000000   18.35671890
 5934.00000000   18.35651100
 5935.00000000   18.35630317
 5936.00000000   18.35609542
 5937.00000000   18.35588774
 5938.00000000   18.35568014
 5939.00000000   18.35547261
 5940.00000000   18.35526516
 5941.00000000   18.35505778
 5942.00000000   18.35485048
 5943.00000000   18.35464325
 5944.00000000   18.35443610
 5945.00000000   18.35422902
 5946.00000000   18.35402201
 5947.00000000   18.35381508
 5948.00000000   18.35360823
 5949.00000000   18.35340145
 5950.00000000   18.35319474
 5951.00000000   18.35298811
 5952.00000000   18.35278155
 5953.00000000   18.35257507
 5954.00000000   18.35236866
 5955.00000000   18.35216232
 5956.00000000   18.35195606
 5957.00000000   18.35174987
 5958.00000000   18.35154376
 5959.00000000   18.35133772
 5960.00000000   18.35113176
 5961.00000000   18.35092586
 5962.00000000   18.35072005
 5963.00000000   18.35051430
 5964.00000000   18.35030864
 5965.00000000   18.35010304
 5966.00000000   18.34989752
 5967.00000000   18.34969207
 5968.00000000   18.34948670
 5969.00000000   18.34928140
 5970.00000000   18.34907617
 5971.00000000   18.34887102
 5972.00000000   18.34866594
 5973.00000000   18.34846093
 5974.00000000   18.34825600
 5975.00000000   18.34805114
 5976.00000000   18.34784636
 5977.00000000   18.34764164
 5978.00000000   18.34743700
 5979.00000000   18.34723244
 5980.00000000   18.34702795
 5981.00000000   18.34682353
 5982.00000000   18.34661918
 5983.00000000   18.34641491
 5984.00000000   18.34621071
 5985.00000000   18.34600658
 5986.00000000   18.34580253
 5987.00000000   18.34559855
 5988.00000000   18.34539464
 5989.00000000   18.34519081
 5990.00000000   18.34498705
 5991.00000000   18.34478336
 5992.00000000   18.34457974
 5993.00000000   18.34437620
 5994.00000000   18.34417273
 5995.00000000   18.34396933
 5996.00000000   18.34376601
 5997.00000000   18.34356276
 5998.00000000   18.34335958
 5999.00000000   18.34315647
 6000.00000000   18.34295344
 6001.00000000   18.34275047
 6002.00000000   18.34254758
 6003.00000000   18.34234477
 6004.00000000   18.34214202
 6005.00000000   18.34193935
 6006.00000000   18.34173675
 6007.00000000   18.34153422
 6008.00000000   18.34133177
 6009.00000000   18.34112939
 6010.00000000   18.34092708
 6011.00000000   18.34072484
 6012.00000000   18.34052267
 6013.00000000   18.34032058
 6014.00000000   18.34011855
 6015.00000000   18.33991660
 6016.00000000   18.33971472
 6017.00000000   18.33951292
 6018.00000000   18.33931118
 6019.00000000   18.33910952
 6020.00000000   18.33890793
 6021.00000000   18.33870641
 6022.00000000   18.33850496
 6023.00000000   18.33830359
 6024.00000000   18.33810228
 6025.00000000   18.33790105
 6026.00000000   18.33769989
 6027.00000000   18.33749880
 6028.00000000   18.33729778
 6029.00000000   18.33709684
 6030.00000000   18.33689596
 6031.00000000   18.33669516
 6032.00000000   18.33649443
 6033.00000000   18.33629377
 6034.00000000   18.33609318
 6035.00000000   18.33589266
 6036.00000000   18.33569221
 6037.00000000   18.33549184
 6038.00000000   18.33529153
 6039.00000000   18.33509130
 6040.00000000   18.33489114
 6041.00000000   18.33469105
 6042.00000000   18.33449103
 6043.00000000   18.33429108
 6044.00000000   18.33409120
 6045.00000000   18.33389139
 6046.00000000   18.33369166
 6047.00000000   18.33349199
 6048.00000000   18.33329240
 6049.00000000   18.33309287
 6050.00000000   18.33289342
 6051.00000000   18.33269404
 6052.00000000   18.33249472
 6053.00000000   18.33229548
 6054.00000000   18.33209631
 6055.00000000   18.33189721
 6056.00000000   18.33169818
 6057.00000000   18.33149923
 6058.00000000   18.33130034
 6059.00000000   18.33110152
 6060.00000000   18.33090277
 6061.00000000   18.33070409
 6062.00000000   18.33050549
 6063.00000000   18.33030695
 6064.00000000   18.33010849
 6065.00000000   18.32991009
 6066.00000000   18.32971176
 6067.00000000   18.32951351
 6068.00000000   18.32931532
 6069.00000000   18.32911721
 6070.00000000   18.32891916
 6071.00000000   18.32872119
 6072.00000000   18.32852328
 6073.00000000   18.32832544
 6074.00000000   18.32812768
 6075.00000000   18.32792998
 6076.00000000   18.32773236
 6077.00000000   18.32753480
 6078.00000000   18.32733732
 6079.00000000   18.32713990
 6080.00000000   18.32694255
 6081.00000000   18.32674527
 6082.00000000   18.32654807
 6083.00000000   18.32635093
 6084.00000000   18.32615386
 6085.00000000   18.32595686
 6086.00000000   18.32575993
 6087.00000000   18.32556307
 6088.00000000   18.32536628
 6089.00000000   18.32516956
 6090.00000000   18.32497291
 6091.00000000   18.32477633
 6092.00000000   18.32457981
 6093.00000000   18.32438337
 6094.00000000   18.32418699
 6095.00000000   18.32399069
 6096.00000000   18.32379445
 6097.00000000   18.32359828
 6098.00000000   18.32340219
 6099.00000000   18.32320616
 6100.00000000   18.32301020
 6101.00000000   18.32281431
 6102.00000000   18.32261848
 6103.00000000   18.32242273
 6104.00000000   18.32222705
 6105.00000000   18.32203143
 6106.00000000   18.32183588
 6107.00000000   18.32164041
 6108.00000000   18.32144500
 6109.00000000   18.32124966
 6110.00000000   18.32105438
 6111.00000000   18.32085918
 6112.00000000   18.32066405
 6113.00000000   18.32046898
 6114.00000000   18.32027398
 6115.00000000   18.32007905
 6116.00000000   18.31988419
 6117.00000000   18.31968940
 6118.00000000   18.31949468
 6119.00000000   18.31930002
 6120.00000000   18.31910543
 6121.00000000   18.31891091
 6122.00000000   18.31871646
 6123.00000000   18.31852208
 6124.00000000   18.31832777
 6125.00000000   18.31813352
 6126.00000000   18.31793934
 6127.00000000   18.31774523
 6128.00000000   18.31755119
 6129.00000000   18.31735722
 6130.00000000   18.31716331
 6131.00000000   18.31696947
 6132.00000000   18.31677570
 6133.00000000   18.31658200
 6134.00000000   18.31638837
 6135.00000000   18.31619480
 6136.00000000   18.31600130
 6137.00000000   18.31580787
 6138.00000000   18.31561451
 6139.00000000   18.31542122
 6140.00000000   18.31522799
 6141.00000000   18.31503483
 6142.00000000   18.31484174
 6143.00000000   18.31464871
 6144.00000000   18.31445575
 6145.00000000   18.31426286
 6146.00000000   18.31407004
 6147.00000000   18.31387729
 6148.00000000   18.31368460
 6149.00000000   18.31349198
 6150.00000000   18.31329942
 6151.00000000   18.31310694
 6152.00000000   18.31291452
 6153.00000000   18.31272217
 6154.00000000   18.31252989
 6155.00000000   18.31233767
 6156.00000000   18.31214552
 6157.00000000   18.31195344
 6158.00000000   18.31176142
 6159.00000000   18.31156947
 6160.00000000   18.31137759
 6161.00000000   18.31118578
 6162.00000000   18.31099403
 6163.00000000   18.31080235
 6164.00000000   18.31061073
 6165.00000000   18.31041919
 6166.00000000   18.31022771
 6167.00000000   18.31003629
 6168.00000000   18.30984495
 6169.00000000   18.30965367
 6170.00000000   18.30946245
 6171.00000000   18.30927131
 6172.00000000   18.30908023
 6173.00000000   18.30888921
 6174.00000000   18.30869827
 6175.00000000   18.30850739
 6176.00000000   18.30831657
 6177.00000000   18.30812582
 6178.00000000   18.30793514
 6179.00000000   18.30774453
 6180.00000000   18.30755398
 6181.00000000   18.30736350
 6182.00000000   18.30717308
 6183.00000000   18.30698273
 6184.00000000   18.30679245
 6185.00000000   18.30660223
 6186.00000000   18.30641208
 6187.00000000   18.30622199
 6188.00000000   18.30603198
 6189.00000000   18.30584202
 6190.00000000   18.30565214
 6191.00000000   18.30546231
 6192.00000000   18.30527256
 6193.00000000   18.30508287
 6194.00000000   18.30489325
 6195.00000000   18.30470369
 6196.00000000   18.30451420
 6197.00000000   18.30432477
 6198.00000000   18.30413541
 6199.00000000   18.30394612
 6200.00000000   18.30375689
 6201.00000000   18.30356773
 6202.00000000   18.30337863
 6203.00000000   18.30318960
 6204.00000000   18.30300063
 6205.00000000   18.30281173
 6206.00000000   18.30262290
 6207.00000000   18.30243413
 6208.00000000   18.30224542
 6209.00000000   18.30205678
 6210.00000000   18.30186821
 6211.00000000   18.30167970
 6212.00000000   18.30149126
 6213.00000000   18.30130288
 6214.00000000   18.30111457
 6215.00000000   18.30092632
 6216.00000000   18.30073814
 6217.00000000   18.30055002
 6218.00000000   18.30036197
 6219.00000000   18.30017398
 6220.00000000   18.29998606
 6221.00000000   18.29979821
 6222.00000000   18.29961042
 6223.00000000   18.29942269
 6224.00000000   18.29923503
 6225.00000000   18.29904743
 6226.00000000   18.29885990
 6227.00000000   18.29867243
 6228.00000000   18.29848503
 6229.00000000   18.29829769
 6230.00000000   18.29811042
 6231.00000000   18.29792321
 6232.00000000   18.29773607
 6233.00000000   18.29754899
 6234.00000000   18.29736198
 6235.00000000   18.29717503
 6236.00000000   18.29698814
 6237.00000000   18.29680132
 6238.00000000   18.29661456
 6239.00000000   18.29642787
 6240.00000000   18.29624125
 6241.00000000   18.29605468
 6242.00000000   18.29586818
 6243.00000000   18.29568175
 6244.00000000   18.29549538
 6245.00000000   18.29530908
 6246.00000000   18.29512283
 6247.00000000   18.29493666
 6248.00000000   18.29475054
 6249.00000000   18.29456450
 6250.00000000   18.29437851
 6251.00000000   18.29419259
 6252.00000000   18.29400673
 6253.00000000   18.29382094
 6254.00000000   18.29363521
 6255.00000000   18.29344955
 6256.00000000   18.29326395
 6257.00000000   18.29307841
 6258.00000000   18.29289294
 6259.00000000   18.29270753
 6260.00000000   18.29252218
 6261.00000000   18.29233690
 6262.00000000   18.29215169
 6263.00000000   18.29196653
 6264.00000000   18.29178144
 6265.00000000   18.29159641
 6266.00000000   18.29141145
 6267.00000000   18.29122655
 6268.00000000   18.29104172
 6269.00000000   18.29085694
 6270.00000000   18.29067223
 6271.00000000   18.29048759
 6272.00000000   18.29030301
 6273.00000000   18.29011849
 6274.00000000   18.28993403
 6275.00000000   18.28974964
 6276.00000000   18.28956531
 6277.00000000   18.28938105
 6278.00000000   18.28919684
 6279.00000000   18.28901271
 6280.00000000   18.28882863
 6281.00000000   18.28864462
 6282.00000000   18.28846067
 6283.00000000   18.28827678
 6284.00000000   18.28809296
 6285.00000000   18.28790920
 6286.00000000   18.28772550
 6287.00000000   18.28754187
 6288.00000000   18.28735829
 6289.00000000   18.28717479
 6290.00000000   18.28699134
 6291.00000000   18.28680796
 6292.00000000   18.28662464
 6293.00000000   18.28644138
 6294.00000000   18.28625819
 6295.00000000   18.28607505
 6296.00000000   18.28589199
 6297.00000000   18.28570898
 6298.00000000   18.28552604
 6299.00000000   18.28534315
 6300.00000000   18.28516034
 6301.00000000   18.28497758
 6302.00000000   18.28479489
 6303.00000000   18.28461226
 6304.00000000   18.28442969
 6305.00000000   18.28424718
 6306.00000000   18.28406474
 6307.00000000   18.28388236
 6308.00000000   18.28370004
 6309.00000000   18.28351778
 6310.00000000   18.28333559
 6311.00000000   18.28315345
 6312.00000000   18.28297138
 6313.00000000   18.28278938
 6314.00000000   18.28260743
 6315.00000000   18.28242555
 6316.00000000   18.28224373
 6317.00000000   18.28206197
 6318.00000000   18.28188027
 6319.00000000   18.28169863
 6320.00000000   18.28151706
 6321.00000000   18.28133555
 6322.00000000   18.28115410
 6323.00000000   18.28097271
 6324.00000000   18.28079139
 6325.00000000   18.28061012
 6326.00000000   18.28042892
 6327.00000000   18.28024778
 6328.00000000   18.28006670
 6329.00000000   18.27988568
 6330.00000000   18.27970473
 6331.00000000   18.27952384
 6332.00000000   18.27934300
 6333.00000000   18.27916223
 6334.00000000   18.27898153
 6335.00000000   18.27880088
 6336.00000000   18.27862029
 6337.00000000   18.27843977
 6338.00000000   18.27825931
 6339.00000000   18.27807890
 6340.00000000   18.27789856
 6341.00000000   18.27771828
 6342.00000000   18.27753807
 6343.00000000   18.27735791
 6344.00000000   18.27717782
 6345.00000000   18.27699778
 6346.00000000   18.27681781
 6347.00000000   18.27663790
 6348.00000000   18.27645805
 6349.00000000   18.27627826
 6350.00000000   18.27609853
 6351.00000000   18.27591887
 6352.00000000   18.27573926
 6353.00000000   18.27555972
 6354.00000000   18.27538023
 6355.00000000   18.27520081
 6356.00000000   18.27502145
 6357.00000000   18.27484215
 6358.00000000   18.27466291
 6359.00000000   18.27448373
 6360.00000000   18.27430461
 6361.00000000   18.27412555
 6362.00000000   18.27394655
 6363.00000000   18.27376762
 6364.00000000   18.27358874
 6365.00000000   18.27340993
 6366.00000000   18.27323117
 6367.00000000   18.27305248
 6368.00000000   18.27287384
 6369.00000000   18.27269527
 6370.00000000   18.27251676
 6371.00000000   18.27233831
 6372.00000000   18.27215992
 6373.00000000   18.27198159
 6374.00000000   18.27180331
 6375.00000000   18.27162510
 6376.00000000   18.27144695
 6377.00000000   18.27126887
 6378.00000000   18.27109084
 6379.00000000   18.27091287
 6380.00000000   18.27073496
 6381.00000000   18.27055711
 6382.00000000   18.27037932
 6383.00000000   18.27020159
 6384.00000000   18.27002393
 6385.00000000   18.26984632
 6386.00000000   18.26966877
 6387.00000000   18.26949128
 6388.00000000   18.26931385
 6389.00000000   18.26913648
 6390.00000000   18.26895918
 6391.00000000   18.26878193
 6392.00000000   18.26860474
 6393.00000000   18.26842761
 6394.00000000   18.26825054
 6395.00000000   18.26807353
 6396.00000000   18.26789658
 6397.00000000   18.26771970
 6398.00000000   18.26754287
 6399.00000000   18.26736610
 6400.00000000   18.26718939
 6401.00000000   18.26701273
 6402.00000000   18.26683614
 6403.00000000   18.26665961
 6404.00000000   18.26648314
 6405.00000000   18.26630673
 6406.00000000   18.26613037
 6407.00000000   18.26595408
 6408.00000000   18.26577785
 6409.00000000   18.26560167
 6410.00000000   18.26542556
 6411.00000000   18.26524950
 6412.00000000   18.26507350
 6413.00000000   18.26489757
 6414.00000000   18.26472169
 6415.00000000   18.26454587
 6416.00000000   18.26437011
 6417.00000000   18.26419441
 6418.00000000   18.26401877
 6419.00000000   18.26384318
 6420.00000000   18.26366766
 6421.00000000   18.26349220
 6422.00000000   18.26331679
 6423.00000000   18.26314144
 6424.00000000   18.26296616
 6425.00000000   18.26279093
 6426.00000000   18.26261576
 6427.00000000   18.26244065
 6428.00000000   18.26226560
 6429.00000000   18.26209060
 6430.00000000   18.26191567
 6431.00000000   18.26174079
 6432.00000000   18.26156598
 6433.00000000   18.26139122
 6434.00000000   18.26121652
 6435.00000000   18.26104188
 6436.00000000   18.26086730
 6437.00000000   18.26069277
 6438.00000000   18.26051831
 6439.00000000   18.26034390
 6440.00000000   18.26016956
 6441.00000000   18.25999527
 6442.00000000   18.25982104
 6443.00000000   18.25964686
 6444.00000000   18.25947275
 6445.00000000   18.25929870
 6446.00000000   18.25912470
 6447.00000000   18.25895076
 6448.00000000   18.25877688
 6449.00000000   18.25860306
 6450.00000000   18.25842929
 6451.00000000   18.25825559
 6452.00000000   18.25808194
 6453.00000000   18.25790835
 6454.00000000   18.25773482
 6455.00000000   18.25756135
 6456.00000000   18.25738793
 6457.00000000   18.25721457
 6458.00000000   18.25704128
 6459.00000000   18.25686803
 6460.00000000   18.25669485
 6461.00000000   18.25652173
 6462.00000000   18.25634866
 6463.00000000   18.25617565
 6464.00000000   18.25600270
 6465.00000000   18.25582981
 6466.00000000   18.25565697
 6467.00000000   18.25548419
 6468.00000000   18.25531147
 6469.00000000   18.25513881
 6470.00000000   18.25496621
 6471.00000000   18.25479366
 6472.00000000   18.25462117
 6473.00000000   18.25444874
 6474.00000000   18.25427636
 6475.00000000   18.25410405
 6476.00000000   18.25393179
 6477.00000000   18.25375959
 6478.00000000   18.25358744
 6479.00000000   18.25341536
 6480.00000000   18.25324333
 6481.00000000   18.25307135
 6482.00000000   18.25289944
 6483.00000000   18.25272758
 6484.00000000   18.25255578
 6485.00000000   18.25238404
 6486.00000000   18.25221236
 6487.00000000   18.25204073
 6488.00000000   18.25186916
 6489.00000000   18.25169764
 6490.00000000   18.25152619
 6491.00000000   18.25135479
 6492.00000000   18.25118345
 6493.00000000   18.25101216
 6494.00000000   18.25084093
 6495.00000000   18.25066976
 6496.00000000   18.25049865
 6497.00000000   18.25032759
 6498.00000000   18.25015659
 6499.00000000   18.24998565
 6500.00000000   18.24981476
 6501.00000000   18.24964393
 6502.00000000   18.24947316
 6503.00000000   18.24930244
 6504.00000000   18.24913179
 6505.00000000   18.24896118
 6506.00000000   18.24879064
 6507.00000000   18.24862015
 6508.00000000   18.24844972
 6509.00000000   18.24827934
 6510.00000000   18.24810902
 6511.00000000   18.24793876
 6512.00000000   18.24776856
 6513.00000000   18.24759841
 6514.00000000   18.24742831
 6515.00000000   18.24725828
 6516.00000000   18.24708830
 6517.00000000   18.24691838
 6518.00000000   18.24674851
 6519.00000000   18.24657870
 6520.00000000   18.24640894
 6521.00000000   18.24623925
 6522.00000000   18.24606961
 6523.00000000   18.24590002
 6524.00000000   18.24573049
 6525.00000000   18.24556102
 6526.00000000   18.24539160
 6527.00000000   18.24522224
 6528.00000000   18.24505294
 6529.00000000   18.24488369
 6530.00000000   18.24471450
 6531.00000000   18.24454536
 6532.00000000   18.24437628
 6533.00000000   18.24420726
 6534.00000000   18.24403829
 6535.00000000   18.24386938
 6536.00000000   18.24370053
 6537.00000000   18.24353173
 6538.00000000   18.24336298
 6539.00000000   18.24319429
 6540.00000000   18.24302566
 6541.00000000   18.24285708
 6542.00000000   18.24268856
 6543.00000000   18.24252010
 6544.00000000   18.24235169
 6545.00000000   18.24218334
 6546.00000000   18.24201504
 6547.00000000   18.24184680
 6548.00000000   18.24167861
 6549.00000000   18.24151048
 6550.00000000   18.24134240
 6551.00000000   18.24117438
 6552.00000000   18.24100642
 6553.00000000   18.24083851
 6554.00000000   18.24067066
 6555.00000000   18.24050286
 6556.00000000   18.24033512
 6557.00000000   18.24016743
 6558.00000000   18.23999980
 6559.00000000   18.23983222
 6560.00000000   18.23966470
 6561.00000000   18.23949724
 6562.00000000   18.23932983
 6563.00000000   18.23916247
 6564.00000000   18.23899517
 6565.00000000   18.23882793
 6566.00000000   18.23866074
 6567.00000000   18.23849360
 6568.00000000   18.23832652
 6569.00000000   18.23815950
 6570.00000000   18.23799253
 6571.00000000   18.23782562
 6572.00000000   18.23765876
 6573.00000000   18.23749195
 6574.00000000   18.23732520
 6575.00000000   18.23715851
 6576.00000000   18.23699187
 6577.00000000   18.23682529
 6578.00000000   18.23665876
 6579.00000000   18.23649228
 6580.00000000   18.23632586
 6581.00000000   18.23615950
 6582.00000000   18.23599319
 6583.00000000   18.23582693
 6584.00000000   18.23566073
 6585.00000000   18.23549458
 6586.00000000   18.23532849
 6587.00000000   18.23516245
 6588.00000000   18.23499647
 6589.00000000   18.23483054
 6590.00000000   18.23466467
 6591.00000000   18.23449885
 6592.00000000   18.23433309
 6593.00000000   18.23416738
 6594.00000000   18.23400172
 6595.00000000   18.23383612
 6596.00000000   18.23367058
 6597.00000000   18.23350508
 6598.00000000   18.23333965
 6599.00000000   18.23317426
 6600.00000000   18.23300893
 6601.00000000   18.23284366
 6602.00000000   18.23267844
 6603.00000000   18.23251327
 6604.00000000   18.23234816
 6605.00000000   18.23218310
 6606.00000000   18.23201810
 6607.00000000   18.23185315
 6608.00000000   18.23168825
 6609.00000000   18.23152341
 6610.00000000   18.23135862
 6611.00000000   18.23119389
 6612.00000000   18.23102921
 6613.00000000   18.23086458
 6614.00000000   18.23070001
 6615.00000000   18.23053550
 6616.00000000   18.23037103
 6617.00000000   18.23020662
 6618.00000000   18.23004227
 6619.00000000   18.22987796
 6620.00000000   18.22971371
 6621.00000000   18.22954952
 6622.00000000   18.22938538
 6623.00000000   18.22922129
 6624.00000000   18.22905726
 6625.00000000   18.22889328
 6626.00000000   18.22872935
 6627.00000000   18.22856548
 6628.00000000   18.22840166
 6629.00000000   18.22823790
 6630.00000000   18.22807418
 6631.00000000   18.22791053
 6632.00000000   18.22774692
 6633.00000000   18.22758337
 6634.00000000   18.22741987
 6635.00000000   18.22725643
 6636.00000000   18.22709304
 6637.00000000   18.22692970
 6638.00000000   18.22676642
 6639.00000000   18.22660318
 6640.00000000   18.22644001
 6641.00000000   18.22627688
 6642.00000000   18.22611381
 6643.00000000   18.22595079
 6644.00000000   18.22578783
 6645.00000000   18.22562492
 6646.00000000   18.22546206
 6647.00000000   18.22529925
 6648.00000000   18.22513650
 6649.00000000   18.22497380
 6650.00000000   18.22481116
 6651.00000000   18.22464857
 6652.00000000   18.22448603
 6653.00000000   18.22432354
 6654.00000000   18.22416110
 6655.00000000   18.22399872
 6656.00000000   18.22383640
 6657.00000000   18.22367412
 6658.00000000   18.22351190
 6659.00000000   18.22334973
 6660.00000000   18.22318761
 6661.00000000   18.22302555
 6662.00000000   18.22286354
 6663.00000000   18.22270158
 6664.00000000   18.22253967
 6665.00000000   18.22237782
 6666.00000000   18.22221602
 6667.00000000   18.22205427
 6668.00000000   18.22189258
 6669.00000000   18.22173094
 6670.00000000   18.22156935
 6671.00000000   18.22140781
 6672.00000000   18.22124632
 6673.00000000   18.22108489
 6674.00000000   18.22092351
 6675.00000000   18.22076219
 6676.00000000   18.22060091
 6677.00000000   18.22043969
 6678.00000000   18.22027852
 6679.00000000   18.22011740
 6680.00000000   18.21995634
 6681.00000000   18.21979532
 6682.00000000   18.21963436
 6683.00000000   18.21947345
 6684.00000000   18.21931260
 6685.00000000   18.21915179
 6686.00000000   18.21899104
 6687.00000000   18.21883034
 6688.00000000   18.21866969
 6689.00000000   18.21850910
 6690.00000000   18.21834856
 6691.00000000   18.21818806
 6692.00000000   18.21802763
 6693.00000000   18.21786724
 6694.00000000   18.21770690
 6695.00000000   18.21754662
 6696.00000000   18.21738639
 6697.00000000   18.21722621
 6698.00000000   18.21706608
 6699.00000000   18.21690601
 6700.00000000   18.21674598
 6701.00000000   18.21658601
 6702.00000000   18.21642609
 6703.00000000   18.21626622
 6704.00000000   18.21610641
 6705.00000000   18.21594664
 6706.00000000   18.21578693
 6707.00000000   18.21562727
 6708.00000000   18.21546766
 6709.00000000   18.21530810
 6710.00000000   18.21514859
 6711.00000000   18.21498914
 6712.00000000   18.21482974
 6713.00000000   18.21467039
 6714.00000000   18.21451109
 6715.00000000   18.21435184
 6716.00000000   18.21419264
 6717.00000000   18.21403349
 6718.00000000   18.21387440
 6719.00000000   18.21371536
 6720.00000000   18.21355637
 6721.00000000   18.21339743
 6722.00000000   18.21323854
 6723.00000000   18.21307970
 6724.00000000   18.21292091
 6725.00000000   18.21276218
 6726.00000000   18.21260350
 6727.00000000   18.21244486
 6728.00000000   18.21228628
 6729.00000000   18.21212775
 6730.00000000   18.21196927
 6731.00000000   18.21181085
 6732.00000000   18.21165247
 6733.00000000   18.21149414
 6734.00000000   18.21133587
 6735.00000000   18.21117765
 6736.00000000   18.21101947
 6737.00000000   18.21086135
 6738.00000000   18.21070328
 6739.00000000   18.21054526
 6740.00000000   18.21038729
 6741.00000000   18.21022938
 6742.00000000   18.21007151
 6743.00000000   18.20991369
 6744.00000000   18.20975593
 6745.00000000   18.20959821
 6746.00000000   18.20944055
 6747.00000000   18.20928294
 6748.00000000   18.20912538
 6749.00000000   18.20896787
 6750.00000000   18.20881040
 6751.00000000   18.20865299
 6752.00000000   18.20849564
 6753.00000000   18.20833833
 6754.00000000   18.20818107
 6755.00000000   18.20802386
 6756.00000000   18.20786670
 6757.00000000   18.20770960
 6758.00000000   18.20755254
 6759.00000000   18.20739554
 6760.00000000   18.20723858
 6761.00000000   18.20708168
 6762.00000000   18.20692482
 6763.00000000   18.20676802
 6764.00000000   18.20661127
 6765.00000000   18.20645456
 6766.00000000   18.20629791
 6767.00000000   18.20614131
 6768.00000000   18.20598476
 6769.00000000   18.20582825
 6770.00000000   18.20567180
 6771.00000000   18.20551540
 6772.00000000   18.20535905
 6773.00000000   18.20520275
 6774.00000000   18.20504650
 6775.00000000   18.20489030
 6776.00000000   18.20473415
 6777.00000000   18.20457805
 6778.00000000   18.20442200
 6779.00000000   18.20426600
 6780.00000000   18.20411005
 6781.00000000   18.20395415
 6782.00000000   18.20379829
 6783.00000000   18.20364249
 6784.00000000   18.20348674
 6785.00000000   18.20333104
 6786.00000000   18.20317539
 6787.00000000   18.20301979
 6788.00000000   18.20286424
 6789.00000000   18.20270874
 6790.00000000   18.20255329
 6791.00000000   18.20239788
 6792.00000000   18.20224253
 6793.00000000   18.20208723
 6794.00000000   18.20193198
 6795.00000000   18.20177677
 6796.00000000   18.20162162
 6797.00000000   18.20146652
 6798.00000000   18.20131146
 6799.00000000   18.20115646
 6800.00000000   18.20100150
 6801.00000000   18.20084660
 6802.00000000   18.20069174
 6803.00000000   18.20053694
 6804.00000000   18.20038218
 6805.00000000   18.20022747
 6806.00000000   18.20007281
 6807.00000000   18.19991820
 6808.00000000   18.19976364
 6809.00000000   18.19960913
 6810.00000000   18.19945467
 6811.00000000   18.19930026
 6812.00000000   18.19914590
 6813.00000000   18.19899159
 6814.00000000   18.19883732
 6815.00000000   18.19868311
 6816.00000000   18.19852894
 6817.00000000   18.19837483
 6818.00000000   18.19822076
 6819.00000000   18.19806674
 6820.00000000   18.19791278
 6821.00000000   18.19775886
 6822.00000000   18.19760499
 6823.00000000   18.19745116
 6824.00000000   18.19729739
 6825.00000000   18.19714367
 6826.00000000   18.19698999
 6827.00000000   18.19683637
 6828.00000000   18.19668279
 6829.00000000   18.19652926
 6830.00000000   18.19637579
 6831.00000000   18.19622236
 6832.00000000   18.19606898
 6833.00000000   18.19591564
 6834.00000000   18.19576236
 6835.00000000   18.19560913
 6836.00000000   18.19545594
 6837.00000000   18.19530280
 6838.00000000   18.19514971
 6839.00000000   18.19499667
 6840.00000000   18.19484368
 6841.00000000   18.19469074
 6842.00000000   18.19453785
 6843.00000000   18.19438500
 6844.00000000   18.19423221
 6845.00000000   18.19407946
 6846.00000000   18.19392676
 6847.00000000   18.19377411
 6848.00000000   18.19362151
 6849.00000000   18.19346895
 6850.00000000   18.19331645
 6851.00000000   18.19316399
 6852.00000000   18.19301158
 6853.00000000   18.19285922
 6854.00000000   18.19270691
 6855.00000000   18.19255465
 6856.00000000   18.19240243
 6857.00000000   18.19225026
 6858.00000000   18.19209815
 6859.00000000   18.19194607
 6860.00000000   18.19179405
 6861.00000000   18.19164208
 6862.00000000   18.19149015
 6863.00000000   18.19133828
 6864.00000000   18.19118645
 6865.00000000   18.19103467
 6866.00000000   18.19088293
 6867.00000000   18.19073125
 6868.00000000   18.19057961
 6869.00000000   18.19042802
 6870.00000000   18.19027648
 6871.00000000   18.19012499
 6872.00000000   18.18997354
 6873.00000000   18.18982215
 6874.00000000   18.18967080
 6875.00000000   18.18951950
 6876.00000000   18.18936824
 6877.00000000   18.18921704
 6878.00000000   18.18906588
 6879.00000000   18.18891477
 6880.00000000   18.18876371
 6881.00000000   18.18861270
 6882.00000000   18.18846173
 6883.00000000   18.18831081
 6884.00000000   18.18815994
 6885.00000000   18.18800912
 6886.00000000   18.18785834
 6887.00000000   18.18770761
 6888.00000000   18.18755693
 6889.00000000   18.18740630
 6890.00000000   18.18725572
 6891.00000000   18.18710518
 6892.00000000   18.18695469
 6893.00000000   18.18680425
 6894.00000000   18.18665385
 6895.00000000   18.18650351
 6896.00000000   18.18635321
 6897.00000000   18.18620295
 6898.00000000   18.18605275
 6899.00000000   18.18590259
 6900.00000000   18.18575248
 6901.00000000   18.18560242
 6902.00000000   18.18545240
 6903.00000000   18.18530244
 6904.00000000   18.18515252
 6905.00000000   18.18500264
 6906.00000000   18.18485282
 6907.00000000   18.18470304
 6908.00000000   18.18455331
 6909.00000000   18.18440362
 6910.00000000   18.18425398
 6911.00000000   18.18410439
 6912.00000000   18.18395485
 6913.00000000   18.18380535
 6914.00000000   18.18365591
 6915.00000000   18.18350650
 6916.00000000   18.18335715
 6917.00000000   18.18320784
 6918.00000000   18.18305858
 6919.00000000   18.18290937
 6920.00000000   18.18276020
 6921.00000000   18.18261108
 6922.00000000   18.18246201
 6923.00000000   18.18231298
 6924.00000000   18.18216400
 6925.00000000   18.18201507
 6926.00000000   18.18186619
 6927.00000000   18.18171735
 6928.00000000   18.18156856
 6929.00000000   18.18141981
 6930.00000000   18.18127111
 6931.00000000   18.18112246
 6932.00000000   18.18097386
 6933.00000000   18.18082530
 6934.00000000   18.18067679
 6935.00000000   18.18052832
 6936.00000000   18.18037990
 6937.00000000   18.18023153
 6938.00000000   18.18008321
 6939.00000000   18.17993493
 6940.00000000   18.17978670
 6941.00000000   18.17963851
 6942.00000000   18.17949037
 6943.00000000   18.17934228
 6944.00000000   18.17919424
 6945.00000000   18.17904624
 6946.00000000   18.17889828
 6947.00000000   18.17875038
 6948.00000000   18.17860252
 6949.00000000   18.17845470
 6950.00000000   18.17830694
 6951.00000000   18.17815922
 6952.00000000   18.17801154
 6953.00000000   18.17786391
 6954.00000000   18.17771633
 6955.00000000   18.17756879
 6956.00000000   18.17742131
 6957.00000000   18.17727386
 6958.00000000   18.17712646
 6959.00000000   18.17697911
 6960.00000000   18.17683181
 6961.00000000   18.17668455
 6962.00000000   18.17653734
 6963.00000000   18.17639017
 6964.00000000   18.17624305
 6965.00000000   18.17609598
 6966.00000000   18.17594895
 6967.00000000   18.17580196
 6968.00000000   18.17565503
 6969.00000000   18.17550814
 6970.00000000   18.17536129
 6971.00000000   18.17521449
 6972.00000000   18.17506774
 6973.00000000   18.17492103
 6974.00000000   18.17477437
 6975.00000000   18.17462776
 6976.00000000   18.17448119
 6977.00000000   18.17433466
 6978.00000000   18.17418819
 6979.00000000   18.17404175
 6980.00000000   18.17389537
 6981.00000000   18.17374903
 6982.00000000   18.17360273
 6983.00000000   18.17345648
 6984.00000000   18.17331028
 6985.00000000   18.17316412
 6986.00000000   18.17301801
 6987.00000000   18.17287194
 6988.00000000   18.17272592
 6989.00000000   18.17257995
 6990.00000000   18.17243401
 6991.00000000   18.17228813
 6992.00000000   18.17214229
 6993.00000000   18.17199650
 6994.00000000   18.17185075
 6995.00000000   18.17170505
 6996.00000000   18.17155939
 6997.00000000   18.17141378
 6998.00000000   18.17126821
 6999.00000000   18.17112269
 7000.00000000   18.17097721
 7001.00000000   18.17083178
 7002.00000000   18.17068640
 7003.00000000   18.17054106
 7004.00000000   18.17039576
 7005.00000000   18.17025051
 7006.00000000   18.17010531
 7007.00000000   18.16996015
 7008.00000000   18.16981504
 7009.00000000   18.16966997
 7010.00000000   18.16952494
 7011.00000000   18.16937997
 7012.00000000   18.16923503
 7013.00000000   18.16909014
 7014.00000000   18.16894530
 7015.00000000   18.16880050
 7016.00000000   18.16865575
 7017.00000000   18.16851104
 7018.00000000   18.16836638
 7019.00000000   18.16822176
 7020.00000000   18.16807719
 7021.00000000   18.16793266
 7022.00000000   18.16778817
 7023.00000000   18.16764374
 7024.00000000   18.16749934
 7025.00000000   18.16735499
 7026.00000000   18.16721069
 7027.00000000   18.16706643
 7028.00000000   18.16692222
 7029.00000000   18.16677805
 7030.00000000   18.16663392
 7031.00000000   18.16648984
 7032.00000000   18.16634581
 7033.00000000   18.16620181
 7034.00000000   18.16605787
 7035.00000000   18.16591397
 7036.00000000   18.16577011
 7037.00000000   18.16562630
 7038.00000000   18.16548253
 7039.00000000   18.16533881
 7040.00000000   18.16519513
 7041.00000000   18.16505149
 7042.00000000   18.16490790
 7043.00000000   18.16476436
 7044.00000000   18.16462086
 7045.00000000   18.16447740
 7046.00000000   18.16433399
 7047.00000000   18.16419062
 7048.00000000   18.16404730
 7049.00000000   18.16390402
 7050.00000000   18.16376079
 7051.00000000   18.16361760
 7052.00000000   18.16347445
 7053.00000000   18.16333135
 7054.00000000   18.16318829
 7055.00000000   18.16304528
 7056.00000000   18.16290231
 7057.00000000   18.16275939
 7058.00000000   18.16261651
 7059.00000000   18.16247367
 7060.00000000   18.16233088
 7061.00000000   18.16218813
 7062.00000000   18.16204543
 7063.00000000   18.16190277
 7064.00000000   18.16176016
 7065.00000000   18.16161759
 7066.00000000   18.16147506
 7067.00000000   18.16133257
 7068.00000000   18.16119014
 7069.00000000   18.16104774
 7070.00000000   18.16090539
 7071.00000000   18.16076308
 7072.00000000   18.16062082
 7073.00000000   18.16047860
 7074.00000000   18.16033642
 7075.00000000   18.16019429
 7076.00000000   18.16005221
 7077.00000000   18.15991016
 7078.00000000   18.15976816
 7079.00000000   18.15962620
 7080.00000000   18.15948429
 7081.00000000   18.15934242
 7082.00000000   18.15920060
 7083.00000000   18.15905882
 7084.00000000   18.15891708
 7085.00000000   18.15877539
 7086.00000000   18.15863374
 7087.00000000   18.15849213
 7088.00000000   18.15835057
 7089.00000000   18.15820905
 7090.00000000   18.15806757
 7091.00000000   18.15792614
 7092.00000000   18.15778475
 7093.00000000   18.15764341
 7094.00000000   18.15750210
 7095.00000000   18.15736085
 7096.00000000   18.15721963
 7097.00000000   18.15707846
 7098.00000000   18.15693733
 7099.00000000   18.15679625
 7100.00000000   18.15665521
 7101.00000000   18.15651421
 7102.00000000   18.15637326
 7103.00000000   18.15623234
 7104.00000000   18.15609148
 7105.00000000   18.15595065
 7106.00000000   18.15580987
 7107.00000000   18.15566913
 7108.00000000   18.15552844
 7109.00000000   18.15538779
 7110.00000000   18.15524718
 7111.00000000   18.15510662
 7112.00000000   18.15496609
 7113.00000000   18.15482562
 7114.00000000   18.15468518
 7115.00000000   18.15454479
 7116.00000000   18.15440444
 7117.00000000   18.15426413
 7118.00000000   18.15412387
 7119.00000000   18.15398365
 7120.00000000   18.15384347
 7121.00000000   18.15370334
 7122.00000000   18.15356325
 7123.00000000   18.15342320
 7124.00000000   18.15328320
 7125.00000000   18.15314324
 7126.00000000   18.15300332
 7127.00000000   18.15286344
 7128.00000000   18.15272361
 7129.00000000   18.15258382
 7130.00000000   18.15244407
 7131.00000000   18.15230436
 7132.00000000   18.15216470
 7133.00000000   18.15202508
 7134.00000000   18.15188551
 7135.00000000   18.15174597
 7136.00000000   18.15160648
 7137.00000000   18.15146703
 7138.00000000   18.15132763
 7139.00000000   18.15118827
 7140.00000000   18.15104895
 7141.00000000   18.15090967
 7142.00000000   18.15077043
 7143.00000000   18.15063124
 7144.00000000   18.15049209
 7145.00000000   18.15035298
 7146.00000000   18.15021392
 7147.00000000   18.15007490
 7148.00000000   18.14993592
 7149.00000000   18.14979698
 7150.00000000   18.14965809
 7151.00000000   18.14951923
 7152.00000000   18.14938042
 7153.00000000   18.14924166
 7154.00000000   18.14910293
 7155.00000000   18.14896425
 7156.00000000   18.14882561
 7157.00000000   18.14868701
 7158.00000000   18.14854846
 7159.00000000   18.14840994
 7160.00000000   18.14827147
 7161.00000000   18.14813304
 7162.00000000   18.14799466
 7163.00000000   18.14785631
 7164.00000000   18.14771801
 7165.00000000   18.14757975
 7166.00000000   18.14744153
 7167.00000000   18.14730336
 7168.00000000   18.14716522
 7169.00000000   18.14702713
 7170.00000000   18.14688908
 7171.00000000   18.14675108
 7172.00000000   18.14661311
 7173.00000000   18.14647519
 7174.00000000   18.14633731
 7175.00000000   18.14619947
 7176.00000000   18.14606167
 7177.00000000   18.14592392
 7178.00000000   18.14578621
 7179.00000000   18.14564853
 7180.00000000   18.14551091
 7181.00000000   18.14537332
 7182.00000000   18.14523577
 7183.00000000   18.14509827
 7184.00000000   18.14496081
 7185.00000000   18.14482339
 7186.00000000   18.14468601
 7187.00000000   18.14454868
 7188.00000000   18.14441138
 7189.00000000   18.14427413
 7190.00000000   18.14413692
 7191.00000000   18.14399975
 7192.00000000   18.14386262
 7193.00000000   18.14372554
 7194.00000000   18.14358849
 7195.00000000   18.14345149
 7196.00000000   18.14331453
 7197.00000000   18.14317761
 7198.00000000   18.14304073
 7199.00000000   18.14290390
 7200.00000000   18.14276710
 7201.00000000   18.14263035
 7202.00000000   18.14249364
 7203.00000000   18.14235697
 7204.00000000   18.14222034
 7205.00000000   18.14208376
 7206.00000000   18.14194721
 7207.00000000   18.14181071
 7208.00000000   18.14167425
 7209.00000000   18.14153783
 7210.00000000   18.14140145
 7211.00000000   18.14126511
 7212.00000000   18.14112881
 7213.00000000   18.14099256
 7214.00000000   18.14085634
 7215.00000000   18.14072017
 7216.00000000   18.14058404
 7217.00000000   18.14044795
 7218.00000000   18.14031190
 7219.00000000   18.14017589
 7220.00000000   18.14003992
 7221.00000000   18.13990400
 7222.00000000   18.13976812
 7223.00000000   18.13963227
 7224.00000000   18.13949647
 7225.00000000   18.13936071
 7226.00000000   18.13922499
 7227.00000000   18.13908931
 7228.00000000   18.13895367
 7229.00000000   18.13881808
 7230.00000000   18.13868252
 7231.00000000   18.13854701
 7232.00000000   18.13841154
 7233.00000000   18.13827610
 7234.00000000   18.13814071
 7235.00000000   18.13800536
 7236.00000000   18.13787005
 7237.00000000   18.13773478
 7238.00000000   18.13759956
 7239.00000000   18.13746437
 7240.00000000   18.13732922
 7241.00000000   18.13719412
 7242.00000000   18.13705906
 7243.00000000   18.13692403
 7244.00000000   18.13678905
 7245.00000000   18.13665411
 7246.00000000   18.13651921
 7247.00000000   18.13638435
 7248.00000000   18.13624953
 7249.00000000   18.13611475
 7250.00000000   18.13598001
 7251.00000000   18.13584531
 7252.00000000   18.13571066
 7253.00000000   18.13557604
 7254.00000000   18.13544146
 7255.00000000   18.13530693
 7256.00000000   18.13517243
 7257.00000000   18.13503798
 7258.00000000   18.13490357
 7259.00000000   18.13476920
 7260.00000000   18.13463486
 7261.00000000   18.13450057
 7262.00000000   18.13436632
 7263.00000000   18.13423211
 7264.00000000   18.13409794
 7265.00000000   18.13396381
 7266.00000000   18.13382972
 7267.00000000   18.13369567
 7268.00000000   18.13356166
 7269.00000000   18.13342769
 7270.00000000   18.13329377
 7271.00000000   18.13315988
 7272.00000000   18.13302603
 7273.00000000   18.13289222
 7274.00000000   18.13275846
 7275.00000000   18.13262473
 7276.00000000   18.13249105
 7277.00000000   18.13235740
 7278.00000000   18.13222379
 7279.00000000   18.13209023
 7280.00000000   18.13195670
 7281.00000000   18.13182322
 7282.00000000   18.13168977
 7283.00000000   18.13155637
 7284.00000000   18.13142300
 7285.00000000   18.13128968
 7286.00000000   18.13115639
 7287.00000000   18.13102315
 7288.00000000   18.13088994
 7289.00000000   18.13075678
 7290.00000000   18.13062366
 7291.00000000   18.13049057
 7292.00000000   18.13035753
 7293.00000000   18.13022452
 7294.00000000   18.13009156
 7295.00000000   18.12995863
 7296.00000000   18.12982575
 7297.00000000   18.12969290
 7298.00000000   18.12956010
 7299.00000000   18.12942733
 7300.00000000   18.12929461
 7301.00000000   18.12916192
 7302.00000000   18.12902928
 7303.00000000   18.12889667
 7304.00000000   18.12876410
 7305.00000000   18.12863158
 7306.00000000   18.12849909
 7307.00000000   18.12836664
 7308.00000000   18.12823424
 7309.00000000   18.12810187
 7310.00000000   18.12796954
 7311.00000000   18.12783725
 7312.00000000   18.12770500
 7313.00000000   18.12757280
 7314.00000000   18.12744063
 7315.00000000   18.12730850
 7316.00000000   18.12717641
 7317.00000000   18.12704436
 7318.00000000   18.12691234
 7319.00000000   18.12678037
 7320.00000000   18.12664844
 7321.00000000   18.12651655
 7322.00000000   18.12638470
 7323.00000000   18.12625288
 7324.00000000   18.12612111
 7325.00000000   18.12598937
 7326.00000000   18.12585768
 7327.00000000   18.12572602
 7328.00000000   18.12559440
 7329.00000000   18.12546283
 7330.00000000   18.12533129
 7331.00000000   18.12519979
 7332.00000000   18.12506833
 7333.00000000   18.12493691
 7334.00000000   18.12480553
 7335.00000000   18.12467419
 7336.00000000   18.12454289
 7337.00000000   18.12441162
 7338.00000000   18.12428040
 7339.00000000   18.12414921
 7340.00000000   18.12401807
 7341.00000000   18.12388696
 7342.00000000   18.12375590
 7343.00000000   18.12362487
 7344.00000000   18.12349388
 7345.00000000   18.12336293
 7346.00000000   18.12323202
 7347.00000000   18.12310115
 7348.00000000   18.12297031
 7349.00000000   18.12283952
 7350.00000000   18.12270876
 7351.00000000   18.12257805
 7352.00000000   18.12244737
 7353.00000000   18.12231673
 7354.00000000   18.12218614
 7355.00000000   18.12205558
 7356.00000000   18.12192505
 7357.00000000   18.12179457
 7358.00000000   18.12166413
 7359.00000000   18.12153373
 7360.00000000   18.12140336
 7361.00000000   18.12127303
 7362.00000000   18.12114275
 7363.00000000   18.12101250
 7364.00000000   18.12088229
 7365.00000000   18.12075211
 7366.00000000   18.12062198
 7367.00000000   18.12049189
 7368.00000000   18.12036183
 7369.00000000   18.12023182
 7370.00000000   18.12010184
 7371.00000000   18.11997190
 7372.00000000   18.11984200
 7373.00000000   18.11971214
 7374.00000000   18.11958231
 7375.00000000   18.11945253
 7376.00000000   18.11932278
 7377.00000000   18.11919307
 7378.00000000   18.11906340
 7379.00000000   18.11893377
 7380.00000000   18.11880418
 7381.00000000   18.11867463
 7382.00000000   18.11854511
 7383.00000000   18.11841564
 7384.00000000   18.11828620
 7385.00000000   18.11815680
 7386.00000000   18.11802744
 7387.00000000   18.11789811
 7388.00000000   18.11776883
 7389.00000000   18.11763958
 7390.00000000   18.11751038
 7391.00000000   18.11738121
 7392.00000000   18.11725208
 7393.00000000   18.11712298
 7394.00000000   18.11699393
 7395.00000000   18.11686491
 7396.00000000   18.11673593
 7397.00000000   18.11660699
 7398.00000000   18.11647809
 7399.00000000   18.11634923
 7400.00000000   18.11622041
 7401.00000000   18.11609162
 7402.00000000   18.11596287
 7403.00000000   18.11583416
 7404.00000000   18.11570549
 7405.00000000   18.11557685
 7406.00000000   18.11544826
 7407.00000000   18.11531970
 7408.00000000   18.11519118
 7409.00000000   18.11506270
 7410.00000000   18.11493425
 7411.00000000   18.11480585
 7412.00000000   18.11467748
 7413.00000000   18.11454915
 7414.00000000   18.11442086
 7415.00000000   18.11429260
 7416.00000000   18.11416439
 7417.00000000   18.11403621
 7418.00000000   18.11390807
 7419.00000000   18.11377997
 7420.00000000   18.11365190
 7421.00000000   18.11352388
 7422.00000000   18.11339589
 7423.00000000   18.11326794
 7424.00000000   18.11314002
 7425.00000000   18.11301215
 7426.00000000   18.11288431
 7427.00000000   18.11275651
 7428.00000000   18.11262875
 7429.00000000   18.11250103
 7430.00000000   18.11237334
 7431.00000000   18.11224569
 7432.00000000   18.11211808
 7433.00000000   18.11199051
 7434.00000000   18.11186297
 7435.00000000   18.11173547
 7436.00000000   18.11160801
 7437.00000000   18.11148059
 7438.00000000   18.11135320
 7439.00000000   18.11122586
 7440.00000000   18.11109855
 7441.00000000   18.11097127
 7442.00000000   18.11084404
 7443.00000000   18.11071684
 7444.00000000   18.11058968
 7445.00000000   18.11046256
 7446.00000000   18.11033547
 7447.00000000   18.11020843
 7448.00000000   18.11008142
 7449.00000000   18.10995444
 7450.00000000   18.10982751
 7451.00000000   18.10970061
 7452.00000000   18.10957375
 7453.00000000   18.10944693
 7454.00000000   18.10932014
 7455.00000000   18.10919339
 7456.00000000   18.10906668
 7457.00000000   18.10894001
 7458.00000000   18.10881337
 7459.00000000   18.10868677
 7460.00000000   18.10856021
 7461.00000000   18.10843369
 7462.00000000   18.10830720
 7463.00000000   18.10818075
 7464.00000000   18.10805434
 7465.00000000   18.10792796
 7466.00000000   18.10780162
 7467.00000000   18.10767532
 7468.00000000   18.10754906
 7469.00000000   18.10742283
 7470.00000000   18.10729664
 7471.00000000   18.10717049
 7472.00000000   18.10704437
 7473.00000000   18.10691829
 7474.00000000   18.10679225
 7475.00000000   18.10666624
 7476.00000000   18.10654028
 7477.00000000   18.10641435
 7478.00000000   18.10628845
 7479.00000000   18.10616259
 7480.00000000   18.10603677
 7481.00000000   18.10591099
 7482.00000000   18.10578525
 7483.00000000   18.10565954
 7484.00000000   18.10553386
 7485.00000000   18.10540823
 7486.00000000   18.10528263
 7487.00000000   18.10515707
 7488.00000000   18.10503154
 7489.00000000   18.10490606
 7490.00000000   18.10478060
 7491.00000000   18.10465519
 7492.00000000   18.10452981
 7493.00000000   18.10440447
 7494.00000000   18.10427917
 7495.00000000   18.10415390
 7496.00000000   18.10402867
 7497.00000000   18.10390347
 7498.00000000   18.10377832
 7499.00000000   18.10365320
 7500.00000000   18.10352811
 7501.00000000   18.10340306
 7502.00000000   18.10327805
 7503.00000000   18.10315308
 7504.00000000   18.10302814
 7505.00000000   18.10290324
 7506.00000000   18.10277838
 7507.00000000   18.10265355
 7508.00000000   18.10252876
 7509.00000000   18.10240400
 7510.00000000   18.10227928
 7511.00000000   18.10215460
 7512.00000000   18.10202996
 7513.00000000   18.10190535
 7514.00000000   18.10178077
 7515.00000000   18.10165624
 7516.00000000   18.10153174
 7517.00000000   18.10140727
 7518.00000000   18.10128285
 7519.00000000   18.10115846
 7520.00000000   18.10103410
 7521.00000000   18.10090978
 7522.00000000   18.10078550
 7523.00000000   18.10066126
 7524.00000000   18.10053705
 7525.00000000   18.10041287
 7526.00000000   18.10028874
 7527.00000000   18.10016464
 7528.00000000   18.10004057
 7529.00000000   18.09991655
 7530.00000000   18.09979255
 7531.00000000   18.09966860
 7532.00000000   18.09954468
 7533.00000000   18.09942080
 7534.00000000   18.09929695
 7535.00000000   18.09917314
 7536.00000000   18.09904936
 7537.00000000   18.09892562
 7538.00000000   18.09880192
 7539.00000000   18.09867825
 7540.00000000   18.09855462
 7541.00000000   18.09843103
 7542.00000000   18.09830747
 7543.00000000   18.09818395
 7544.00000000   18.09806046
 7545.00000000   18.09793701
 7546.00000000   18.09781360
 7547.00000000   18.09769022
 7548.00000000   18.09756688
 7549.00000000   18.09744357
 7550.00000000   18.09732030
 7551.00000000   18.09719706
 7552.00000000   18.09707386
 7553.00000000   18.09695070
 7554.00000000   18.09682757
 7555.00000000   18.09670448
 7556.00000000   18.09658143
 7557.00000000   18.09645841
 7558.00000000   18.09633542
 7559.00000000   18.09621247
 7560.00000000   18.09608956
 7561.00000000   18.09596668
 7562.00000000   18.09584384
 7563.00000000   18.09572104
 7564.00000000   18.09559827
 7565.00000000   18.09547553
 7566.00000000   18.09535283
 7567.00000000   18.09523017
 7568.00000000   18.09510754
 7569.00000000   18.09498495
 7570.00000000   18.09486240
 7571.00000000   18.09473988
 7572.00000000   18.09461739
 7573.00000000   18.09449494
 7574.00000000   18.09437253
 7575.00000000   18.09425015
 7576.00000000   18.09412781
 7577.00000000   18.09400550
 7578.00000000   18.09388323
 7579.00000000   18.09376099
 7580.00000000   18.09363879
 7581.00000000   18.09351663
 7582.00000000   18.09339450
 7583.00000000   18.09327240
 7584.00000000   18.09315035
 7585.00000000   18.09302832
 7586.00000000   18.09290633
 7587.00000000   18.09278438
 7588.00000000   18.09266246
 7589.00000000   18.09254058
 7590.00000000   18.09241873
 7591.00000000   18.09229692
 7592.00000000   18.09217515
 7593.00000000   18.09205341
 7594.00000000   18.09193170
 7595.00000000   18.09181003
 7596.00000000   18.09168839
 7597.00000000   18.09156679
 7598.00000000   18.09144523
 7599.00000000   18.09132370
 7600.00000000   18.09120221
 7601.00000000   18.09108075
 7602.00000000   18.09095932
 7603.00000000   18.09083793
 7604.00000000   18.09071658
 7605.00000000   18.09059526
 7606.00000000   18.09047398
 7607.00000000   18.09035273
 7608.00000000   18.09023152
 7609.00000000   18.09011034
 7610.00000000   18.08998919
 7611.00000000   18.08986809
 7612.00000000   18.08974701
 7613.00000000   18.08962597
 7614.00000000   18.08950497
 7615.00000000   18.08938400
 7616.00000000   18.08926307
 7617.00000000   18.08914217
 7618.00000000   18.08902131
 7619.00000000   18.08890048
 7620.00000000   18.08877968
 7621.00000000   18.08865892
 7622.00000000   18.08853820
 7623.00000000   18.08841751
 7624.00000000   18.08829686
 7625.00000000   18.08817624
 7626.00000000   18.08805565
 7627.00000000   18.08793510
 7628.00000000   18.08781459
 7629.00000000   18.08769411
 7630.00000000   18.08757366
 7631.00000000   18.08745325
 7632.00000000   18.08733287
 7633.00000000   18.08721253
 7634.00000000   18.08709222
 7635.00000000   18.08697195
 7636.00000000   18.08685172
 7637.00000000   18.08673151
 7638.00000000   18.08661134
 7639.00000000   18.08649121
 7640.00000000   18.08637111
 7641.00000000   18.08625105
 7642.00000000   18.08613102
 7643.00000000   18.08601102
 7644.00000000   18.08589106
 7645.00000000   18.08577113
 7646.00000000   18.08565124
 7647.00000000   18.08553139
 7648.00000000   18.08541156
 7649.00000000   18.08529178
 7650.00000000   18.08517202
 7651.00000000   18.08505230
 7652.00000000   18.08493262
 7653.00000000   18.08481297
 7654.00000000   18.08469335
 7655.00000000   18.08457377
 7656.00000000   18.08445422
 7657.00000000   18.08433471
 7658.00000000   18.08421523
 7659.00000000   18.08409579
 7660.00000000   18.08397638
 7661.00000000   18.08385700
 7662.00000000   18.08373766
 7663.00000000   18.08361835
 7664.00000000   18.08349908
 7665.00000000   18.08337984
 7666.00000000   18.08326064
 7667.00000000   18.08314147
 7668.00000000   18.08302233
 7669.00000000   18.08290323
 7670.00000000   18.08278416
 7671.00000000   18.08266513
 7672.00000000   18.08254613
 7673.00000000   18.08242717
 7674.00000000   18.08230824
 7675.00000000   18.08218934
 7676.00000000   18.08207048
 7677.00000000   18.08195165
 7678.00000000   18.08183286
 7679.00000000   18.08171410
 7680.00000000   18.08159537
 7681.00000000   18.08147668
 7682.00000000   18.08135802
 7683.00000000   18.08123940
 7684.00000000   18.08112081
 7685.00000000   18.08100225
 7686.00000000   18.08088373
 7687.00000000   18.08076524
 7688.00000000   18.08064678
 7689.00000000   18.08052836
 7690.00000000   18.08040998
 7691.00000000   18.08029163
 7692.00000000   18.08017331
 7693.00000000   18.08005502
 7694.00000000   18.07993677
 7695.00000000   18.07981855
 7696.00000000   18.07970037
 7697.00000000   18.07958222
 7698.00000000   18.07946411
 7699.00000000   18.07934603
 7700.00000000   18.07922798
 7701.00000000   18.07910996
 7702.00000000   18.07899198
 7703.00000000   18.07887404
 7704.00000000   18.07875612
 7705.00000000   18.07863824
 7706.00000000   18.07852040
 7707.00000000   18.07840259
 7708.00000000   18.07828481
 7709.00000000   18.07816706
 7710.00000000   18.07804935
 7711.00000000   18.07793168
 7712.00000000   18.07781403
 7713.00000000   18.07769642
 7714.00000000   18.07757885
 7715.00000000   18.07746130
 7716.00000000   18.07734379
 7717.00000000   18.07722632
 7718.00000000   18.07710888
 7719.00000000   18.07699147
 7720.00000000   18.07687409
 7721.00000000   18.07675675
 7722.00000000   18.07663944
 7723.00000000   18.07652217
 7724.00000000   18.07640493
 7725.00000000   18.07628772
 7726.00000000   18.07617054
 7727.00000000   18.07605340
 7728.00000000   18.07593630
 7729.00000000   18.07581922
 7730.00000000   18.07570218
 7731.00000000   18.07558517
 7732.00000000   18.07546820
 7733.00000000   18.07535126
 7734.00000000   18.07523435
 7735.00000000   18.07511748
 7736.00000000   18.07500064
 7737.00000000   18.07488383
 7738.00000000   18.07476705
 7739.00000000   18.07465031
 7740.00000000   18.07453361
 7741.00000000   18.07441693
 7742.00000000   18.07430029
 7743.00000000   18.07418368
 7744.00000000   18.07406711
 7745.00000000   18.07395057
 7746.00000000   18.07383406
 7747.00000000   18.07371758
 7748.00000000   18.07360114
 7749.00000000   18.07348473
 7750.00000000   18.07336835
 7751.00000000   18.07325201
 7752.00000000   18.07313570
 7753.00000000   18.07301942
 7754.00000000   18.07290318
 7755.00000000   18.07278697
 7756.00000000   18.07267079
 7757.00000000   18.07255465
 7758.00000000   18.07243854
 7759.00000000   18.07232246
 7760.00000000   18.07220641
 7761.00000000   18.07209040
 7762.00000000   18.07197442
 7763.00000000   18.07185847
 7764.00000000   18.07174256
 7765.00000000   18.07162668
 7766.00000000   18.07151083
 7767.00000000   18.07139501
 7768.00000000   18.07127923
 7769.00000000   18.07116348
 7770.00000000   18.07104776
 7771.00000000   18.07093208
 7772.00000000   18.07081643
 7773.00000000   18.07070081
 7774.00000000   18.07058523
 7775.00000000   18.07046967
 7776.00000000   18.07035415
 7777.00000000   18.07023867
 7778.00000000   18.07012321
 7779.00000000   18.07000779
 7780.00000000   18.06989240
 7781.00000000   18.06977705
 7782.00000000   18.06966172
 7783.00000000   18.06954643
 7784.00000000   18.06943117
 7785.00000000   18.06931595
 7786.00000000   18.06920075
 7787.00000000   18.06908559
 7788.00000000   18.06897047
 7789.00000000   18.06885537
 7790.00000000   18.06874031
 7791.00000000   18.06862528
 7792.00000000   18.06851028
 7793.00000000   18.06839532
 7794.00000000   18.06828039
 7795.00000000   18.06816549
 7796.00000000   18.06805062
 7797.00000000   18.06793578
 7798.00000000   18.06782098
 7799.00000000   18.06770621
 7800.00000000   18.06759147
 7801.00000000   18.06747677
 7802.00000000   18.06736210
 7803.00000000   18.06724746
 7804.00000000   18.06713285
 7805.00000000   18.06701827
 7806.00000000   18.06690373
 7807.00000000   18.06678922
 7808.00000000   18.06667474
 7809.00000000   18.06656030
 7810.00000000   18.06644588
 7811.00000000   18.06633150
 7812.00000000   18.06621715
 7813.00000000   18.06610284
 7814.00000000   18.06598855
 7815.00000000   18.06587430
 7816.00000000   18.06576008
 7817.00000000   18.06564589
 7818.00000000   18.06553174
 7819.00000000   18.06541761
 7820.00000000   18.06530352
 7821.00000000   18.06518946
 7822.00000000   18.06507544
 7823.00000000   18.06496144
 7824.00000000   18.06484748
 7825.00000000   18.06473355
 7826.00000000   18.06461965
 7827.00000000   18.06450579
 7828.00000000   18.06439195
 7829.00000000   18.06427815
 7830.00000000   18.06416438
 7831.00000000   18.06405064
 7832.00000000   18.06393694
 7833.00000000   18.06382327
 7834.00000000   18.06370962
 7835.00000000   18.06359601
 7836.00000000   18.06348244
 7837.00000000   18.06336889
 7838.00000000   18.06325538
 7839.00000000   18.06314190
 7840.00000000   18.06302845
 7841.00000000   18.06291503
 7842.00000000   18.06280164
 7843.00000000   18.06268829
 7844.00000000   18.06257497
 7845.00000000   18.06246168
 7846.00000000   18.06234842
 7847.00000000   18.06223519
 7848.00000000   18.06212200
 7849.00000000   18.06200884
 7850.00000000   18.06189570
 7851.00000000   18.06178261
 7852.00000000   18.06166954
 7853.00000000   18.06155650
 7854.00000000   18.06144350
 7855.00000000   18.06133053
 7856.00000000   18.06121759
 7857.00000000   18.06110468
 7858.00000000   18.06099180
 7859.00000000   18.06087896
 7860.00000000   18.06076614
 7861.00000000   18.06065336
 7862.00000000   18.06054061
 7863.00000000   18.06042789
 7864.00000000   18.06031521
 7865.00000000   18.06020255
 7866.00000000   18.06008993
 7867.00000000   18.05997734
 7868.00000000   18.05986478
 7869.00000000   18.05975225
 7870.00000000   18.05963975
 7871.00000000   18.05952728
 7872.00000000   18.05941485
 7873.00000000   18.05930245
 7874.00000000   18.05919008
 7875.00000000   18.05907774
 7876.00000000   18.05896543
 7877.00000000   18.05885315
 7878.00000000   18.05874091
 7879.00000000   18.05862870
 7880.00000000   18.05851651
 7881.00000000   18.05840436
 7882.00000000   18.05829224
 7883.00000000   18.05818016
 7884.00000000   18.05806810
 7885.00000000   18.05795607
 7886.00000000   18.05784408
 7887.00000000   18.05773212
 7888.00000000   18.05762019
 7889.00000000   18.05750829
 7890.00000000   18.05739642
 7891.00000000   18.05728458
 7892.00000000   18.05717278
 7893.00000000   18.05706100
 7894.00000000   18.05694926
 7895.00000000   18.05683755
 7896.00000000   18.05672587
 7897.00000000   18.05661422
 7898.00000000   18.05650260
 7899.00000000   18.05639101
 7900.00000000   18.05627946
 7901.00000000   18.05616793
 7902.00000000   18.05605644
 7903.00000000   18.05594497
 7904.00000000   18.05583354
 7905.00000000   18.05572214
 7906.00000000   18.05561077
 7907.00000000   18.05549944
 7908.00000000   18.05538813
 7909.00000000   18.05527685
 7910.00000000   18.05516561
 7911.00000000   18.05505440
 7912.00000000   18.05494321
 7913.00000000   18.05483206
 7914.00000000   18.05472094
 7915.00000000   18.05460985
 7916.00000000   18.05449880
 7917.00000000   18.05438777
 7918.00000000   18.05427677
 7919.00000000   18.05416581
 7920.00000000   18.05405487
 7921.00000000   18.05394397
 7922.00000000   18.05383310
 7923.00000000   18.05372225
 7924.00000000   18.05361144
 7925.00000000   18.05350066
 7926.00000000   18.05338992
 7927.00000000   18.05327920
 7928.00000000   18.05316851
 7929.00000000   18.05305785
 7930.00000000   18.05294723
 7931.00000000   18.05283663
 7932.00000000   18.05272607
 7933.00000000   18.05261554
 7934.00000000   18.05250503
 7935.00000000   18.05239456
 7936.00000000   18.05228412
 7937.00000000   18.05217371
 7938.00000000   18.05206333
 7939.00000000   18.05195298
 7940.00000000   18.05184267
 7941.00000000   18.05173238
 7942.00000000   18.05162212
 7943.00000000   18.05151190
 7944.00000000   18.05140170
 7945.00000000   18.05129154
 7946.00000000   18.05118140
 7947.00000000   18.05107130
 7948.00000000   18.05096123
 7949.00000000   18.05085119
 7950.00000000   18.05074117
 7951.00000000   18.05063119
 7952.00000000   18.05052124
 7953.00000000   18.05041132
 7954.00000000   18.05030143
 7955.00000000   18.05019158
 7956.00000000   18.05008175
 7957.00000000   18.04997195
 7958.00000000   18.04986218
 7959.00000000   18.04975245
 7960.00000000   18.04964274
 7961.00000000   18.04953306
 7962.00000000   18.04942342
 7963.00000000   18.04931380
 7964.00000000   18.04920422
 7965.00000000   18.04909467
 7966.00000000   18.04898514
 7967.00000000   18.04887565
 7968.00000000   18.04876619
 7969.00000000   18.04865675
 7970.00000000   18.04854735
 7971.00000000   18.04843798
 7972.00000000   18.04832864
 7973.00000000   18.04821933
 7974.00000000   18.04811005
 7975.00000000   18.04800080
 7976.00000000   18.04789158
 7977.00000000   18.04778239
 7978.00000000   18.04767323
 7979.00000000   18.04756410
 7980.00000000   18.04745500
 7981.00000000   18.04734593
 7982.00000000   18.04723689
 7983.00000000   18.04712788
 7984.00000000   18.04701891
 7985.00000000   18.04690996
 7986.00000000   18.04680104
 7987.00000000   18.04669215
 7988.00000000   18.04658329
 7989.00000000   18.04647447
 7990.00000000   18.04636567
 7991.00000000   18.04625690
 7992.00000000   18.04614816
 7993.00000000   18.04603946
 7994.00000000   18.04593078
 7995.00000000   18.04582213
 7996.00000000   18.04571352
 7997.00000000   18.04560493
 7998.00000000   18.04549637
 7999.00000000   18.04538785
 8000.00000000   18.04527935
 8001.00000000   18.04517088
 8002.00000000   18.04506245
 8003.00000000   18.04495404
 8004.00000000   18.04484566
 8005.00000000   18.04473731
 8006.00000000   18.04462900
 8007.00000000   18.04452071
 8008.00000000   18.04441245
 8009.00000000   18.04430423
 8010.00000000   18.04419603
 8011.00000000   18.04408786
 8012.00000000   18.04397972
 8013.00000000   18.04387162
 8014.00000000   18.04376354
 8015.00000000   18.04365549
 8016.00000000   18.04354747
 8017.00000000   18.04343948
 8018.00000000   18.04333152
 8019.00000000   18.04322359
 8020.00000000   18.04311570
 8021.00000000   18.04300783
 8022.00000000   18.04289999
 8023.00000000   18.04279218
 8024.00000000   18.04268440
 8025.00000000   18.04257665
 8026.00000000   18.04246893
 8027.00000000   18.04236123
 8028.00000000   18.04225357
 8029.00000000   18.04214594
 8030.00000000   18.04203834
 8031.00000000   18.04193077
 8032.00000000   18.04182322
 8033.00000000   18.04171571
 8034.00000000   18.04160823
 8035.00000000   18.04150077
 8036.00000000   18.04139335
 8037.00000000   18.04128595
 8038.00000000   18.04117859
 8039.00000000   18.04107125
 8040.00000000   18.04096395
 8041.00000000   18.04085667
 8042.00000000   18.04074942
 8043.00000000   18.04064221
 8044.00000000   18.04053502
 8045.00000000   18.04042786
 8046.00000000   18.04032073
 8047.00000000   18.04021363
 8048.00000000   18.04010656
 8049.00000000   18.03999952
 8050.00000000   18.03989251
 8051.00000000   18.03978553
 8052.00000000   18.03967857
 8053.00000000   18.03957165
 8054.00000000   18.03946476
 8055.00000000   18.03935789
 8056.00000000   18.03925106
 8057.00000000   18.03914425
 8058.00000000   18.03903747
 8059.00000000   18.03893073
 8060.00000000   18.03882401
 8061.00000000   18.03871732
 8062.00000000   18.03861066
 8063.00000000   18.03850403
 8064.00000000   18.03839743
 8065.00000000   18.03829086
 8066.00000000   18.03818432
 8067.00000000   18.03807781
 8068.00000000   18.03797132
 8069.00000000   18.03786487
 8070.00000000   18.03775844
 8071.00000000   18.03765205
 8072.00000000   18.03754568
 8073.00000000   18.03743934
 8074.00000000   18.03733303
 8075.00000000   18.03722675
 8076.00000000   18.03712050
 8077.00000000   18.03701428
 8078.00000000   18.03690809
 8079.00000000   18.03680193
 8080.00000000   18.03669579
 8081.00000000   18.03658969
 8082.00000000   18.03648361
 8083.00000000   18.03637757
 8084.00000000   18.03627155
 8085.00000000   18.03616556
 8086.00000000   18.03605960
 8087.00000000   18.03595367
 8088.00000000   18.03584777
 8089.00000000   18.03574190
 8090.00000000   18.03563605
 8091.00000000   18.03553024
 8092.00000000   18.03542445
 8093.00000000   18.03531870
 8094.00000000   18.03521297
 8095.00000000   18.03510727
 8096.00000000   18.03500160
 8097.00000000   18.03489596
 8098.00000000   18.03479035
 8099.00000000   18.03468477
 8100.00000000   18.03457921
 8101.00000000   18.03447369
 8102.00000000   18.03436819
 8103.00000000   18.03426272
 8104.00000000   18.03415728
 8105.00000000   18.03405187
 8106.00000000   18.03394649
 8107.00000000   18.03384114
 8108.00000000   18.03373581
 8109.00000000   18.03363052
 8110.00000000   18.03352525
 8111.00000000   18.03342002
 8112.00000000   18.03331481
 8113.00000000   18.03320963
 8114.00000000   18.03310448
 8115.00000000   18.03299935
 8116.00000000   18.03289426
 8117.00000000   18.03278919
 8118.00000000   18.03268416
 8119.00000000   18.03257915
 8120.00000000   18.03247417
 8121.00000000   18.03236922
 8122.00000000   18.03226430
 8123.00000000   18.03215940
 8124.00000000   18.03205454
 8125.00000000   18.03194970
 8126.00000000   18.03184490
 8127.00000000   18.03174012
 8128.00000000   18.03163537
 8129.00000000   18.03153064
 8130.00000000   18.03142595
 8131.00000000   18.03132129
 8132.00000000   18.03121665
 8133.00000000   18.03111204
 8134.00000000   18.03100746
 8135.00000000   18.03090291
 8136.00000000   18.03079839
 8137.00000000   18.03069389
 8138.00000000   18.03058943
 8139.00000000   18.03048499
 8140.00000000   18.03038058
 8141.00000000   18.03027620
 8142.00000000   18.03017185
 8143.00000000   18.03006753
 8144.00000000   18.02996323
 8145.00000000   18.02985897
 8146.00000000   18.02975473
 8147.00000000   18.02965052
 8148.00000000   18.02954634
 8149.00000000   18.02944218
 8150.00000000   18.02933806
 8151.00000000   18.02923396
 8152.00000000   18.02912989
 8153.00000000   18.02902585
 8154.00000000   18.02892184
 8155.00000000   18.02881786
 8156.00000000   18.02871390
 8157.00000000   18.02860998
 8158.00000000   18.02850608
 8159.00000000   18.02840221
 8160.00000000   18.02829836
 8161.00000000   18.02819455
 8162.00000000   18.02809076
 8163.00000000   18.02798701
 8164.00000000   18.02788328
 8165.00000000   18.02777958
 8166.00000000   18.02767590
 8167.00000000   18.02757226
 8168.00000000   18.02746864
 8169.00000000   18.02736505
 8170.00000000   18.02726149
 8171.00000000   18.02715796
 8172.00000000   18.02705445
 8173.00000000   18.02695098
 8174.00000000   18.02684753
 8175.00000000   18.02674411
 8176.00000000   18.02664072
 8177.00000000   18.02653735
 8178.00000000   18.02643402
 8179.00000000   18.02633071
 8180.00000000   18.02622743
 8181.00000000   18.02612417
 8182.00000000   18.02602095
 8183.00000000   18.02591775
 8184.00000000   18.02581459
 8185.00000000   18.02571144
 8186.00000000   18.02560833
 8187.00000000   18.02550525
 8188.00000000   18.02540219
 8189.00000000   18.02529916
 8190.00000000   18.02519616
 8191.00000000   18.02509319
 8192.00000000   18.02499024
 8193.00000000   18.02488733
 8194.00000000   18.02478444
 8195.00000000   18.02468158
 8196.00000000   18.02457874
 8197.00000000   18.02447594
 8198.00000000   18.02437316
 8199.00000000   18.02427041
 8200.00000000   18.02416768
 8201.00000000   18.02406499
 8202.00000000   18.02396232
 8203.00000000   18.02385968
 8204.00000000   18.02375707
 8205.00000000   18.02365449
 8206.00000000   18.02355193
 8207.00000000   18.02344940
 8208.00000000   18.02334690
 8209.00000000   18.02324443
 8210.00000000   18.02314198
 8211.00000000   18.02303957
 8212.00000000   18.02293718
 8213.00000000   18.02283482
 8214.00000000   18.02273248
 8215.00000000   18.02263017
 8216.00000000   18.02252789
 8217.00000000   18.02242564
 8218.00000000   18.02232342
 8219.00000000   18.02222122
 8220.00000000   18.02211905
 8221.00000000   18.02201691
 8222.00000000   18.02191480
 8223.00000000   18.02181271
 8224.00000000   18.02171065
 8225.00000000   18.02160862
 8226.00000000   18.02150662
 8227.00000000   18.02140464
 8228.00000000   18.02130269
 8229.00000000   18.02120077
 8230.00000000   18.02109888
 8231.00000000   18.02099701
 8232.00000000   18.02089517
 8233.00000000   18.02079336
 8234.00000000   18.02069158
 8235.00000000   18.02058982
 8236.00000000   18.02048809
 8237.00000000   18.02038639
 8238.00000000   18.02028471
 8239.00000000   18.02018307
 8240.00000000   18.02008145
 8241.00000000   18.01997986
 8242.00000000   18.01987829
 8243.00000000   18.01977675
 8244.00000000   18.01967524
 8245.00000000   18.01957376
 8246.00000000   18.01947230
 8247.00000000   18.01937088
 8248.00000000   18.01926947
 8249.00000000   18.01916810
 8250.00000000   18.01906675
 8251.00000000   18.01896544
 8252.00000000   18.01886414
 8253.00000000   18.01876288
 8254.00000000   18.01866164
 8255.00000000   18.01856043
 8256.00000000   18.01845925
 8257.00000000   18.01835809
 8258.00000000   18.01825696
 8259.00000000   18.01815586
 8260.00000000   18.01805479
 8261.00000000   18.01795374
 8262.00000000   18.01785272
 8263.00000000   18.01775173
 8264.00000000   18.01765076
 8265.00000000   18.01754982
 8266.00000000   18.01744891
 8267.00000000   18.01734803
 8268.00000000   18.01724717
 8269.00000000   18.01714634
 8270.00000000   18.01704553
 8271.00000000   18.01694476
 8272.00000000   18.01684401
 8273.00000000   18.01674329
 8274.00000000   18.01664259
 8275.00000000   18.01654192
 8276.00000000   18.01644128
 8277.00000000   18.01634067
 8278.00000000   18.01624008
 8279.00000000   18.01613952
 8280.00000000   18.01603899
 8281.00000000   18.01593848
 8282.00000000   18.01583800
 8283.00000000   18.01573755
 8284.00000000   18.01563712
 8285.00000000   18.01553673
 8286.00000000   18.01543635
 8287.00000000   18.01533601
 8288.00000000   18.01523569
 8289.00000000   18.01513540
 8290.00000000   18.01503514
 8291.00000000   18.01493490
 8292.00000000   18.01483469
 8293.00000000   18.01473450
 8294.00000000   18.01463435
 8295.00000000   18.01453422
 8296.00000000   18.01443411
 8297.00000000   18.01433404
 8298.00000000   18.01423399
 8299.00000000   18.01413396
 8300.00000000   18.01403397
 8301.00000000   18.01393400
 8302.00000000   18.01383406
 8303.00000000   18.01373414
 8304.00000000   18.01363425
 8305.00000000   18.01353439
 8306.00000000   18.01343455
 8307.00000000   18.01333474
 8308.00000000   18.01323496
 8309.00000000   18.01313521
 8310.00000000   18.01303548
 8311.00000000   18.01293577
 8312.00000000   18.01283610
 8313.00000000   18.01273645
 8314.00000000   18.01263683
 8315.00000000   18.01253723
 8316.00000000   18.01243766
 8317.00000000   18.01233812
 8318.00000000   18.01223860
 8319.00000000   18.01213911
 8320.00000000   18.01203965
 8321.00000000   18.01194021
 8322.00000000   18.01184080
 8323.00000000   18.01174142
 8324.00000000   18.01164206
 8325.00000000   18.01154273
 8326.00000000   18.01144343
 8327.00000000   18.01134415
 8328.00000000   18.01124490
 8329.00000000   18.01114567
 8330.00000000   18.01104648
 8331.00000000   18.01094730
 8332.00000000   18.01084816
 8333.00000000   18.01074904
 8334.00000000   18.01064995
 8335.00000000   18.01055088
 8336.00000000   18.01045184
 8337.00000000   18.01035283
 8338.00000000   18.01025384
 8339.00000000   18.01015488
 8340.00000000   18.01005595
 8341.00000000   18.00995704
 8342.00000000   18.00985816
 8343.00000000   18.00975931
 8344.00000000   18.00966048
 8345.00000000   18.00956167
 8346.00000000   18.00946290
 8347.00000000   18.00936415
 8348.00000000   18.00926543
 8349.00000000   18.00916673
 8350.00000000   18.00906806
 8351.00000000   18.00896941
 8352.00000000   18.00887079
 8353.00000000   18.00877220
 8354.00000000   18.00867364
 8355.00000000   18.00857510
 8356.00000000   18.00847658
 8357.00000000   18.00837810
 8358.00000000   18.00827963
 8359.00000000   18.00818120
 8360.00000000   18.00808279
 8361.00000000   18.00798441
 8362.00000000   18.00788605
 8363.00000000   18.00778772
 8364.00000000   18.00768942
 8365.00000000   18.00759114
 8366.00000000   18.00749289
 8367.00000000   18.00739466
 8368.00000000   18.00729646
 8369.00000000   18.00719829
 8370.00000000   18.00710014
 8371.00000000   18.00700202
 8372.00000000   18.00690392
 8373.00000000   18.00680585
 8374.00000000   18.00670781
 8375.00000000   18.00660979
 8376.00000000   18.00651180
 8377.00000000   18.00641383
 8378.00000000   18.00631590
 8379.00000000   18.00621798
 8380.00000000   18.00612009
 8381.00000000   18.00602223
 8382.00000000   18.00592440
 8383.00000000   18.00582659
 8384.00000000   18.00572880
 8385.00000000   18.00563105
 8386.00000000   18.00553331
 8387.00000000   18.00543561
 8388.00000000   18.00533793
 8389.00000000   18.00524027
 8390.00000000   18.00514264
 8391.00000000   18.00504504
 8392.00000000   18.00494747
 8393.00000000   18.00484992
 8394.00000000   18.00475239
 8395.00000000   18.00465489
 8396.00000000   18.00455742
 8397.00000000   18.00445997
 8398.00000000   18.00436255
 8399.00000000   18.00426515
 8400.00000000   18.00416778
 8401.00000000   18.00407044
 8402.00000000   18.00397312
 8403.00000000   18.00387583
 8404.00000000   18.00377856
 8405.00000000   18.00368132
 8406.00000000   18.00358410
 8407.00000000   18.00348691
 8408.00000000   18.00338975
 8409.00000000   18.00329261
 8410.00000000   18.00319550
 8411.00000000   18.00309841
 8412.00000000   18.00300135
 8413.00000000   18.00290431
 8414.00000000   18.00280730
 8415.00000000   18.00271032
 8416.00000000   18.00261336
 8417.00000000   18.00251643
 8418.00000000   18.00241952
 8419.00000000   18.00232264
 8420.00000000   18.00222578
 8421.00000000   18.00212895
 8422.00000000   18.00203214
 8423.00000000   18.00193536
 8424.00000000   18.00183861
 8425.00000000   18.00174188
 8426.00000000   18.00164518
 8427.00000000   18.00154850
 8428.00000000   18.00145185
 8429.00000000   18.00135522
 8430.00000000   18.00125862
 8431.00000000   18.00116204
 8432.00000000   18.00106549
 8433.00000000   18.00096897
 8434.00000000   18.00087247
 8435.00000000   18.00077600
 8436.00000000   18.00067955
 8437.00000000   18.00058312
 8438.00000000   18.00048673
 8439.00000000   18.00039035
 8440.00000000   18.00029401
 8441.00000000   18.00019769
 8442.00000000   18.00010139
 8443.00000000   18.00000512
 8444.00000000   17.99990888
 8445.00000000   17.99981266
 8446.00000000   17.99971646
 8447.00000000   17.99962029
 8448.00000000   17.99952415
 8449.00000000   17.99942803
 8450.00000000   17.99933194
 8451.00000000   17.99923587
 8452.00000000   17.99913983
 8453.00000000   17.99904381
 8454.00000000   17.99894782
 8455.00000000   17.99885185
 8456.00000000   17.99875591
 8457.00000000   17.99865999
 8458.00000000   17.99856410
 8459.00000000   17.99846823
 8460.00000000   17.99837239
 8461.00000000   17.99827658
 8462.00000000   17.99818079
 8463.00000000   17.99808502
 8464.00000000   17.99798928
 8465.00000000   17.99789357
 8466.00000000   17.99779788
 8467.00000000   17.99770221
 8468.00000000   17.99760658
 8469.00000000   17.99751096
 8470.00000000   17.99741537
 8471.00000000   17.99731981
 8472.00000000   17.99722427
 8473.00000000   17.99712876
 8474.00000000   17.99703327
 8475.00000000   17.99693780
 8476.00000000   17.99684237
 8477.00000000   17.99674695
 8478.00000000   17.99665156
 8479.00000000   17.99655620
 8480.00000000   17.99646086
 8481.00000000   17.99636555
 8482.00000000   17.99627026
 8483.00000000   17.99617500
 8484.00000000   17.99607976
 8485.00000000   17.99598455
 8486.00000000   17.99588936
 8487.00000000   17.99579419
 8488.00000000   17.99569906
 8489.00000000   17.99560394
 8490.00000000   17.99550885
 8491.00000000   17.99541379
 8492.00000000   17.99531875
 8493.00000000   17.99522374
 8494.00000000   17.99512875
 8495.00000000   17.99503378
 8496.00000000   17.99493885
 8497.00000000   17.99484393
 8498.00000000   17.99474904
 8499.00000000   17.99465418
 8500.00000000   17.99455934
 8501.00000000   17.99446452
 8502.00000000   17.99436973
 8503.00000000   17.99427497
 8504.00000000   17.99418023
 8505.00000000   17.99408551
 8506.00000000   17.99399082
 8507.00000000   17.99389616
 8508.00000000   17.99380151
 8509.00000000   17.99370690
 8510.00000000   17.99361231
 8511.00000000   17.99351774
 8512.00000000   17.99342320
 8513.00000000   17.99332868
 8514.00000000   17.99323419
 8515.00000000   17.99313972
 8516.00000000   17.99304528
 8517.00000000   17.99295086
 8518.00000000   17.99285646
 8519.00000000   17.99276209
 8520.00000000   17.99266775
 8521.00000000   17.99257343
 8522.00000000   17.99247913
 8523.00000000   17.99238486
 8524.00000000   17.99229062
 8525.00000000   17.99219640
 8526.00000000   17.99210220
 8527.00000000   17.99200803
 8528.00000000   17.99191388
 8529.00000000   17.99181976
 8530.00000000   17.99172566
 8531.00000000   17.99163158
 8532.00000000   17.99153754
 8533.00000000   17.99144351
 8534.00000000   17.99134951
 8535.00000000   17.99125553
 8536.00000000   17.99116158
 8537.00000000   17.99106766
 8538.00000000   17.99097375
 8539.00000000   17.99087988
 8540.00000000   17.99078602
 8541.00000000   17.99069220
 8542.00000000   17.99059839
 8543.00000000   17.99050461
 8544.00000000   17.99041086
 8545.00000000   17.99031713
 8546.00000000   17.99022342
 8547.00000000   17.99012974
 8548.00000000   17.99003608
 8549.00000000   17.98994245
 8550.00000000   17.98984884
 8551.00000000   17.98975525
 8552.00000000   17.98966169
 8553.00000000   17.98956816
 8554.00000000   17.98947465
 8555.00000000   17.98938116
 8556.00000000   17.98928770
 8557.00000000   17.98919426
 8558.00000000   17.98910084
 8559.00000000   17.98900745
 8560.00000000   17.98891409
 8561.00000000   17.98882075
 8562.00000000   17.98872743
 8563.00000000   17.98863414
 8564.00000000   17.98854087
 8565.00000000   17.98844763
 8566.00000000   17.98835441
 8567.00000000   17.98826121
 8568.00000000   17.98816804
 8569.00000000   17.98807489
 8570.00000000   17.98798177
 8571.00000000   17.98788867
 8572.00000000   17.98779560
 8573.00000000   17.98770255
 8574.00000000   17.98760952
 8575.00000000   17.98751652
 8576.00000000   17.98742354
 8577.00000000   17.98733059
 8578.00000000   17.98723766
 8579.00000000   17.98714476
 8580.00000000   17.98705187
 8581.00000000   17.98695902
 8582.00000000   17.98686618
 8583.00000000   17.98677338
 8584.00000000   17.98668059
 8585.00000000   17.98658783
 8586.00000000   17.98649509
 8587.00000000   17.98640238
 8588.00000000   17.98630969
 8589.00000000   17.98621703
 8590.00000000   17.98612439
 8591.00000000   17.98603177
 8592.00000000   17.98593918
 8593.00000000   17.98584661
 8594.00000000   17.98575407
 8595.00000000   17.98566155
 8596.00000000   17.98556905
 8597.00000000   17.98547658
 8598.00000000   17.98538413
 8599.00000000   17.98529171
 8600.00000000   17.98519931
 8601.00000000   17.98510693
 8602.00000000   17.98501458
 8603.00000000   17.98492225
 8604.00000000   17.98482995
 8605.00000000   17.98473767
 8606.00000000   17.98464541
 8607.00000000   17.98455318
 8608.00000000   17.98446097
 8609.00000000   17.98436878
 8610.00000000   17.98427662
 8611.00000000   17.98418449
 8612.00000000   17.98409237
 8613.00000000   17.98400028
 8614.00000000   17.98390822
 8615.00000000   17.98381617
 8616.00000000   17.98372416
 8617.00000000   17.98363216
 8618.00000000   17.98354019
 8619.00000000   17.98344825
 8620.00000000   17.98335632
 8621.00000000   17.98326442
 8622.00000000   17.98317255
 8623.00000000   17.98308070
 8624.00000000   17.98298887
 8625.00000000   17.98289706
 8626.00000000   17.98280528
 8627.00000000   17.98271353
 8628.00000000   17.98262179
 8629.00000000   17.98253009
 8630.00000000   17.98243840
 8631.00000000   17.98234674
 8632.00000000   17.98225510
 8633.00000000   17.98216349
 8634.00000000   17.98207190
 8635.00000000   17.98198033
 8636.00000000   17.98188878
 8637.00000000   17.98179726
 8638.00000000   17.98170577
 8639.00000000   17.98161430
 8640.00000000   17.98152285
 8641.00000000   17.98143142
 8642.00000000   17.98134002
 8643.00000000   17.98124864
 8644.00000000   17.98115729
 8645.00000000   17.98106596
 8646.00000000   17.98097465
 8647.00000000   17.98088336
 8648.00000000   17.98079210
 8649.00000000   17.98070087
 8650.00000000   17.98060965
 8651.00000000   17.98051846
 8652.00000000   17.98042730
 8653.00000000   17.98033616
 8654.00000000   17.98024504
 8655.00000000   17.98015394
 8656.00000000   17.98006287
 8657.00000000   17.97997182
 8658.00000000   17.97988079
 8659.00000000   17.97978979
 8660.00000000   17.97969881
 8661.00000000   17.97960786
 8662.00000000   17.97951693
 8663.00000000   17.97942602
 8664.00000000   17.97933513
 8665.00000000   17.97924427
 8666.00000000   17.97915343
 8667.00000000   17.97906262
 8668.00000000   17.97897183
 8669.00000000   17.97888106
 8670.00000000   17.97879032
 8671.00000000   17.97869960
 8672.00000000   17.97860890
 8673.00000000   17.97851822
 8674.00000000   17.97842757
 8675.00000000   17.97833694
 8676.00000000   17.97824634
 8677.00000000   17.97815576
 8678.00000000   17.97806520
 8679.00000000   17.97797467
 8680.00000000   17.97788415
 8681.00000000   17.97779367
 8682.00000000   17.97770320
 8683.00000000   17.97761276
 8684.00000000   17.97752234
 8685.00000000   17.97743195
 8686.00000000   17.97734158
 8687.00000000   17.97725123
 8688.00000000   17.97716090
 8689.00000000   17.97707060
 8690.00000000   17.97698032
 8691.00000000   17.97689006
 8692.00000000   17.97679983
 8693.00000000   17.97670962
 8694.00000000   17.97661944
 8695.00000000   17.97652927
 8696.00000000   17.97643913
 8697.00000000   17.97634902
 8698.00000000   17.97625892
 8699.00000000   17.97616885
 8700.00000000   17.97607880
 8701.00000000   17.97598878
 8702.00000000   17.97589878
 8703.00000000   17.97580880
 8704.00000000   17.97571884
 8705.00000000   17.97562891
 8706.00000000   17.97553900
 8707.00000000   17.97544912
 8708.00000000   17.97535925
 8709.00000000   17.97526941
 8710.00000000   17.97517960
 8711.00000000   17.97508980
 8712.00000000   17.97500003
 8713.00000000   17.97491028
 8714.00000000   17.97482056
 8715.00000000   17.97473086
 8716.00000000   17.97464118
 8717.00000000   17.97455152
 8718.00000000   17.97446189
 8719.00000000   17.97437228
 8720.00000000   17.97428269
 8721.00000000   17.97419313
 8722.00000000   17.97410359
 8723.00000000   17.97401407
 8724.00000000   17.97392457
 8725.00000000   17.97383510
 8726.00000000   17.97374565
 8727.00000000   17.97365622
 8728.00000000   17.97356682
 8729.00000000   17.97347744
 8730.00000000   17.97338808
 8731.00000000   17.97329875
 8732.00000000   17.97320943
 8733.00000000   17.97312014
 8734.00000000   17.97303088
 8735.00000000   17.97294163
 8736.00000000   17.97285241
 8737.00000000   17.97276321
 8738.00000000   17.97267404
 8739.00000000   17.97258488
 8740.00000000   17.97249575
 8741.00000000   17.97240665
 8742.00000000   17.97231756
 8743.00000000   17.97222850
 8744.00000000   17.97213946
 8745.00000000   17.97205045
 8746.00000000   17.97196145
 8747.00000000   17.97187248
 8748.00000000   17.97178353
 8749.00000000   17.97169461
 8750.00000000   17.97160571
 8751.00000000   17.97151683
 8752.00000000   17.97142797
 8753.00000000   17.97133914
 8754.00000000   17.97125032
 8755.00000000   17.97116153
 8756.00000000   17.97107277
 8757.00000000   17.97098402
 8758.00000000   17.97089530
 8759.00000000   17.97080660
 8760.00000000   17.97071793
 8761.00000000   17.97062927
 8762.00000000   17.97054064
 8763.00000000   17.97045204
 8764.00000000   17.97036345
 8765.00000000   17.97027489
 8766.00000000   17.97018635
 8767.00000000   17.97009783
 8768.00000000   17.97000933
 8769.00000000   17.96992086
 8770.00000000   17.96983241
 8771.00000000   17.96974398
 8772.00000000   17.96965558
 8773.00000000   17.96956719
 8774.00000000   17.96947883
 8775.00000000   17.96939050
 8776.00000000   17.96930218
 8777.00000000   17.96921389
 8778.00000000   17.96912562
 8779.00000000   17.96903737
 8780.00000000   17.96894914
 8781.00000000   17.96886094
 8782.00000000   17.96877276
 8783.00000000   17.96868460
 8784.00000000   17.96859647
 8785.00000000   17.96850835
 8786.00000000   17.96842026
 8787.00000000   17.96833220
 8788.00000000   17.96824415
 8789.00000000   17.96815613
 8790.00000000   17.96806813
 8791.00000000   17.96798015
 8792.00000000   17.96789219
 8793.00000000   17.96780426
 8794.00000000   17.96771634
 8795.00000000   17.96762845
 8796.00000000   17.96754059
 8797.00000000   17.96745274
 8798.00000000   17.96736492
 8799.00000000   17.96727712
 8800.00000000   17.96718934
 8801.00000000   17.96710159
 8802.00000000   17.96701385
 8803.00000000   17.96692614
 8804.00000000   17.96683845
 8805.00000000   17.96675079
 8806.00000000   17.96666314
 8807.00000000   17.96657552
 8808.00000000   17.96648792
 8809.00000000   17.96640034
 8810.00000000   17.96631279
 8811.00000000   17.96622526
 8812.00000000   17.96613775
 8813.00000000   17.96605026
 8814.00000000   17.96596279
 8815.00000000   17.96587535
 8816.00000000   17.96578792
 8817.00000000   17.96570052
 8818.00000000   17.96561315
 8819.00000000   17.96552579
 8820.00000000   17.96543846
 8821.00000000   17.96535115
 8822.00000000   17.96526386
 8823.00000000   17.96517659
 8824.00000000   17.96508934
 8825.00000000   17.96500212
 8826.00000000   17.96491492
 8827.00000000   17.96482774
 8828.00000000   17.96474059
 8829.00000000   17.96465345
 8830.00000000   17.96456634
 8831.00000000   17.96447925
 8832.00000000   17.96439218
 8833.00000000   17.96430513
 8834.00000000   17.96421811
 8835.00000000   17.96413111
 8836.00000000   17.96404413
 8837.00000000   17.96395717
 8838.00000000   17.96387023
 8839.00000000   17.96378332
 8840.00000000   17.96369643
 8841.00000000   17.96360956
 8842.00000000   17.96352271
 8843.00000000   17.96343588
 8844.00000000   17.96334908
 8845.00000000   17.96326229
 8846.00000000   17.96317553
 8847.00000000   17.96308880
 8848.00000000   17.96300208
 8849.00000000   17.96291538
 8850.00000000   17.96282871
 8851.00000000   17.96274206
 8852.00000000   17.96265543
 8853.00000000   17.96256882
 8854.00000000   17.96248224
 8855.00000000   17.96239568
 8856.00000000   17.96230913
 8857.00000000   17.96222261
 8858.00000000   17.96213612
 8859.00000000   17.96204964
 8860.00000000   17.96196319
 8861.00000000   17.96187675
 8862.00000000   17.96179034
 8863.00000000   17.96170396
 8864.00000000   17.96161759
 8865.00000000   17.96153124
 8866.00000000   17.96144492
 8867.00000000   17.96135862
 8868.00000000   17.96127234
 8869.00000000   17.96118608
 8870.00000000   17.96109984
 8871.00000000   17.96101363
 8872.00000000   17.96092744
 8873.00000000   17.96084127
 8874.00000000   17.96075512
 8875.00000000   17.96066899
 8876.00000000   17.96058288
 8877.00000000   17.96049680
 8878.00000000   17.96041074
 8879.00000000   17.96032470
 8880.00000000   17.96023868
 8881.00000000   17.96015268
 8882.00000000   17.96006670
 8883.00000000   17.95998075
 8884.00000000   17.95989482
 8885.00000000   17.95980891
 8886.00000000   17.95972302
 8887.00000000   17.95963715
 8888.00000000   17.95955130
 8889.00000000   17.95946548
 8890.00000000   17.95937968
 8891.00000000   17.95929390
 8892.00000000   17.95920814
 8893.00000000   17.95912240
 8894.00000000   17.95903668
 8895.00000000   17.95895099
 8896.00000000   17.95886531
 8897.00000000   17.95877966
 8898.00000000   17.95869403
 8899.00000000   17.95860842
 8900.00000000   17.95852284
 8901.00000000   17.95843727
 8902.00000000   17.95835173
 8903.00000000   17.95826620
 8904.00000000   17.95818070
 8905.00000000   17.95809522
 8906.00000000   17.95800977
 8907.00000000   17.95792433
 8908.00000000   17.95783891
 8909.00000000   17.95775352
 8910.00000000   17.95766815
 8911.00000000   17.95758280
 8912.00000000   17.95749747
 8913.00000000   17.95741216
 8914.00000000   17.95732687
 8915.00000000   17.95724161
 8916.00000000   17.95715636
 8917.00000000   17.95707114
 8918.00000000   17.95698594
 8919.00000000   17.95690076
 8920.00000000   17.95681560
 8921.00000000   17.95673047
 8922.00000000   17.95664535
 8923.00000000   17.95656026
 8924.00000000   17.95647518
 8925.00000000   17.95639013
 8926.00000000   17.95630510
 8927.00000000   17.95622009
 8928.00000000   17.95613511
 8929.00000000   17.95605014
 8930.00000000   17.95596520
 8931.00000000   17.95588027
 8932.00000000   17.95579537
 8933.00000000   17.95571049
 8934.00000000   17.95562563
 8935.00000000   17.95554079
 8936.00000000   17.95545597
 8937.00000000   17.95537118
 8938.00000000   17.95528640
 8939.00000000   17.95520165
 8940.00000000   17.95511692
 8941.00000000   17.95503221
 8942.00000000   17.95494752
 8943.00000000   17.95486285
 8944.00000000   17.95477820
 8945.00000000   17.95469358
 8946.00000000   17.95460897
 8947.00000000   17.95452439
 8948.00000000   17.95443982
 8949.00000000   17.95435528
 8950.00000000   17.95427076
 8951.00000000   17.95418626
 8952.00000000   17.95410179
 8953.00000000   17.95401733
 8954.00000000   17.95393289
 8955.00000000   17.95384848
 8956.00000000   17.95376409
 8957.00000000   17.95367971
 8958.00000000   17.95359536
 8959.00000000   17.95351103
 8960.00000000   17.95342672
 8961.00000000   17.95334243
 8962.00000000   17.95325817
 8963.00000000   17.95317392
 8964.00000000   17.95308970
 8965.00000000   17.95300549
 8966.00000000   17.95292131
 8967.00000000   17.95283715
 8968.00000000   17.95275301
 8969.00000000   17.95266889
 8970.00000000   17.95258479
 8971.00000000   17.95250071
 8972.00000000   17.95241665
 8973.00000000   17.95233262
 8974.00000000   17.95224860
 8975.00000000   17.95216461
 8976.00000000   17.95208064
 8977.00000000   17.95199669
 8978.00000000   17.95191275
 8979.00000000   17.95182884
 8980.00000000   17.95174496
 8981.00000000   17.95166109
 8982.00000000   17.95157724
 8983.00000000   17.95149341
 8984.00000000   17.95140961
 8985.00000000   17.95132582
 8986.00000000   17.95124206
 8987.00000000   17.95115832
 8988.00000000   17.95107460
 8989.00000000   17.95099089
 8990.00000000   17.95090721
 8991.00000000   17.95082356
 8992.00000000   17.95073992
 8993.00000000   17.95065630
 8994.00000000   17.95057270
 8995.00000000   17.95048913
 8996.00000000   17.95040557
 8997.00000000   17.95032204
 8998.00000000   17.95023852
 8999.00000000   17.95015503
 9000.00000000   17.95007156
 9001.00000000   17.94998811
 9002.00000000   17.94990468
 9003.00000000   17.94982127
 9004.00000000   17.94973788
 9005.00000000   17.94965451
 9006.00000000   17.94957116
 9007.00000000   17.94948784
 9008.00000000   17.94940453
 9009.00000000   17.94932125
 9010.00000000   17.94923798
 9011.00000000   17.94915474
 9012.00000000   17.94907152
 9013.00000000   17.94898831
 9014.00000000   17.94890513
 9015.00000000   17.94882197
 9016.00000000   17.94873883
 9017.00000000   17.94865571
 9018.00000000   17.94857261
 9019.00000000   17.94848953
 9020.00000000   17.94840648
 9021.00000000   17.94832344
 9022.00000000   17.94824042
 9023.00000000   17.94815743
 9024.00000000   17.94807445
 9025.00000000   17.94799150
 9026.00000000   17.94790856
 9027.00000000   17.94782565
 9028.00000000   17.94774276
 9029.00000000   17.94765989
 9030.00000000   17.94757703
 9031.00000000   17.94749420
 9032.00000000   17.94741139
 9033.00000000   17.94732860
 9034.00000000   17.94724583
 9035.00000000   17.94716309
 9036.00000000   17.94708036
 9037.00000000   17.94699765
 9038.00000000   17.94691496
 9039.00000000   17.94683230
 9040.00000000   17.94674965
 9041.00000000   17.94666702
 9042.00000000   17.94658442
 9043.00000000   17.94650183
 9044.00000000   17.94641927
 9045.00000000   17.94633673
 9046.00000000   17.94625420
 9047.00000000   17.94617170
 9048.00000000   17.94608922
 9049.00000000   17.94600676
 9050.00000000   17.94592431
 9051.00000000   17.94584189
 9052.00000000   17.94575949
 9053.00000000   17.94567711
 9054.00000000   17.94559475
 9055.00000000   17.94551241
 9056.00000000   17.94543009
 9057.00000000   17.94534779
 9058.00000000   17.94526552
 9059.00000000   17.94518326
 9060.00000000   17.94510102
 9061.00000000   17.94501880
 9062.00000000   17.94493661
 9063.00000000   17.94485443
 9064.00000000   17.94477227
 9065.00000000   17.94469014
 9066.00000000   17.94460802
 9067.00000000   17.94452593
 9068.00000000   17.94444385
 9069.00000000   17.94436180
 9070.00000000   17.94427976
 9071.00000000   17.94419775
 9072.00000000   17.94411576
 9073.00000000   17.94403378
 9074.00000000   17.94395183
 9075.00000000   17.94386990
 9076.00000000   17.94378798
 9077.00000000   17.94370609
 9078.00000000   17.94362422
 9079.00000000   17.94354237
 9080.00000000   17.94346053
 9081.00000000   17.94337872
 9082.00000000   17.94329693
 9083.00000000   17.94321516
 9084.00000000   17.94313341
 9085.00000000   17.94305168
 9086.00000000   17.94296997
 9087.00000000   17.94288828
 9088.00000000   17.94280661
 9089.00000000   17.94272496
 9090.00000000   17.94264333
 9091.00000000   17.94256172
 9092.00000000   17.94248013
 9093.00000000   17.94239856
 9094.00000000   17.94231701
 9095.00000000   17.94223548
 9096.00000000   17.94215397
 9097.00000000   17.94207248
 9098.00000000   17.94199101
 9099.00000000   17.94190956
 9100.00000000   17.94182813
 9101.00000000   17.94174673
 9102.00000000   17.94166534
 9103.00000000   17.94158397
 9104.00000000   17.94150262
 9105.00000000   17.94142129
 9106.00000000   17.94133998
 9107.00000000   17.94125869
 9108.00000000   17.94117743
 9109.00000000   17.94109618
 9110.00000000   17.94101495
 9111.00000000   17.94093374
 9112.00000000   17.94085255
 9113.00000000   17.94077138
 9114.00000000   17.94069024
 9115.00000000   17.94060911
 9116.00000000   17.94052800
 9117.00000000   17.94044691
 9118.00000000   17.94036584
 9119.00000000   17.94028479
 9120.00000000   17.94020377
 9121.00000000   17.94012276
 9122.00000000   17.94004177
 9123.00000000   17.93996080
 9124.00000000   17.93987985
 9125.00000000   17.93979892
 9126.00000000   17.93971801
 9127.00000000   17.93963712
 9128.00000000   17.93955625
 9129.00000000   17.93947541
 9130.00000000   17.93939458
 9131.00000000   17.93931377
 9132.00000000   17.93923298
 9133.00000000   17.93915221
 9134.00000000   17.93907146
 9135.00000000   17.93899073
 9136.00000000   17.93891002
 9137.00000000   17.93882933
 9138.00000000   17.93874866
 9139.00000000   17.93866800
 9140.00000000   17.93858737
 9141.00000000   17.93850676
 9142.00000000   17.93842617
 9143.00000000   17.93834560
 9144.00000000   17.93826505
 9145.00000000   17.93818452
 9146.00000000   17.93810400
 9147.00000000   17.93802351
 9148.00000000   17.93794304
 9149.00000000   17.93786258
 9150.00000000   17.93778215
 9151.00000000   17.93770174
 9152.00000000   17.93762134
 9153.00000000   17.93754097
 9154.00000000   17.93746062
 9155.00000000   17.93738028
 9156.00000000   17.93729997
 9157.00000000   17.93721967
 9158.00000000   17.93713939
 9159.00000000   17.93705914
 9160.00000000   17.93697890
 9161.00000000   17.93689869
 9162.00000000   17.93681849
 9163.00000000   17.93673831
 9164.00000000   17.93665815
 9165.00000000   17.93657802
 9166.00000000   17.93649790
 9167.00000000   17.93641780
 9168.00000000   17.93633772
 9169.00000000   17.93625766
 9170.00000000   17.93617762
 9171.00000000   17.93609760
 9172.00000000   17.93601760
 9173.00000000   17.93593762
 9174.00000000   17.93585766
 9175.00000000   17.93577772
 9176.00000000   17.93569779
 9177.00000000   17.93561789
 9178.00000000   17.93553801
 9179.00000000   17.93545814
 9180.00000000   17.93537830
 9181.00000000   17.93529848
 9182.00000000   17.93521867
 9183.00000000   17.93513888
 9184.00000000   17.93505912
 9185.00000000   17.93497937
 9186.00000000   17.93489964
 9187.00000000   17.93481994
 9188.00000000   17.93474025
 9189.00000000   17.93466058
 9190.00000000   17.93458093
 9191.00000000   17.93450130
 9192.00000000   17.93442169
 9193.00000000   17.93434210
 9194.00000000   17.93426253
 9195.00000000   17.93418298
 9196.00000000   17.93410345
 9197.00000000   17.93402393
 9198.00000000   17.93394444
 9199.00000000   17.93386497
 9200.00000000   17.93378551
 9201.00000000   17.93370608
 9202.00000000   17.93362666
 9203.00000000   17.93354726
 9204.00000000   17.93346789
 9205.00000000   17.93338853
 9206.00000000   17.93330919
 9207.00000000   17.93322987
 9208.00000000   17.93315057
 9209.00000000   17.93307129
 9210.00000000   17.93299203
 9211.00000000   17.93291279
 9212.00000000   17.93283357
 9213.00000000   17.93275436
 9214.00000000   17.93267518
 9215.00000000   17.93259602
 9216.00000000   17.93251687
 9217.00000000   17.93243775
 9218.00000000   17.93235864
 9219.00000000   17.93227955
 9220.00000000   17.93220048
 9221.00000000   17.93212144
 9222.00000000   17.93204241
 9223.00000000   17.93196340
 9224.00000000   17.93188441
 9225.00000000   17.93180543
 9226.00000000   17.93172648
 9227.00000000   17.93164755
 9228.00000000   17.93156863
 9229.00000000   17.93148974
 9230.00000000   17.93141086
 9231.00000000   17.93133201
 9232.00000000   17.93125317
 9233.00000000   17.93117435
 9234.00000000   17.93109556
 9235.00000000   17.93101678
 9236.00000000   17.93093802
 9237.00000000   17.93085927
 9238.00000000   17.93078055
 9239.00000000   17.93070185
 9240.00000000   17.93062317
 9241.00000000   17.93054450
 9242.00000000   17.93046586
 9243.00000000   17.93038723
 9244.00000000   17.93030862
 9245.00000000   17.93023004
 9246.00000000   17.93015147
 9247.00000000   17.93007292
 9248.00000000   17.92999439
 9249.00000000   17.92991587
 9250.00000000   17.92983738
 9251.00000000   17.92975891
 9252.00000000   17.92968045
 9253.00000000   17.92960202
 9254.00000000   17.92952360
 9255.00000000   17.92944521
 9256.00000000   17.92936683
 9257.00000000   17.92928847
 9258.00000000   17.92921013
 9259.00000000   17.92913181
 9260.00000000   17.92905351
 9261.00000000   17.92897522
 9262.00000000   17.92889696
 9263.00000000   17.92881871
 9264.00000000   17.92874049
 9265.00000000   17.92866228
 9266.00000000   17.92858409
 9267.00000000   17.92850592
 9268.00000000   17.92842777
 9269.00000000   17.92834964
 9270.00000000   17.92827153
 9271.00000000   17.92819344
 9272.00000000   17.92811536
 9273.00000000   17.92803731
 9274.00000000   17.92795927
 9275.00000000   17.92788125
 9276.00000000   17.92780326
 9277.00000000   17.92772528
 9278.00000000   17.92764731
 9279.00000000   17.92756937
 9280.00000000   17.92749145
 9281.00000000   17.92741355
 9282.00000000   17.92733566
 9283.00000000   17.92725779
 9284.00000000   17.92717995
 9285.00000000   17.92710212
 9286.00000000   17.92702431
 9287.00000000   17.92694652
 9288.00000000   17.92686875
 9289.00000000   17.92679099
 9290.00000000   17.92671326
 9291.00000000   17.92663554
 9292.00000000   17.92655785
 9293.00000000   17.92648017
 9294.00000000   17.92640251
 9295.00000000   17.92632487
 9296.00000000   17.92624725
 9297.00000000   17.92616964
 9298.00000000   17.92609206
 9299.00000000   17.92601450
 9300.00000000   17.92593695
 9301.00000000   17.92585942
 9302.00000000   17.92578191
 9303.00000000   17.92570442
 9304.00000000   17.92562695
 9305.00000000   17.92554950
 9306.00000000   17.92547206
 9307.00000000   17.92539465
 9308.00000000   17.92531725
 9309.00000000   17.92523987
 9310.00000000   17.92516252
 9311.00000000   17.92508517
 9312.00000000   17.92500785
 9313.00000000   17.92493055
 9314.00000000   17.92485327
 9315.00000000   17.92477600
 9316.00000000   17.92469875
 9317.00000000   17.92462152
 9318.00000000   17.92454431
 9319.00000000   17.92446712
 9320.00000000   17.92438995
 9321.00000000   17.92431280
 9322.00000000   17.92423566
 9323.00000000   17.92415855
 9324.00000000   17.92408145
 9325.00000000   17.92400437
 9326.00000000   17.92392731
 9327.00000000   17.92385027
 9328.00000000   17.92377324
 9329.00000000   17.92369624
 9330.00000000   17.92361925
 9331.00000000   17.92354228
 9332.00000000   17.92346533
 9333.00000000   17.92338840
 9334.00000000   17.92331149
 9335.00000000   17.92323460
 9336.00000000   17.92315772
 9337.00000000   17.92308087
 9338.00000000   17.92300403
 9339.00000000   17.92292721
 9340.00000000   17.92285041
 9341.00000000   17.92277362
 9342.00000000   17.92269686
 9343.00000000   17.92262012
 9344.00000000   17.92254339
 9345.00000000   17.92246668
 9346.00000000   17.92238999
 9347.00000000   17.92231332
 9348.00000000   17.92223667
 9349.00000000   17.92216003
 9350.00000000   17.92208341
 9351.00000000   17.92200682
 9352.00000000   17.92193024
 9353.00000000   17.92185368
 9354.00000000   17.92177713
 9355.00000000   17.92170061
 9356.00000000   17.92162411
 9357.00000000   17.92154762
 9358.00000000   17.92147115
 9359.00000000   17.92139470
 9360.00000000   17.92131827
 9361.00000000   17.92124185
 9362.00000000   17.92116546
 9363.00000000   17.92108908
 9364.00000000   17.92101272
 9365.00000000   17.92093638
 9366.00000000   17.92086006
 9367.00000000   17.92078376
 9368.00000000   17.92070747
 9369.00000000   17.92063121
 9370.00000000   17.92055496
 9371.00000000   17.92047873
 9372.00000000   17.92040252
 9373.00000000   17.92032632
 9374.00000000   17.92025015
 9375.00000000   17.92017399
 9376.00000000   17.92009785
 9377.00000000   17.92002173
 9378.00000000   17.91994563
 9379.00000000   17.91986955
 9380.00000000   17.91979348
 9381.00000000   17.91971743
 9382.00000000   17.91964140
 9383.00000000   17.91956539
 9384.00000000   17.91948940
 9385.00000000   17.91941343
 9386.00000000   17.91933747
 9387.00000000   17.91926153
 9388.00000000   17.91918561
 9389.00000000   17.91910971
 9390.00000000   17.91903383
 9391.00000000   17.91895797
 9392.00000000   17.91888212
 9393.00000000   17.91880629
 9394.00000000   17.91873048
 9395.00000000   17.91865469
 9396.00000000   17.91857891
 9397.00000000   17.91850316
 9398.00000000   17.91842742
 9399.00000000   17.91835170
 9400.00000000   17.91827600
 9401.00000000   17.91820032
 9402.00000000   17.91812465
 9403.00000000   17.91804901
 9404.00000000   17.91797338
 9405.00000000   17.91789777
 9406.00000000   17.91782217
 9407.00000000   17.91774660
 9408.00000000   17.91767104
 9409.00000000   17.91759550
 9410.00000000   17.91751998
 9411.00000000   17.91744448
 9412.00000000   17.91736900
 9413.00000000   17.91729353
 9414.00000000   17.91721808
 9415.00000000   17.91714265
 9416.00000000   17.91706724
 9417.00000000   17.91699185
 9418.00000000   17.91691647
 9419.00000000   17.91684112
 9420.00000000   17.91676578
 9421.00000000   17.91669046
 9422.00000000   17.91661515
 9423.00000000   17.91653987
 9424.00000000   17.91646460
 9425.00000000   17.91638935
 9426.00000000   17.91631412
 9427.00000000   17.91623890
 9428.00000000   17.91616371
 9429.00000000   17.91608853
 9430.00000000   17.91601337
 9431.00000000   17.91593823
 9432.00000000   17.91586311
 9433.00000000   17.91578800
 9434.00000000   17.91571291
 9435.00000000   17.91563784
 9436.00000000   17.91556279
 9437.00000000   17.91548776
 9438.00000000   17.91541274
 9439.00000000   17.91533774
 9440.00000000   17.91526276
 9441.00000000   17.91518780
 9442.00000000   17.91511286
 9443.00000000   17.91503793
 9444.00000000   17.91496302
 9445.00000000   17.91488813
 9446.00000000   17.91481326
 9447.00000000   17.91473840
 9448.00000000   17.91466356
 9449.00000000   17.91458874
 9450.00000000   17.91451394
 9451.00000000   17.91443916
 9452.00000000   17.91436439
 9453.00000000   17.91428965
 9454.00000000   17.91421492
 9455.00000000   17.91414020
 9456.00000000   17.91406551
 9457.00000000   17.91399083
 9458.00000000   17.91391617
 9459.00000000   17.91384153
 9460.00000000   17.91376691
 9461.00000000   17.91369230
 9462.00000000   17.91361771
 9463.00000000   17.91354314
 9464.00000000   17.91346859
 9465.00000000   17.91339406
 9466.00000000   17.91331954
 9467.00000000   17.91324504
 9468.00000000   17.91317056
 9469.00000000   17.91309610
 9470.00000000   17.91302165
 9471.00000000   17.91294722
 9472.00000000   17.91287281
 9473.00000000   17.91279842
 9474.00000000   17.91272405
 9475.00000000   17.91264969
 9476.00000000   17.91257535
 9477.00000000   17.91250103
 9478.00000000   17.91242672
 9479.00000000   17.91235244
 9480.00000000   17.91227817
 9481.00000000   17.91220392
 9482.00000000   17.91212968
 9483.00000000   17.91205547
 9484.00000000   17.91198127
 9485.00000000   17.91190709
 9486.00000000   17.91183293
 9487.00000000   17.91175878
 9488.00000000   17.91168465
 9489.00000000   17.91161054
 9490.00000000   17.91153645
 9491.00000000   17.91146238
 9492.00000000   17.91138832
 9493.00000000   17.91131428
 9494.00000000   17.91124026
 9495.00000000   17.91116625
 9496.00000000   17.91109227
 9497.00000000   17.91101830
 9498.00000000   17.91094435
 9499.00000000   17.91087041
 9500.00000000   17.91079650
 9501.00000000   17.91072260
 9502.00000000   17.91064872
 9503.00000000   17.91057485
 9504.00000000   17.91050101
 9505.00000000   17.91042718
 9506.00000000   17.91035337
 9507.00000000   17.91027957
 9508.00000000   17.91020580
 9509.00000000   17.91013204
 9510.00000000   17.91005830
 9511.00000000   17.90998457
 9512.00000000   17.90991087
 9513.00000000   17.90983718
 9514.00000000   17.90976351
 9515.00000000   17.90968985
 9516.00000000   17.90961622
 9517.00000000   17.90954260
 9518.00000000   17.90946900
 9519.00000000   17.90939541
 9520.00000000   17.90932184
 9521.00000000   17.90924830
 9522.00000000   17.90917476
 9523.00000000   17.90910125
 9524.00000000   17.90902775
 9525.00000000   17.90895427
 9526.00000000   17.90888081
 9527.00000000   17.90880737
 9528.00000000   17.90873394
 9529.00000000   17.90866053
 9530.00000000   17.90858714
 9531.00000000   17.90851376
 9532.00000000   17.90844040
 9533.00000000   17.90836706
 9534.00000000   17.90829374
 9535.00000000   17.90822044
 9536.00000000   17.90814715
 9537.00000000   17.90807388
 9538.00000000   17.90800062
 9539.00000000   17.90792739
 9540.00000000   17.90785417
 9541.00000000   17.90778097
 9542.00000000   17.90770778
 9543.00000000   17.90763461
 9544.00000000   17.90756147
 9545.00000000   17.90748833
 9546.00000000   17.90741522
 9547.00000000   17.90734212
 9548.00000000   17.90726904
 9549.00000000   17.90719598
 9550.00000000   17.90712293
 9551.00000000   17.90704990
 9552.00000000   17.90697689
 9553.00000000   17.90690390
 9554.00000000   17.90683092
 9555.00000000   17.90675796
 9556.00000000   17.90668502
 9557.00000000   17.90661209
 9558.00000000   17.90653918
 9559.00000000   17.90646629
 9560.00000000   17.90639342
 9561.00000000   17.90632056
 9562.00000000   17.90624772
 9563.00000000   17.90617490
 9564.00000000   17.90610210
 9565.00000000   17.90602931
 9566.00000000   17.90595654
 9567.00000000   17.90588379
 9568.00000000   17.90581105
 9569.00000000   17.90573833
 9570.00000000   17.90566563
 9571.00000000   17.90559295
 9572.00000000   17.90552028
 9573.00000000   17.90544763
 9574.00000000   17.90537499
 9575.00000000   17.90530238
 9576.00000000   17.90522978
 9577.00000000   17.90515720
 9578.00000000   17.90508463
 9579.00000000   17.90501209
 9580.00000000   17.90493956
 9581.00000000   17.90486704
 9582.00000000   17.90479455
 9583.00000000   17.90472207
 9584.00000000   17.90464961
 9585.00000000   17.90457716
 9586.00000000   17.90450473
 9587.00000000   17.90443232
 9588.00000000   17.90435993
 9589.00000000   17.90428755
 9590.00000000   17.90421519
 9591.00000000   17.90414285
 9592.00000000   17.90407052
 9593.00000000   17.90399821
 9594.00000000   17.90392592
 9595.00000000   17.90385365
 9596.00000000   17.90378139
 9597.00000000   17.90370915
 9598.00000000   17.90363693
 9599.00000000   17.90356472
 9600.00000000   17.90349253
 9601.00000000   17.90342036
 9602.00000000   17.90334820
 9603.00000000   17.90327606
 9604.00000000   17.90320394
 9605.00000000   17.90313184
 9606.00000000   17.90305975
 9607.00000000   17.90298768
 9608.00000000   17.90291563
 9609.00000000   17.90284359
 9610.00000000   17.90277157
 9611.00000000   17.90269957
 9612.00000000   17.90262758
 9613.00000000   17.90255561
 9614.00000000   17.90248366
 9615.00000000   17.90241172
 9616.00000000   17.90233980
 9617.00000000   17.90226790
 9618.00000000   17.90219602
 9619.00000000   17.90212415
 9620.00000000   17.90205230
 9621.00000000   17.90198047
 9622.00000000   17.90190865
 9623.00000000   17.90183685
 9624.00000000   17.90176507
 9625.00000000   17.90169330
 9626.00000000   17.90162155
 9627.00000000   17.90154982
 9628.00000000   17.90147810
 9629.00000000   17.90140640
 9630.00000000   17.90133472
 9631.00000000   17.90126305
 9632.00000000   17.90119140
 9633.00000000   17.90111977
 9634.00000000   17.90104816
 9635.00000000   17.90097656
 9636.00000000   17.90090498
 9637.00000000   17.90083341
 9638.00000000   17.90076187
 9639.00000000   17.90069033
 9640.00000000   17.90061882
 9641.00000000   17.90054732
 9642.00000000   17.90047584
 9643.00000000   17.90040438
 9644.00000000   17.90033293
 9645.00000000   17.90026150
 9646.00000000   17.90019009
 9647.00000000   17.90011869
 9648.00000000   17.90004731
 9649.00000000   17.89997594
 9650.00000000   17.89990460
 9651.00000000   17.89983327
 9652.00000000   17.89976195
 9653.00000000   17.89969066
 9654.00000000   17.89961938
 9655.00000000   17.89954811
 9656.00000000   17.89947687
 9657.00000000   17.89940564
 9658.00000000   17.89933442
 9659.00000000   17.89926323
 9660.00000000   17.89919205
 9661.00000000   17.89912088
 9662.00000000   17.89904974
 9663.00000000   17.89897861
 9664.00000000   17.89890749
 9665.00000000   17.89883640
 9666.00000000   17.89876532
 9667.00000000   17.89869425
 9668.00000000   17.89862321
 9669.00000000   17.89855217
 9670.00000000   17.89848116
 9671.00000000   17.89841016
 9672.00000000   17.89833918
 9673.00000000   17.89826822
 9674.00000000   17.89819727
 9675.00000000   17.89812634
 9676.00000000   17.89805543
 9677.00000000   17.89798453
 9678.00000000   17.89791365
 9679.00000000   17.89784278
 9680.00000000   17.89777194
 9681.00000000   17.89770111
 9682.00000000   17.89763029
 9683.00000000   17.89755949
 9684.00000000   17.89748871
 9685.00000000   17.89741795
 9686.00000000   17.89734720
 9687.00000000   17.89727646
 9688.00000000   17.89720575
 9689.00000000   17.89713505
 9690.00000000   17.89706437
 9691.00000000   17.89699370
 9692.00000000   17.89692305
 9693.00000000   17.89685242
 9694.00000000   17.89678180
 9695.00000000   17.89671120
 9696.00000000   17.89664062
 9697.00000000   17.89657005
 9698.00000000   17.89649950
 9699.00000000   17.89642896
 9700.00000000   17.89635845
 9701.00000000   17.89628795
 9702.00000000   17.89621746
 9703.00000000   17.89614699
 9704.00000000   17.89607654
 9705.00000000   17.89600610
 9706.00000000   17.89593568
 9707.00000000   17.89586528
 9708.00000000   17.89579490
 9709.00000000   17.89572452
 9710.00000000   17.89565417
 9711.00000000   17.89558383
 9712.00000000   17.89551351
 9713.00000000   17.89544321
 9714.00000000   17.89537292
 9715.00000000   17.89530265
 9716.00000000   17.89523239
 9717.00000000   17.89516215
 9718.00000000   17.89509193
 9719.00000000   17.89502172
 9720.00000000   17.89495153
 9721.00000000   17.89488136
 9722.00000000   17.89481120
 9723.00000000   17.89474106
 9724.00000000   17.89467094
 9725.00000000   17.89460083
 9726.00000000   17.89453074
 9727.00000000   17.89446066
 9728.00000000   17.89439060
 9729.00000000   17.89432056
 9730.00000000   17.89425053
 9731.00000000   17.89418052
 9732.00000000   17.89411053
 9733.00000000   17.89404055
 9734.00000000   17.89397059
 9735.00000000   17.89390064
 9736.00000000   17.89383071
 9737.00000000   17.89376080
 9738.00000000   17.89369090
 9739.00000000   17.89362102
 9740.00000000   17.89355116
 9741.00000000   17.89348131
 9742.00000000   17.89341148
 9743.00000000   17.89334166
 9744.00000000   17.89327186
 9745.00000000   17.89320208
 9746.00000000   17.89313231
 9747.00000000   17.89306256
 9748.00000000   17.89299283
 9749.00000000   17.89292311
 9750.00000000   17.89285341
 9751.00000000   17.89278372
 9752.00000000   17.89271405
 9753.00000000   17.89264440
 9754.00000000   17.89257476
 9755.00000000   17.89250514
 9756.00000000   17.89243553
 9757.00000000   17.89236595
 9758.00000000   17.89229637
 9759.00000000   17.89222682
 9760.00000000   17.89215728
 9761.00000000   17.89208775
 9762.00000000   17.89201824
 9763.00000000   17.89194875
 9764.00000000   17.89187927
 9765.00000000   17.89180981
 9766.00000000   17.89174037
 9767.00000000   17.89167094
 9768.00000000   17.89160153
 9769.00000000   17.89153214
 9770.00000000   17.89146276
 9771.00000000   17.89139339
 9772.00000000   17.89132405
 9773.00000000   17.89125471
 9774.00000000   17.89118540
 9775.00000000   17.89111610
 9776.00000000   17.89104682
 9777.00000000   17.89097755
 9778.00000000   17.89090830
 9779.00000000   17.89083906
 9780.00000000   17.89076984
 9781.00000000   17.89070064
 9782.00000000   17.89063145
 9783.00000000   17.89056228
 9784.00000000   17.89049313
 9785.00000000   17.89042399
 9786.00000000   17.89035487
 9787.00000000   17.89028576
 9788.00000000   17.89021667
 9789.00000000   17.89014759
 9790.00000000   17.89007854
 9791.00000000   17.89000949
 9792.00000000   17.88994047
 9793.00000000   17.88987145
 9794.00000000   17.88980246
 9795.00000000   17.88973348
 9796.00000000   17.88966452
 9797.00000000   17.88959557
 9798.00000000   17.88952664
 9799.00000000   17.88945772
 9800.00000000   17.88938882
 9801.00000000   17.88931994
 9802.00000000   17.88925107
 9803.00000000   17.88918222
 9804.00000000   17.88911339
 9805.00000000   17.88904457
 9806.00000000   17.88897576
 9807.00000000   17.88890697
 9808.00000000   17.88883820
 9809.00000000   17.88876945
 9810.00000000   17.88870071
 9811.00000000   17.88863198
 9812.00000000   17.88856327
 9813.00000000   17.88849458
 9814.00000000   17.88842590
 9815.00000000   17.88835724
 9816.00000000   17.88828860
 9817.00000000   17.88821997
 9818.00000000   17.88815135
 9819.00000000   17.88808276
 9820.00000000   17.88801417
 9821.00000000   17.88794561
 9822.00000000   17.88787706
 9823.00000000   17.88780852
 9824.00000000   17.88774001
 9825.00000000   17.88767150
 9826.00000000   17.88760302
 9827.00000000   17.88753454
 9828.00000000   17.88746609
 9829.00000000   17.88739765
 9830.00000000   17.88732923
 9831.00000000   17.88726082
 9832.00000000   17.88719243
 9833.00000000   17.88712405
 9834.00000000   17.88705569
 9835.00000000   17.88698734
 9836.00000000   17.88691901
 9837.00000000   17.88685070
 9838.00000000   17.88678240
 9839.00000000   17.88671412
 9840.00000000   17.88664585
 9841.00000000   17.88657760
 9842.00000000   17.88650937
 9843.00000000   17.88644115
 9844.00000000   17.88637295
 9845.00000000   17.88630476
 9846.00000000   17.88623659
 9847.00000000   17.88616843
 9848.00000000   17.88610029
 9849.00000000   17.88603216
 9850.00000000   17.88596405
 9851.00000000   17.88589596
 9852.00000000   17.88582788
 9853.00000000   17.88575982
 9854.00000000   17.88569177
 9855.00000000   17.88562374
 9856.00000000   17.88555573
 9857.00000000   17.88548773
 9858.00000000   17.88541974
 9859.00000000   17.88535178
 9860.00000000   17.88528382
 9861.00000000   17.88521589
 9862.00000000   17.88514796
 9863.00000000   17.88508006
 9864.00000000   17.88501217
 9865.00000000   17.88494429
 9866.00000000   17.88487643
 9867.00000000   17.88480859
 9868.00000000   17.88474076
 9869.00000000   17.88467295
 9870.00000000   17.88460515
 9871.00000000   17.88453737
 9872.00000000   17.88446961
 9873.00000000   17.88440186
 9874.00000000   17.88433412
 9875.00000000   17.88426640
 9876.00000000   17.88419870
 9877.00000000   17.88413101
 9878.00000000   17.88406334
 9879.00000000   17.88399568
 9880.00000000   17.88392804
 9881.00000000   17.88386042
 9882.00000000   17.88379280
 9883.00000000   17.88372521
 9884.00000000   17.88365763
 9885.00000000   17.88359007
 9886.00000000   17.88352252
 9887.00000000   17.88345499
 9888.00000000   17.88338747
 9889.00000000   17.88331997
 9890.00000000   17.88325248
 9891.00000000   17.88318501
 9892.00000000   17.88311756
 9893.00000000   17.88305012
 9894.00000000   17.88298269
 9895.00000000   17.88291528
 9896.00000000   17.88284789
 9897.00000000   17.88278051
 9898.00000000   17.88271315
 9899.00000000   17.88264580
 9900.00000000   17.88257847
 9901.00000000   17.88251115
 9902.00000000   17.88244385
 9903.00000000   17.88237657
 9904.00000000   17.88230930
 9905.00000000   17.88224204
 9906.00000000   17.88217480
 9907.00000000   17.88210758
 9908.00000000   17.88204037
 9909.00000000   17.88197318
 9910.00000000   17.88190600
 9911.00000000   17.88183884
 9912.00000000   17.88177169
 9913.00000000   17.88170456
 9914.00000000   17.88163744
 9915.00000000   17.88157034
 9916.00000000   17.88150326
 9917.00000000   17.88143619
 9918.00000000   17.88136913
 9919.00000000   17.88130209
 9920.00000000   17.88123507
 9921.00000000   17.88116806
 9922.00000000   17.88110107
 9923.00000000   17.88103409
 9924.00000000   17.88096712
 9925.00000000   17.88090018
 9926.00000000   17.88083324
 9927.00000000   17.88076633
 9928.00000000   17.88069943
 9929.00000000   17.88063254
 9930.00000000   17.88056567
 9931.00000000   17.88049881
 9932.00000000   17.88043197
 9933.00000000   17.88036515
 9934.00000000   17.88029834
 9935.00000000   17.88023154
 9936.00000000   17.88016476
 9937.00000000   17.88009800
 9938.00000000   17.88003125
 9939.00000000   17.87996452
 9940.00000000   17.87989780
 9941.00000000   17.87983110
 9942.00000000   17.87976441
 9943.00000000   17.87969773
 9944.00000000   17.87963108
 9945.00000000   17.87956443
 9946.00000000   17.87949781
 9947.00000000   17.87943120
 9948.00000000   17.87936460
 9949.00000000   17.87929802
 9950.00000000   17.87923145
 9951.00000000   17.87916490
 9952.00000000   17.87909836
 9953.00000000   17.87903184
 9954.00000000   17.87896534
 9955.00000000   17.87889885
 9956.00000000   17.87883237
 9957.00000000   17.87876591
 9958.00000000   17.87869947
 9959.00000000   17.87863304
 9960.00000000   17.87856662
 9961.00000000   17.87850022
 9962.00000000   17.87843384
 9963.00000000   17.87836747
 9964.00000000   17.87830111
 9965.00000000   17.87823478
 9966.00000000   17.87816845
 9967.00000000   17.87810214
 9968.00000000   17.87803585
 9969.00000000   17.87796957
 9970.00000000   17.87790331
 9971.00000000   17.87783706
 9972.00000000   17.87777083
 9973.00000000   17.87770461
 9974.00000000   17.87763840
 9975.00000000   17.87757222
 9976.00000000   17.87750604
 9977.00000000   17.87743988
 9978.00000000   17.87737374
 9979.00000000   17.87730761
 9980.00000000   17.87724150
 9981.00000000   17.87717540
 9982.00000000   17.87710932
 9983.00000000   17.87704325
 9984.00000000   17.87697720
 9985.00000000   17.87691116
 9986.00000000   17.87684514
 9987.00000000   17.87677913
 9988.00000000   17.87671314
 9989.00000000   17.87664716
 9990.00000000   17.87658120
 9991.00000000   17.87651525
 9992.00000000   17.87644932
 9993.00000000   17.87638340
 9994.00000000   17.87631750
 9995.00000000   17.87625161
 9996.00000000   17.87618574
 9997.00000000   17.87611988
 9998.00000000   17.87605404
 9999.00000000   17.87598821
 10000.00000000   17.87592240
